quant_rank,code,stock_name,industry,industry_source,industry_update_date,latest_trade_date,latest_close,price_percentile_5y,price_percentile_1y,distance_from_52w_low_pct,ma20,ma60,ma120,ma250,ma20_slope_pct,ma60_slope_pct,trend_confirmation_level,atr14,relative_strength_20d,relative_strength_60d,avg_turnover_20d,quant_score,quant_status,hard_blockers,soft_blockers,rejection_reasons
1,002739,儒意电影,R87广播、电视、电影和录音制作业,baostock.query_stock_industry,2026-07-06,2026-07-10,10.43,0.1128,0.356,30.8657,9.03,9.31,10.07,10.8,3.7861,0.0107,MEDIUM,0.66,26.0396,0.8135,766563018.95,80.8853,PRIORITY_RESEARCH,,,
2,002129,TCL中环,C38电气机械和器材制造业,baostock.query_stock_industry,2026-07-06,2026-07-10,10.66,0.3888,0.928,40.448,10.66,9.71,9.65,9.2,2.4074,1.8559,STRONG,0.82,3.9211,16.0182,3793434970.5,76.6939,PRIORITY_RESEARCH,,,
3,002841,视源股份,C39计算机、通信和其他电子设备制造业,baostock.query_stock_industry,2026-07-06,2026-07-10,52.45,0.5456,1.0,62.9388,37.66,37.31,37.25,37.86,8.9331,3.0711,STRONG,2.74,56.6711,49.4688,516839874.95,72.9,PRIORITY_RESEARCH,,,
4,002049,紫光国微,C39计算机、通信和其他电子设备制造业,baostock.query_stock_industry,2026-07-06,2026-07-10,85.83,0.5136,0.928,38.6591,82.49,78.61,77.41,76.5,3.6704,1.7016,STRONG,5.3,18.8656,17.7094,3990795234.35,71.5575,PRIORITY_RESEARCH,,,
5,000810,创维数字,C39计算机、通信和其他电子设备制造业,baostock.query_stock_industry,2026-07-06,2026-07-10,12.84,0.56,0.808,27.8884,12.21,12.14,11.85,12.14,2.7733,0.2063,STRONG,0.81,26.5776,3.8293,404844725.05,69.6634,PRIORITY_RESEARCH,,,
6,002415,海康威视,C39计算机、通信和其他电子设备制造业,baostock.query_stock_industry,2026-07-06,2026-07-10,34.45,0.648,0.956,25.5924,33.23,32.99,32.21,31.19,3.015,0.7985,STRONG,1.74,13.5991,1.0793,3370829552.25,69.3678,PRIORITY_RESEARCH,,,
7,002180,奔图科技,C39计算机、通信和其他电子设备制造业,baostock.query_stock_industry,2026-07-06,2026-07-10,16.54,0.0288,0.144,25.0189,15.23,16.62,18.19,20.27,2.1767,-0.1801,WEAK,0.93,13.3909,-5.7464,476245977.0,68.7373,PRIORITY_RESEARCH,,,
8,000818,航锦科技,C26化学原料和化学制品制造业,baostock.query_stock_industry,2026-07-06,2026-07-10,14.23,0.02,0.092,16.2582,13.8,14.77,18.17,20.16,3.1083,-0.5342,WEAK,1.31,13.3547,-10.1329,640441968.05,68.7222,PRIORITY_RESEARCH,,,
9,002714,牧原股份,A03畜牧业,baostock.query_stock_industry,2026-07-06,2026-07-10,38.14,0.1136,0.12,17.8616,35.52,39.08,42.71,46.36,2.48,-1.2446,WEAK,1.86,10.3402,-18.0856,2632285521.9,67.6255,PRIORITY_RESEARCH,,,
10,002311,海大集团,C13农副食品加工业,baostock.query_stock_industry,2026-07-06,2026-07-10,44.91,0.1544,0.076,9.0049,44.15,45.9,49.41,54.04,0.9201,-0.6684,WEAK,1.84,-1.2886,-11.0269,484757611.7,66.8343,PRIORITY_RESEARCH,,,
11,000661,长春高新,C27医药制造业,baostock.query_stock_industry,2026-07-06,2026-07-10,69.5,0.02,0.1,10.6688,66.43,75.76,83.76,96.14,0.3869,-1.9795,WEAK,3.78,6.7426,-23.0044,657379462.85,66.7738,PRIORITY_RESEARCH,,,
12,002038,双鹭药业,C27医药制造业,baostock.query_stock_industry,2026-07-06,2026-07-10,6.38,0.0536,0.232,26.839,5.72,6.19,6.57,7.15,3.2089,-2.0453,WEAK,0.64,18.8398,-15.6994,327573348.9,66.3382,PRIORITY_RESEARCH,,,
13,000963,华东医药,F52零售业,baostock.query_stock_industry,2026-07-06,2026-07-10,29.38,0.0712,0.12,11.2457,28.77,30.62,33.41,37.84,0.8819,-1.7295,WEAK,1.49,-0.4526,-20.3227,654719663.75,66.3225,PRIORITY_RESEARCH,,,
14,000021,深科技,C39计算机、通信和其他电子设备制造业,baostock.query_stock_industry,2026-07-06,2026-07-10,57.91,0.9976,0.988,221.5436,51.18,39.98,34.93,28.76,8.9363,5.9529,STRONG,5.52,46.8723,100.5574,10547289251.1,66.1,HARD_REJECT,price_too_high,,price_too_high
15,000551,创元科技,C35专用设备制造业,baostock.query_stock_industry,2026-07-06,2026-07-10,18.65,0.9944,0.972,77.113,17.85,16.48,15.48,13.51,5.6618,2.5966,STRONG,1.65,23.1054,26.9043,729064700.2,66.1,HARD_REJECT,price_too_high,,price_too_high
16,000725,京东方Ａ,C39计算机、通信和其他电子设备制造业,baostock.query_stock_industry,2026-07-06,2026-07-10,7.59,0.9928,0.964,98.6911,7.43,5.66,4.96,4.5,5.4006,5.8248,STRONG,0.72,28.8778,83.9037,28112160784.15,66.1,HARD_REJECT,price_too_high,,price_too_high
17,000811,冰轮环境,C34通用设备制造业,baostock.query_stock_industry,2026-07-06,2026-07-10,53.47,0.996,0.98,429.4059,47.49,34.9,26.43,19.93,13.0562,9.0476,STRONG,5.32,68.9758,183.0394,2541483514.0,66.1,HARD_REJECT,price_too_high,,price_too_high
18,002137,实益达,C38电气机械和器材制造业,baostock.query_stock_industry,2026-07-06,2026-07-10,12.02,0.9984,0.996,55.2972,10.74,9.48,9.18,8.99,2.9962,3.0822,STRONG,0.94,19.9808,41.44,954934347.5,66.1,HARD_REJECT,price_too_high,,price_too_high
19,002141,贤丰控股,C38电气机械和器材制造业,baostock.query_stock_industry,2026-07-06,2026-07-10,5.15,0.856,0.968,69.967,4.88,4.01,3.96,3.94,12.8279,3.8251,STRONG,0.55,50.1597,31.8096,848437789.6,66.1,HARD_REJECT,price_too_high,,price_too_high
20,002156,通富微电,C39计算机、通信和其他电子设备制造业,baostock.query_stock_industry,2026-07-06,2026-07-10,70.95,0.9912,0.956,184.8254,68.93,61.98,54.52,44.03,2.0778,3.3823,STRONG,6.02,16.762,50.9879,10917700405.8,66.1,HARD_REJECT,price_too_high,,price_too_high
21,002158,汉钟精机,C34通用设备制造业,baostock.query_stock_industry,2026-07-06,2026-07-10,36.89,0.9992,0.996,116.3636,34.06,30.89,27.89,25.3,5.8373,3.2857,STRONG,3.07,35.1671,47.6272,803100842.75,66.1,HARD_REJECT,price_too_high,,price_too_high
22,002174,游族网络,I64互联网和相关服务,baostock.query_stock_industry,2026-07-06,2026-07-10,12.74,0.7392,0.76,41.8708,12.12,11.19,11.1,12.12,3.6556,2.0726,STRONG,0.75,26.9872,28.1365,576437225.8,66.1,PRIORITY_RESEARCH,,,
23,002185,华天科技,C39计算机、通信和其他电子设备制造业,baostock.query_stock_industry,2026-07-06,2026-07-10,25.31,1.0,1.0,188.9269,20.7,17.12,15.25,12.96,6.7296,5.3465,STRONG,2.1,49.7936,100.3397,10101310560.45,66.1,HARD_REJECT,price_too_high,,price_too_high
24,002208,合肥城建,K70房地产业,baostock.query_stock_industry,2026-07-06,2026-07-10,19.43,0.992,0.96,199.3837,17.9,16.89,15.52,12.35,3.7834,3.3644,STRONG,1.6,23.2404,56.5439,1600155514.9,66.1,HARD_REJECT,price_too_high,,price_too_high
25,002317,众生药业,C27医药制造业,baostock.query_stock_industry,2026-07-06,2026-07-10,29.54,0.972,1.0,97.592,24.66,22.35,20.8,20.38,5.9945,3.4683,STRONG,2.1,28.4782,56.2844,1285660848.7,66.1,HARD_REJECT,price_too_high,,price_too_high
26,002354,天娱数科,I64互联网和相关服务,baostock.query_stock_industry,2026-07-06,2026-07-10,8.54,0.9912,0.964,57.8558,8.44,7.16,6.91,6.9,1.7365,3.2214,STRONG,0.85,5.7067,46.7167,3628281793.05,66.1,HARD_REJECT,price_too_high,,price_too_high
27,002364,中恒电气,C38电气机械和器材制造业,baostock.query_stock_industry,2026-07-06,2026-07-10,56.05,0.9968,0.984,284.1672,52.69,49.68,40.72,31.79,0.5074,3.6028,STRONG,4.82,13.147,40.6607,2490329094.1,66.1,HARD_REJECT,price_too_high,,price_too_high
28,002371,北方华创,C35专用设备制造业,baostock.query_stock_industry,2026-07-06,2026-07-10,801.0,0.992,0.96,151.4124,787.52,643.74,558.4,474.88,6.9886,4.8353,STRONG,64.7,24.3362,65.09,10554273919.35,66.1,HARD_REJECT,price_too_high,,price_too_high
29,002409,雅克科技,C26化学原料和化学制品制造业,baostock.query_stock_industry,2026-07-06,2026-07-10,207.17,0.996,0.98,292.2931,181.57,129.14,109.1,87.1,11.9993,7.8033,STRONG,19.22,52.3647,137.7004,7215936997.6,66.1,HARD_REJECT,price_too_high,,price_too_high
30,002457,青龙管业,C30非金属矿物制品业,baostock.query_stock_industry,2026-07-06,2026-07-10,15.76,1.0,1.0,50.8134,13.44,12.39,12.24,11.9,5.2972,2.8664,STRONG,0.99,32.5889,38.7088,594236371.1,66.1,HARD_REJECT,price_too_high,,price_too_high
31,002536,飞龙股份,C36汽车制造业,baostock.query_stock_industry,2026-07-06,2026-07-10,52.84,0.9984,0.992,257.5101,48.13,43.31,37.18,29.97,6.9619,4.1039,STRONG,4.24,29.2873,47.3617,2271315414.55,66.1,HARD_REJECT,price_too_high,,price_too_high
32,002674,兴业科技,C19皮革、毛皮、羽毛及其制品和制鞋业,baostock.query_stock_industry,2026-07-06,2026-07-10,30.8,0.9984,0.992,214.2857,24.6,17.71,15.79,14.42,16.0949,8.2134,STRONG,3.47,93.5025,125.5886,601728809.85,66.1,HARD_REJECT,price_too_high,,price_too_high
33,002745,木林森,C38电气机械和器材制造业,baostock.query_stock_industry,2026-07-06,2026-07-10,12.84,0.844,1.0,62.7376,11.76,10.33,9.73,9.33,5.7147,3.0394,STRONG,0.95,37.8007,47.6989,1232494393.95,66.1,HARD_REJECT,price_too_high,,price_too_high
34,002747,埃斯顿,C34通用设备制造业,baostock.query_stock_industry,2026-07-06,2026-07-10,42.78,0.9968,0.984,120.857,38.74,30.08,26.41,24.63,7.1372,7.2753,STRONG,3.74,26.965,102.9342,4518110837.2,66.1,HARD_REJECT,price_too_high,,price_too_high
35,002821,凯莱英,C27医药制造业,baostock.query_stock_industry,2026-07-06,2026-07-10,165.41,0.7392,0.992,91.4025,144.37,127.89,115.53,108.08,8.4164,2.5337,STRONG,14.67,44.2837,32.3139,1925107016.75,66.1,PRIORITY_RESEARCH,,,
36,002851,麦格米特,C38电气机械和器材制造业,baostock.query_stock_industry,2026-07-06,2026-07-10,161.79,0.9936,0.968,238.9692,160.9,137.7,125.37,98.08,0.7921,3.2386,STRONG,12.83,14.7425,50.4633,5845039713.65,66.1,HARD_REJECT,price_too_high,,price_too_high
37,002965,祥鑫科技,C36汽车制造业,baostock.query_stock_industry,2026-07-06,2026-07-10,51.41,0.824,0.98,85.5287,47.71,38.41,36.27,38.41,8.6402,5.1865,STRONG,3.94,32.083,63.8477,1029747775.15,66.1,HARD_REJECT,price_too_high,,price_too_high
38,002979,雷赛智能,C40仪器仪表制造业,baostock.query_stock_industry,2026-07-06,2026-07-10,66.01,0.9968,0.984,89.3031,58.33,53.39,46.43,44.98,6.283,4.801,STRONG,4.51,27.8419,63.5306,1072380326.45,66.1,HARD_REJECT,price_too_high,,price_too_high
39,003043,华亚智能,C33金属制品业,baostock.query_stock_industry,2026-07-06,2026-07-10,94.05,0.9856,0.972,128.0,90.82,71.03,61.69,54.43,6.8122,5.3122,STRONG,8.78,13.3703,71.1637,816943147.95,66.1,HARD_REJECT,price_too_high,,price_too_high
40,002653,海思科,C27医药制造业,baostock.query_stock_industry,2026-07-06,2026-07-10,69.33,0.9968,0.984,64.328,60.82,55.94,53.38,53.67,9.2989,1.8164,STRONG,6.62,39.5751,9.9156,885941167.45,66.0491,HARD_REJECT,price_too_high,,price_too_high
41,000876,新 希 望,C13农副食品加工业,baostock.query_stock_industry,2026-07-06,2026-07-10,7.14,0.0176,0.088,20.0,6.59,7.68,8.18,8.96,0.8726,-1.3088,WEAK,0.38,6.7073,-20.925,431033990.15,66.0283,PRIORITY_RESEARCH,,,
42,002631,德尔未来,C20木材加工和木、竹、藤、棕、草制品业,baostock.query_stock_industry,2026-07-06,2026-07-10,9.68,0.9896,0.956,106.8376,9.58,8.3,7.32,6.23,5.9858,3.0273,STRONG,0.8,23.5924,29.8242,506829520.3,66.0001,HARD_REJECT,price_too_high,,price_too_high
43,002422,科伦药业,C27医药制造业,baostock.query_stock_industry,2026-07-06,2026-07-10,44.07,0.9976,0.988,52.8616,39.92,36.04,34.3,34.64,5.4767,2.2857,STRONG,3.68,14.4192,22.679,1470532383.35,64.8098,HARD_REJECT,price_too_high,,price_too_high
44,002563,森马服饰,C18纺织服装、服饰业,baostock.query_stock_industry,2026-07-06,2026-07-10,5.54,0.3232,0.608,9.9206,5.36,5.53,5.49,5.53,0.7707,0.4572,MEDIUM,0.17,-1.491,1.2914,97076504.7,64.7498,PRIORITY_RESEARCH,,,
45,002120,韵达股份,G60邮政业,baostock.query_stock_industry,2026-07-06,2026-07-10,6.72,0.0584,0.136,8.2126,6.56,7.01,6.93,7.2,0.799,0.1285,WEAK,0.25,1.7566,-2.9232,254565915.55,64.6173,PRIORITY_RESEARCH,,,
46,002272,川润股份,C34通用设备制造业,baostock.query_stock_industry,2026-07-06,2026-07-10,23.74,0.9952,0.976,124.1737,22.66,20.98,19.21,16.99,3.3478,1.4914,STRONG,1.86,12.7689,20.3166,1379069735.0,64.4086,HARD_REJECT,price_too_high,,price_too_high
47,002077,大港股份,C39计算机、通信和其他电子设备制造业,baostock.query_stock_industry,2026-07-06,2026-07-10,19.17,0.9576,0.988,37.3209,18.3,17.35,16.96,16.3,4.1541,1.7075,STRONG,1.13,16.2965,16.4364,951655814.4,64.3733,HARD_REJECT,price_too_high,,price_too_high
48,002268,电科网安,I65软件和信息技术服务业,baostock.query_stock_industry,2026-07-06,2026-07-10,15.34,0.1168,0.144,24.7154,13.6,14.78,16.96,17.53,3.0177,-1.0544,WEAK,0.79,18.5329,-15.5577,219895120.25,64.2928,PRIORITY_RESEARCH,,,
49,001331,胜通能源,D45燃气生产和供应业,baostock.query_stock_industry,2026-07-06,2026-07-10,61.71,0.9922,0.972,539.4819,60.23,54.93,50.47,30.69,4.1306,0.9195,STRONG,7.48,21.2708,10.2428,822911320.25,64.2514,HARD_REJECT,price_too_high,,price_too_high
50,002860,星帅尔,C38电气机械和器材制造业,baostock.query_stock_industry,2026-07-06,2026-07-10,16.32,0.792,0.988,36.3409,14.8,13.82,13.66,13.73,6.8366,2.7127,STRONG,0.93,21.1197,29.0086,332775315.45,63.8055,HARD_REJECT,price_too_high,,price_too_high
51,002126,银轮股份,C36汽车制造业,baostock.query_stock_industry,2026-07-06,2026-07-10,54.5,0.9952,0.976,140.9372,50.79,50.45,47.21,40.47,2.8148,1.5415,STRONG,4.13,15.1172,10.9346,1518838098.75,63.7052,HARD_REJECT,price_too_high,,price_too_high
52,001314,亿道信息,C39计算机、通信和其他电子设备制造业,baostock.query_stock_industry,2026-07-06,2026-07-10,61.24,0.9841,0.992,58.7351,58.24,54.68,50.02,48.87,2.3739,2.7214,STRONG,3.92,18.0653,39.9321,325322436.3,63.6887,HARD_REJECT,price_too_high,,price_too_high
53,003004,声迅股份,I65软件和信息技术服务业,baostock.query_stock_industry,2026-07-06,2026-07-10,83.01,0.9992,0.996,362.709,73.37,54.6,41.67,30.51,5.3078,8.5669,STRONG,6.14,28.0083,176.238,324813998.05,63.6806,HARD_REJECT,price_too_high,,price_too_high
54,002132,恒星科技,C33金属制品业,baostock.query_stock_industry,2026-07-06,2026-07-10,5.44,0.856,0.916,62.3881,5.43,5.25,4.56,4.15,0.3327,2.6276,STRONG,0.5,0.5618,24.7824,654728201.05,63.6344,HARD_REJECT,price_too_high,,price_too_high
55,002603,以岭药业,C27医药制造业,baostock.query_stock_industry,2026-07-06,2026-07-10,15.51,0.1432,0.144,9.3794,15.34,16.03,16.67,16.81,0.232,-0.6691,WEAK,0.64,0.5276,-11.0,248294278.05,63.5603,PRIORITY_RESEARCH,,,
56,002266,浙富控股,N77生态保护和环境治理业,baostock.query_stock_industry,2026-07-06,2026-07-10,5.21,0.8416,0.9,68.0645,5.1,5.07,4.86,4.4,3.3242,1.8463,STRONG,0.31,10.2523,13.7068,714383924.15,63.4959,HARD_REJECT,price_too_high,,price_too_high
57,002223,鱼跃医疗,C35专用设备制造业,baostock.query_stock_industry,2026-07-06,2026-07-10,26.02,0.06,0.076,5.2589,25.77,27.84,32.71,34.72,0.5246,-1.9594,WEAK,0.9,1.4537,-23.9512,303320748.85,63.3787,PRIORITY_RESEARCH,,,
58,002123,梦网科技,I65软件和信息技术服务业,baostock.query_stock_industry,2026-07-06,2026-07-10,8.66,0.1264,0.12,20.9497,7.83,8.8,10.15,11.81,2.145,-1.4498,WEAK,0.46,15.8745,-18.0066,198318609.15,63.2664,PRIORITY_RESEARCH,,,
59,000567,海德股份,J69其他金融业,baostock.query_stock_industry,2026-07-06,2026-07-10,5.97,0.1688,0.328,18.4524,5.95,5.98,5.82,6.31,1.5788,1.0866,WEAK,0.27,7.2346,5.3089,141982969.2,63.1007,PRIORITY_RESEARCH,,,
60,002025,航天电器,C39计算机、通信和其他电子设备制造业,baostock.query_stock_industry,2026-07-06,2026-07-10,79.29,0.9752,0.96,95.9713,73.98,72.35,65.09,56.29,8.6073,1.4473,STRONG,7.38,18.7164,-1.9389,2298063556.6,62.7777,HARD_REJECT,price_too_high,,price_too_high
61,002472,双环传动,C36汽车制造业,baostock.query_stock_industry,2026-07-06,2026-07-10,43.55,0.9576,0.788,40.3933,42.14,41.42,41.06,40.41,0.429,1.4195,STRONG,2.68,4.7018,10.2923,2141301952.85,62.5994,HARD_REJECT,price_too_high,,price_too_high
62,001298,好上好,F51批发业,baostock.query_stock_industry,2026-07-06,2026-07-10,21.42,0.1205,0.116,8.8968,20.51,22.14,26.31,29.54,0.3964,-3.0534,WEAK,1.12,7.1448,-32.3368,263885547.25,62.3974,PRIORITY_RESEARCH,,,
63,002458,益生股份,A03畜牧业,baostock.query_stock_industry,2026-07-06,2026-07-10,8.84,0.2304,0.432,13.7709,8.4,9.23,9.37,9.05,2.5328,-0.7225,WEAK,0.57,9.1891,-14.9601,449409506.3,61.9915,PRIORITY_RESEARCH,,,
64,002850,科达利,C33金属制品业,baostock.query_stock_industry,2026-07-06,2026-07-10,200.45,0.984,0.92,88.4814,196.81,194.7,180.27,162.58,3.1383,1.1171,STRONG,12.73,3.973,3.9762,1565831113.3,61.8949,HARD_REJECT,price_too_high,,price_too_high
65,000518,四环生物,C27医药制造业,baostock.query_stock_industry,2026-07-06,2026-07-10,4.06,0.9936,0.988,82.0628,3.38,3.31,3.03,2.71,4.2058,2.3675,STRONG,0.21,29.6569,32.4753,211409937.25,61.4982,HARD_REJECT,price_too_high,,price_too_high
66,000566,海南海药,C27医药制造业,baostock.query_stock_industry,2026-07-06,2026-07-10,4.95,0.6272,0.152,33.4232,4.72,4.67,5.36,5.99,8.8751,0.1,MEDIUM,0.62,29.296,-12.083,708800608.9,61.2213,PRIORITY_RESEARCH,,,
67,000756,新华制药,C27医药制造业,baostock.query_stock_industry,2026-07-06,2026-07-10,14.36,0.2584,0.18,20.1674,13.48,13.79,14.68,15.56,3.3938,-0.3552,WEAK,1.06,16.4906,-6.2793,275341755.15,61.0542,PRIORITY_RESEARCH,,,
68,000301,东方盛虹,C26化学原料和化学制品制造业,baostock.query_stock_industry,2026-07-06,2026-07-10,12.55,0.5888,0.84,50.2994,12.17,12.32,12.09,10.74,2.4404,0.9902,MEDIUM,0.81,6.7856,8.0214,478469362.45,60.578,PRIORITY_RESEARCH,,,
69,002675,东诚药业,C27医药制造业,baostock.query_stock_industry,2026-07-06,2026-07-10,12.83,0.1856,0.18,4.8203,12.66,12.92,13.3,14.37,0.4681,-0.8912,WEAK,0.49,2.9133,-11.7314,123335642.8,60.2953,PRIORITY_RESEARCH,,,
70,002100,天康生物,C13农副食品加工业,baostock.query_stock_industry,2026-07-06,2026-07-10,6.45,0.1464,0.18,10.6346,6.27,6.94,7.12,7.09,0.7711,-1.4731,WEAK,0.29,0.9078,-21.208,156645782.65,60.2905,PRIORITY_RESEARCH,,,
71,002861,瀛通通讯,C39计算机、通信和其他电子设备制造业,baostock.query_stock_industry,2026-07-06,2026-07-10,21.15,0.9888,0.944,48.7342,20.88,18.58,18.45,18.07,4.7766,2.8237,STRONG,1.24,15.54,26.8512,174002812.3,59.7725,HARD_REJECT,price_too_high,,price_too_high
72,002774,快意电梯,C34通用设备制造业,baostock.query_stock_industry,2026-07-06,2026-07-10,15.9,1.0,1.0,85.5309,13.61,12.55,11.88,10.98,6.5171,2.762,STRONG,1.1,46.1845,43.0616,145641480.95,59.6686,HARD_REJECT,price_too_high,,price_too_high
73,002329,皇氏集团,C14食品制造业,baostock.query_stock_industry,2026-07-06,2026-07-10,3.25,0.1104,0.076,22.6415,2.99,3.8,3.85,3.84,-0.1836,-1.6398,WEAK,0.19,3.5278,-29.7211,151527002.0,59.5403,PRIORITY_RESEARCH,,,
74,002127,南极电商,L72商务服务业,baostock.query_stock_industry,2026-07-06,2026-07-10,2.82,0.1032,0.188,7.6336,2.72,2.91,3.0,3.33,-0.0734,-0.0114,WEAK,0.12,2.7482,-4.4338,86749801.55,59.3959,PRIORITY_RESEARCH,,,
75,002838,道恩股份,C29橡胶和塑料制品业,baostock.query_stock_industry,2026-07-06,2026-07-10,33.46,0.9808,0.904,87.1365,33.25,32.89,30.01,26.93,0.3835,1.4922,STRONG,2.06,1.1073,16.93,261122334.6,59.3668,HARD_REJECT,price_too_high,,price_too_high
76,002668,TCL智家,C38电气机械和器材制造业,baostock.query_stock_industry,2026-07-06,2026-07-10,10.48,0.8256,0.736,21.5777,10.44,9.86,9.76,10.07,3.2269,1.2773,STRONG,0.53,9.3544,8.8635,257449628.15,59.3129,HARD_REJECT,price_too_high,,price_too_high
77,001256,炜冈科技,C35专用设备制造业,baostock.query_stock_industry,2026-07-06,2026-07-10,27.71,0.9724,0.972,36.8395,26.95,25.25,23.94,23.16,4.6528,1.9098,STRONG,2.24,17.9745,12.9815,197439663.55,59.2531,HARD_REJECT,price_too_high,,price_too_high
78,000848,承德露露,C15酒、饮料和精制茶制造业,baostock.query_stock_industry,2026-07-06,2026-07-10,7.93,0.1136,0.108,8.4815,7.75,8.24,8.27,8.53,0.8592,-0.004,WEAK,0.22,1.9443,-8.7763,93526234.6,59.218,PRIORITY_RESEARCH,,,
79,000516,国际医学,Q84卫生,baostock.query_stock_industry,2026-07-06,2026-07-10,4.1,0.02,0.092,6.2176,4.0,4.29,4.65,4.84,0.0125,-1.5939,WEAK,0.14,4.9067,-17.753,105945691.85,59.1847,PRIORITY_RESEARCH,,,
80,000800,一汽解放,C36汽车制造业,baostock.query_stock_industry,2026-07-06,2026-07-10,6.14,0.0216,0.108,4.9573,6.12,6.36,6.59,6.83,0.807,-0.8445,WEAK,0.19,0.6825,-18.7992,117599640.7,59.1419,PRIORITY_RESEARCH,,,
81,002152,广电运通,C39计算机、通信和其他电子设备制造业,baostock.query_stock_industry,2026-07-06,2026-07-10,10.27,0.2576,0.1,12.1179,9.78,10.81,11.83,12.55,0.0819,-1.3952,WEAK,0.4,6.1159,-18.4204,280052919.3,58.8893,PRIORITY_RESEARCH,,,
82,002728,特一药业,C27医药制造业,baostock.query_stock_industry,2026-07-06,2026-07-10,9.56,0.3072,0.444,19.5,8.8,9.31,10.47,10.39,2.9056,-1.5915,WEAK,0.66,15.5595,-16.7273,223977657.75,58.8709,PRIORITY_RESEARCH,,,
83,002698,博实股份,C34通用设备制造业,baostock.query_stock_industry,2026-07-06,2026-07-10,12.49,0.2224,0.08,11.9176,12.16,13.1,14.31,15.4,0.629,-0.637,WEAK,0.72,7.2035,-14.513,251957523.1,58.8508,PRIORITY_RESEARCH,,,
84,003020,立方制药,C27医药制造业,baostock.query_stock_industry,2026-07-06,2026-07-10,18.74,0.1256,0.12,27.8308,15.77,19.14,22.34,25.43,1.7976,-3.1973,WEAK,0.97,21.0928,-26.1874,82183834.1,58.8158,PRIORITY_RESEARCH,,,
85,002737,葵花药业,C27医药制造业,baostock.query_stock_industry,2026-07-06,2026-07-10,12.53,0.036,0.18,11.7752,12.18,12.64,13.11,14.33,-0.0123,0.1465,WEAK,0.55,1.7319,-1.3062,69961720.6,58.6707,PRIORITY_RESEARCH,,,
86,000989,九芝堂,C27医药制造业,baostock.query_stock_industry,2026-07-06,2026-07-10,8.16,0.1872,0.108,7.6517,8.05,8.61,8.82,9.61,0.9785,-1.2819,WEAK,0.33,3.4388,-17.7175,97423920.15,58.6581,PRIORITY_RESEARCH,,,
87,002019,亿帆医药,C27医药制造业,baostock.query_stock_industry,2026-07-06,2026-07-10,9.87,0.012,0.056,5.5615,9.83,10.56,11.71,12.77,-0.1117,-2.2453,WEAK,0.42,-1.3109,-25.0291,122765148.45,58.5213,SECONDARY_RESEARCH,,falling_knife,falling_knife
88,002567,唐人神,C13农副食品加工业,baostock.query_stock_industry,2026-07-06,2026-07-10,3.61,0.0208,0.104,13.1661,3.42,3.77,4.03,4.41,1.3938,-1.1201,WEAK,0.16,5.8108,-16.8124,86140703.8,58.433,PRIORITY_RESEARCH,,,
89,000545,金浦钛业,C26化学原料和化学制品制造业,baostock.query_stock_industry,2026-07-06,2026-07-10,2.68,0.2864,0.22,15.5172,2.58,2.71,2.98,2.96,2.9976,-1.1776,WEAK,0.19,14.2064,-16.5649,209742075.45,58.4228,PRIORITY_RESEARCH,,,
90,002301,齐心集团,C24文教、工美、体育和娱乐用品制造业,baostock.query_stock_industry,2026-07-06,2026-07-10,8.25,0.9168,0.948,33.9286,7.79,7.61,7.57,7.31,2.9322,1.5146,STRONG,0.42,10.1756,16.3569,177198127.85,58.276,HARD_REJECT,price_too_high,,price_too_high
91,002601,龙佰集团,C26化学原料和化学制品制造业,baostock.query_stock_industry,2026-07-06,2026-07-10,16.0,0.052,0.084,14.86,16.39,16.33,18.18,18.23,2.7751,-0.7316,NONE,0.85,9.7231,-13.0574,835288364.7,58.2666,PRIORITY_RESEARCH,,trend_unconfirmed,trend_unconfirmed
92,000650,仁和药业,C27医药制造业,baostock.query_stock_industry,2026-07-06,2026-07-10,5.26,0.0208,0.076,5.4108,5.21,5.43,5.67,5.86,0.3657,-0.8882,WEAK,0.17,1.2232,-14.3653,85794026.1,58.201,PRIORITY_RESEARCH,,,
93,002867,周大生,F51批发业,baostock.query_stock_industry,2026-07-06,2026-07-10,11.86,0.088,0.084,6.3677,11.83,12.31,12.31,12.76,-0.1857,0.1586,WEAK,0.3,-2.3125,-3.6691,71517732.2,58.1238,PRIORITY_RESEARCH,,,
94,002840,华统股份,C13农副食品加工业,baostock.query_stock_industry,2026-07-06,2026-07-10,7.85,0.0104,0.052,9.0278,7.81,9.81,10.05,10.33,-0.1087,-4.0868,WEAK,0.46,-3.7953,-42.9134,172018508.85,58.1063,SECONDARY_RESEARCH,,falling_knife,falling_knife
95,002262,恩华药业,C27医药制造业,baostock.query_stock_industry,2026-07-06,2026-07-10,19.94,0.3064,0.1,9.3801,19.3,20.45,21.83,23.25,0.8253,-1.0372,WEAK,0.76,3.8025,-14.0849,222046034.75,57.9159,SECONDARY_RESEARCH,,,
96,000788,北大医药,C27医药制造业,baostock.query_stock_industry,2026-07-06,2026-07-10,5.23,0.068,0.072,8.7318,5.17,5.62,5.96,6.22,-0.1833,-2.0139,WEAK,0.24,1.8449,-19.2546,88211949.45,57.8979,SECONDARY_RESEARCH,,,
97,000668,荣丰控股,K70房地产业,baostock.query_stock_industry,2026-07-06,2026-07-10,22.22,0.9936,0.968,187.8238,21.95,19.0,16.42,12.87,1.5848,3.4498,STRONG,1.45,7.1323,45.9019,99275305.75,57.8716,HARD_REJECT,price_too_high,,price_too_high
98,002500,山西证券,J67资本市场服务,baostock.query_stock_industry,2026-07-06,2026-07-10,5.3,0.2056,0.116,7.7236,5.28,5.36,5.62,5.97,1.6766,-0.4336,WEAK,0.17,5.9766,-11.1239,195505900.55,57.7939,SECONDARY_RESEARCH,,,
99,002032,苏 泊 尔,C38电气机械和器材制造业,baostock.query_stock_industry,2026-07-06,2026-07-10,42.45,0.02,0.064,7.197,41.6,45.09,44.73,47.29,-0.0348,-0.4573,WEAK,1.28,-0.7661,-10.8903,75110948.7,57.7671,SECONDARY_RESEARCH,,,
100,000799,酒鬼酒,C15酒、饮料和精制茶制造业,baostock.query_stock_industry,2026-07-06,2026-07-10,39.66,0.036,0.04,5.2269,40.43,41.95,45.88,52.27,-1.2904,-0.7785,NONE,2.28,3.916,-12.8614,625367260.8,57.7055,SECONDARY_RESEARCH,,falling_knife;trend_unconfirmed,falling_knife;trend_unconfirmed
101,000048,京基智农,A03畜牧业,baostock.query_stock_industry,2026-07-06,2026-07-10,24.1,0.9888,1.0,92.185,20.98,16.74,17.5,16.64,7.2992,3.2741,MEDIUM,1.7,21.5856,52.0597,662540487.65,57.7,HARD_REJECT,price_too_high,,price_too_high
102,000938,紫光股份,C39计算机、通信和其他电子设备制造业,baostock.query_stock_industry,2026-07-06,2026-07-10,38.41,1.0,1.0,64.2857,29.32,29.6,27.62,26.92,7.5315,2.2193,MEDIUM,2.43,50.2079,31.579,7001190531.8,57.7,HARD_REJECT,price_too_high,,price_too_high
103,000977,浪潮信息,C39计算机、通信和其他电子设备制造业,baostock.query_stock_industry,2026-07-06,2026-07-10,89.52,1.0,1.0,81.2513,68.43,68.68,65.47,63.62,7.6904,1.763,MEDIUM,5.42,53.4609,26.5583,6956960184.0,57.7,HARD_REJECT,price_too_high,,price_too_high
104,001270,铖昌科技,C39计算机、通信和其他电子设备制造业,baostock.query_stock_industry,2026-07-06,2026-07-10,166.3,1.0,1.0,361.688,143.14,143.46,133.89,88.64,5.1821,2.6499,MEDIUM,14.28,27.1855,30.0734,1971964811.25,57.7,HARD_REJECT,price_too_high,,price_too_high
105,000050,深天马Ａ,C39计算机、通信和其他电子设备制造业,baostock.query_stock_industry,2026-07-06,2026-07-10,7.75,0.1016,0.056,5.4422,9.02,8.34,8.81,9.1,-0.1162,-0.0679,NONE,0.78,-0.1359,-10.9476,913701902.55,57.4916,SECONDARY_RESEARCH,,trend_unconfirmed,trend_unconfirmed
106,002511,中顺洁柔,C22造纸和纸制品业,baostock.query_stock_industry,2026-07-06,2026-07-10,6.98,0.1384,0.104,6.079,6.88,7.56,8.02,8.08,0.5041,-1.5556,WEAK,0.2,1.9436,-19.725,78880944.6,57.3673,SECONDARY_RESEARCH,,,
107,000012,南  玻Ａ,C30非金属矿物制品业,baostock.query_stock_industry,2026-07-06,2026-07-10,4.17,0.0184,0.092,14.5604,4.59,4.33,4.49,4.62,0.1199,-0.3107,NONE,0.34,0.895,-12.5835,493382521.0,57.1897,SECONDARY_RESEARCH,,trend_unconfirmed,trend_unconfirmed
108,000066,中国长城,C39计算机、通信和其他电子设备制造业,baostock.query_stock_industry,2026-07-06,2026-07-10,19.45,0.9792,0.928,42.1784,18.25,18.61,17.32,16.52,4.3184,1.9595,MEDIUM,1.4,22.6534,21.947,4762316416.9,57.16,HARD_REJECT,price_too_high,,price_too_high
109,002396,星网锐捷,C39计算机、通信和其他电子设备制造业,baostock.query_stock_industry,2026-07-06,2026-07-10,27.47,0.8728,0.44,57.6018,21.48,24.89,26.85,27.52,10.638,-0.0248,MEDIUM,1.78,52.4105,-7.8444,1215293555.4,57.1566,HARD_REJECT,price_too_high,,price_too_high
110,000620,盈新发展,K70房地产业,baostock.query_stock_industry,2026-07-06,2026-07-10,3.63,0.9768,0.98,128.3019,3.24,3.07,3.1,2.65,2.498,1.6124,MEDIUM,0.29,20.0938,23.8348,1374940793.15,57.0929,HARD_REJECT,price_too_high,,price_too_high
111,000576,甘化科工,C39计算机、通信和其他电子设备制造业,baostock.query_stock_industry,2026-07-06,2026-07-10,7.13,0.144,0.064,9.5238,7.1,8.04,9.25,10.02,0.233,-2.1619,WEAK,0.43,-0.3194,-30.0079,94389384.65,56.91,SECONDARY_RESEARCH,,,
112,002920,德赛西威,C39计算机、通信和其他电子设备制造业,baostock.query_stock_industry,2026-07-06,2026-07-10,88.98,0.0584,0.08,13.2061,84.82,97.29,108.2,113.08,-1.5718,-1.616,NONE,3.79,2.7837,-20.2919,821920588.1,56.8492,SECONDARY_RESEARCH,,falling_knife;trend_unconfirmed,falling_knife;trend_unconfirmed
113,000759,中百集团,F52零售业,baostock.query_stock_industry,2026-07-06,2026-07-10,6.66,0.7592,0.356,35.3659,6.27,5.75,6.19,6.95,2.2429,1.2046,MEDIUM,0.51,24.3495,16.0002,624729099.9,56.735,HARD_REJECT,price_too_high,,price_too_high
114,000001,平安银行,J66货币金融服务,baostock.query_stock_industry,2026-07-06,2026-07-10,10.45,0.1352,0.036,3.9801,10.53,10.89,10.94,11.42,-1.5198,-0.4572,NONE,0.23,-8.833,-10.0345,1181144218.1,56.7133,SECONDARY_RESEARCH,,trend_unconfirmed,trend_unconfirmed
115,002594,比亚迪,C36汽车制造业,baostock.query_stock_industry,2026-07-06,2026-07-10,90.0,0.02,0.1,15.0895,85.72,93.81,95.27,117.24,-1.0236,-1.1534,NONE,3.38,-1.0882,-18.1028,4353500681.0,56.6809,SECONDARY_RESEARCH,,falling_knife;trend_unconfirmed,falling_knife;trend_unconfirmed
116,002793,罗欣药业,C27医药制造业,baostock.query_stock_industry,2026-07-06,2026-07-10,4.6,0.244,0.152,21.0526,4.19,4.64,4.76,5.07,3.0023,-0.7739,WEAK,0.29,11.4342,-11.8784,140222817.65,56.6421,SECONDARY_RESEARCH,,,
117,002236,大华股份,C39计算机、通信和其他电子设备制造业,baostock.query_stock_industry,2026-07-06,2026-07-10,17.29,0.4712,0.304,10.4792,16.47,17.36,17.94,18.23,0.7708,-0.1984,WEAK,0.63,7.8432,-6.7501,703210612.55,56.6093,SECONDARY_RESEARCH,,,
118,002349,精华制药,C27医药制造业,baostock.query_stock_industry,2026-07-06,2026-07-10,6.57,0.1496,0.092,8.0592,6.42,6.92,7.25,7.43,0.0311,-1.3687,WEAK,0.24,2.4806,-16.3641,57941897.25,56.455,SECONDARY_RESEARCH,,,
119,002439,启明星辰,I65软件和信息技术服务业,baostock.query_stock_industry,2026-07-06,2026-07-10,13.38,0.0464,0.132,7.9903,12.97,14.39,14.29,14.91,-0.6167,-0.0613,NONE,0.58,2.4905,-10.6049,397586477.65,56.417,SECONDARY_RESEARCH,,trend_unconfirmed,trend_unconfirmed
120,002044,美年健康,Q84卫生,baostock.query_stock_industry,2026-07-06,2026-07-10,4.64,0.1512,0.016,5.6948,5.03,5.42,5.98,5.62,-2.9261,-1.3447,NONE,0.25,-5.8376,-16.2208,661571762.45,56.3942,SECONDARY_RESEARCH,,trend_unconfirmed,trend_unconfirmed
121,000919,金陵药业,C27医药制造业,baostock.query_stock_industry,2026-07-06,2026-07-10,6.13,0.0328,0.072,6.0554,6.07,6.65,7.11,7.15,-0.1892,-2.5455,WEAK,0.23,0.1792,-19.882,65382008.15,56.372,SECONDARY_RESEARCH,,,
122,000739,普洛药业,C27医药制造业,baostock.query_stock_industry,2026-07-06,2026-07-10,18.0,0.5728,0.816,27.2085,17.05,17.2,17.59,16.69,3.5223,0.1203,MEDIUM,0.84,15.4964,-1.5178,206512412.8,56.179,SECONDARY_RESEARCH,,,
123,000651,格力电器,C38电气机械和器材制造业,baostock.query_stock_industry,2026-07-06,2026-07-10,38.25,0.4768,0.224,4.1667,37.74,38.4,38.45,40.68,0.1699,0.2384,WEAK,0.79,-1.9602,-1.5005,1880311853.6,56.1539,SECONDARY_RESEARCH,,,
124,000768,中航西飞,C37铁路、船舶、航空航天和其他运输设备制造业,baostock.query_stock_industry,2026-07-06,2026-07-10,20.49,0.0392,0.056,2.9131,20.65,22.25,25.12,25.73,-0.2247,-1.5104,NONE,0.6,-2.7064,-21.979,614152642.55,56.1315,SECONDARY_RESEARCH,,falling_knife;trend_unconfirmed,falling_knife;trend_unconfirmed
125,002352,顺丰控股,G60邮政业,baostock.query_stock_industry,2026-07-06,2026-07-10,32.03,0.008,0.04,3.926,32.12,34.75,36.28,39.44,-1.5917,-1.2008,NONE,0.84,-8.0105,-17.7959,835235301.5,56.0194,SECONDARY_RESEARCH,,falling_knife;trend_unconfirmed,falling_knife;trend_unconfirmed
126,000538,云南白药,C27医药制造业,baostock.query_stock_industry,2026-07-06,2026-07-10,48.82,0.0336,0.068,3.8723,48.59,50.74,53.46,55.19,-0.4752,-1.0665,NONE,1.2,-4.7332,-15.2322,459284720.25,55.986,SECONDARY_RESEARCH,,trend_unconfirmed,trend_unconfirmed
127,000983,山西焦煤,B06煤炭开采和洗选业,baostock.query_stock_industry,2026-07-06,2026-07-10,6.12,0.012,0.028,5.5172,6.35,6.67,6.84,6.94,-4.5581,-0.3608,NONE,0.24,-15.9552,-10.2799,553252412.35,55.9765,SECONDARY_RESEARCH,,trend_unconfirmed,trend_unconfirmed
128,002061,浙江交科,E48土木工程建筑业,baostock.query_stock_industry,2026-07-06,2026-07-10,3.51,0.0288,0.06,6.3636,3.49,3.67,3.86,4.0,0.1005,-0.8245,WEAK,0.1,-3.2662,-13.9698,55457799.75,55.9425,SECONDARY_RESEARCH,,,
129,002399,海普瑞,C27医药制造业,baostock.query_stock_industry,2026-07-06,2026-07-10,9.54,0.0952,0.092,10.289,9.21,10.0,10.88,11.67,0.0109,-1.5532,WEAK,0.45,1.0496,-18.4103,53356629.15,55.7755,SECONDARY_RESEARCH,,,
130,000970,中科三环,C39计算机、通信和其他电子设备制造业,baostock.query_stock_industry,2026-07-06,2026-07-10,15.52,0.9472,0.964,40.8348,14.97,13.07,13.25,13.43,4.4484,2.4077,MEDIUM,1.2,9.3092,21.4381,1755788235.45,55.7747,HARD_REJECT,price_too_high,,price_too_high
131,002555,三七互娱,I64互联网和相关服务,baostock.query_stock_industry,2026-07-06,2026-07-10,19.18,0.416,0.248,16.3129,18.56,19.99,22.31,21.21,0.5636,-1.3861,WEAK,0.94,7.6045,-16.9737,921059968.6,55.5631,SECONDARY_RESEARCH,,,
132,000597,东北制药,C27医药制造业,baostock.query_stock_industry,2026-07-06,2026-07-10,4.51,0.0912,0.096,7.381,4.44,4.72,5.0,5.32,0.3846,-1.5458,WEAK,0.2,-0.6412,-19.1786,52453245.85,55.4618,SECONDARY_RESEARCH,,,
133,002321,华英农业,A03畜牧业,baostock.query_stock_industry,2026-07-06,2026-07-10,1.88,0.1288,0.104,13.253,1.77,1.95,2.13,2.43,-0.141,-1.2689,WEAK,0.08,1.9858,-21.6144,51095938.15,55.3774,SECONDARY_RESEARCH,,falling_knife,falling_knife
134,002481,双塔食品,C14食品制造业,baostock.query_stock_industry,2026-07-06,2026-07-10,4.0,0.0448,0.076,5.8201,3.94,4.19,4.54,5.09,-0.1772,-1.0468,WEAK,0.14,-1.0602,-15.3469,46866008.85,55.3639,SECONDARY_RESEARCH,,falling_knife,falling_knife
135,002251,步步高,F52零售业,baostock.query_stock_industry,2026-07-06,2026-07-10,3.49,0.1136,0.028,4.491,3.64,4.02,4.41,4.95,-6.4396,-1.5699,NONE,0.2,-11.8237,-21.1402,513859743.5,55.2762,SECONDARY_RESEARCH,,falling_knife;trend_unconfirmed,falling_knife;trend_unconfirmed
136,002234,民和股份,A03畜牧业,baostock.query_stock_industry,2026-07-06,2026-07-10,7.19,0.0192,0.092,12.1685,6.89,7.68,8.32,8.59,0.138,-1.3991,WEAK,0.3,0.6749,-20.4384,49150394.55,55.2121,SECONDARY_RESEARCH,,,
137,002701,奥瑞金,C33金属制品业,baostock.query_stock_industry,2026-07-06,2026-07-10,4.6,0.2432,0.08,7.9812,4.48,4.94,5.23,5.53,0.1676,-0.9229,WEAK,0.17,1.139,-19.2486,148591095.75,55.1542,SECONDARY_RESEARCH,,,
138,002303,美盈森,C22造纸和纸制品业,baostock.query_stock_industry,2026-07-06,2026-07-10,4.53,0.9904,0.952,47.0779,3.99,3.59,3.75,3.96,7.4802,2.1204,MEDIUM,0.31,45.7671,30.7901,311619915.5,55.0671,HARD_REJECT,price_too_high,,price_too_high
139,002287,奇正藏药,C27医药制造业,baostock.query_stock_industry,2026-07-06,2026-07-10,20.04,0.0712,0.056,7.6262,19.8,21.3,22.69,24.38,-0.0555,-1.1794,WEAK,0.78,-1.659,-17.53,46481644.4,55.0542,SECONDARY_RESEARCH,,,
140,002568,百润股份,C15酒、饮料和精制茶制造业,baostock.query_stock_industry,2026-07-06,2026-07-10,17.29,0.0672,0.14,20.9091,16.91,17.77,18.64,21.78,-3.6491,-0.2648,NONE,0.87,-13.9435,-3.5586,365337386.05,55.0384,SECONDARY_RESEARCH,,falling_knife;trend_unconfirmed,falling_knife;trend_unconfirmed
141,000002,万  科Ａ,K70房地产业,baostock.query_stock_industry,2026-07-06,2026-07-10,3.11,0.0144,0.072,5.4237,3.05,3.46,4.02,5.15,-1.0219,-2.0219,NONE,0.12,-1.6314,-24.8941,430852926.5,54.9953,SECONDARY_RESEARCH,,falling_knife;trend_unconfirmed,falling_knife;trend_unconfirmed
142,001201,东瑞股份,A03畜牧业,baostock.query_stock_industry,2026-07-06,2026-07-10,11.75,0.0232,0.116,12.7639,11.11,12.05,13.24,14.73,1.0822,-0.91,WEAK,0.46,5.1203,-13.4895,33572753.25,54.9548,SECONDARY_RESEARCH,,,
143,000959,首钢股份,C31黑色金属冶炼和压延加工业,baostock.query_stock_industry,2026-07-06,2026-07-10,3.4,0.2424,0.096,8.6262,3.39,3.84,4.56,4.36,1.0599,-2.7106,WEAK,0.17,5.2722,-33.4525,175350523.55,54.9533,SECONDARY_RESEARCH,,,
144,000568,泸州老窖,C15酒、饮料和精制茶制造业,baostock.query_stock_industry,2026-07-06,2026-07-10,78.18,0.0088,0.044,4.3652,78.87,89.16,100.04,114.99,-2.6446,-2.414,NONE,2.85,-9.8509,-28.1085,1075959038.95,54.8041,SECONDARY_RESEARCH,,falling_knife;trend_unconfirmed,falling_knife;trend_unconfirmed
145,002027,分众传媒,L72商务服务业,baostock.query_stock_industry,2026-07-06,2026-07-10,4.81,0.0048,0.016,1.4768,4.96,5.57,6.29,7.02,-2.2542,-2.1386,NONE,0.18,-11.236,-27.1026,939418477.25,54.7661,SECONDARY_RESEARCH,,falling_knife;trend_unconfirmed,falling_knife;trend_unconfirmed
146,002884,凌霄泵业,C34通用设备制造业,baostock.query_stock_industry,2026-07-06,2026-07-10,16.15,0.1856,0.128,6.8829,15.75,17.07,17.55,17.34,0.0,-1.0483,WEAK,0.42,0.0702,-14.4115,37464253.4,54.7413,SECONDARY_RESEARCH,,,
147,000931,中 关 村,C27医药制造业,baostock.query_stock_industry,2026-07-06,2026-07-10,4.25,0.1048,0.1,5.985,4.19,4.45,4.8,5.07,0.564,-2.0648,WEAK,0.2,4.6742,-24.0935,42284817.55,54.6743,SECONDARY_RESEARCH,,,
148,000738,航发控制,C37铁路、船舶、航空航天和其他运输设备制造业,baostock.query_stock_industry,2026-07-06,2026-07-10,17.96,0.048,0.032,3.9954,18.32,19.91,22.12,20.99,-0.8632,-1.3654,NONE,0.78,-2.521,-19.4361,369510712.3,54.6519,SECONDARY_RESEARCH,,trend_unconfirmed,trend_unconfirmed
149,000625,长安汽车,C36汽车制造业,baostock.query_stock_industry,2026-07-06,2026-07-10,7.11,0.0056,0.028,3.6443,7.22,8.35,9.63,11.08,-2.102,-2.9212,NONE,0.23,-5.7464,-34.0377,635451977.4,54.6216,SECONDARY_RESEARCH,,falling_knife;trend_unconfirmed,falling_knife;trend_unconfirmed
150,002548,金新农,C13农副食品加工业,baostock.query_stock_industry,2026-07-06,2026-07-10,4.19,0.2328,0.252,19.3732,3.88,4.38,5.3,5.06,-0.0644,-2.129,WEAK,0.24,3.9655,-20.801,129225659.05,54.6139,SECONDARY_RESEARCH,,,
151,002271,东方雨虹,C30非金属矿物制品业,baostock.query_stock_industry,2026-07-06,2026-07-10,11.5,0.072,0.072,7.7788,12.06,13.77,15.05,13.75,-1.4066,-2.4636,NONE,0.56,-6.5046,-33.0052,502799070.2,54.5071,SECONDARY_RESEARCH,,trend_unconfirmed,trend_unconfirmed
152,000858,五 粮 液,C15酒、饮料和精制茶制造业,baostock.query_stock_industry,2026-07-06,2026-07-10,73.69,0.0064,0.032,3.9351,74.74,85.09,94.62,107.93,-2.4492,-2.9068,NONE,2.41,-8.9559,-32.4849,2574606477.1,54.4559,SECONDARY_RESEARCH,,falling_knife;trend_unconfirmed,falling_knife;trend_unconfirmed
153,002607,中公教育,P83教育,baostock.query_stock_industry,2026-07-06,2026-07-10,1.9,0.0512,0.036,5.5556,1.95,2.3,2.56,2.71,-0.7383,-2.1305,NONE,0.15,-9.5234,-32.7356,528896719.65,54.3741,SECONDARY_RESEARCH,,falling_knife;trend_unconfirmed,falling_knife;trend_unconfirmed
154,002889,东方嘉盛,L72商务服务业,baostock.query_stock_industry,2026-07-06,2026-07-10,11.38,0.0136,0.068,10.7004,11.09,12.23,13.35,14.59,0.5348,-1.1357,WEAK,0.48,-0.6029,-19.5084,39577243.15,54.3619,SECONDARY_RESEARCH,,,
155,002179,中航光电,C39计算机、通信和其他电子设备制造业,baostock.query_stock_industry,2026-07-06,2026-07-10,39.1,0.3424,0.692,21.1652,41.6,39.07,37.24,37.51,2.9056,1.1285,NONE,2.67,5.8124,1.9898,2450426779.85,54.2802,SECONDARY_RESEARCH,,trend_unconfirmed,trend_unconfirmed
156,002275,桂林三金,C27医药制造业,baostock.query_stock_industry,2026-07-06,2026-07-10,13.12,0.1696,0.092,8.6093,12.68,13.44,13.88,14.46,0.6029,-0.6442,WEAK,0.44,1.9962,-11.3841,27066463.0,54.1444,SECONDARY_RESEARCH,,,
157,001322,箭牌家居,C30非金属矿物制品业,baostock.query_stock_industry,2026-07-06,2026-07-10,6.19,0.0122,0.044,8.2168,6.12,6.72,7.61,8.1,0.0408,-1.3585,WEAK,0.31,-3.9838,-21.3465,41906263.1,54.0498,SECONDARY_RESEARCH,,,
158,001979,招商蛇口,K70房地产业,baostock.query_stock_industry,2026-07-06,2026-07-10,6.62,0.0072,0.036,3.5994,6.91,8.14,8.81,9.04,-5.9428,-1.4861,NONE,0.27,-21.2625,-22.8061,500315156.95,54.0251,SECONDARY_RESEARCH,,falling_knife;trend_unconfirmed,falling_knife;trend_unconfirmed
159,002986,宇新股份,C26化学原料和化学制品制造业,baostock.query_stock_industry,2026-07-06,2026-07-10,12.38,0.3128,0.644,19.9612,12.03,12.82,13.35,12.33,1.7859,-2.2004,WEAK,0.72,8.3437,-23.3066,104102751.7,53.7924,SECONDARY_RESEARCH,,,
160,001229,魅视科技,C39计算机、通信和其他电子设备制造业,baostock.query_stock_industry,2026-07-06,2026-07-10,47.56,0.9968,1.0,81.4575,33.4,35.32,36.81,36.35,8.6579,1.5354,MEDIUM,3.28,79.5256,31.2194,241668767.6,53.7707,HARD_REJECT,price_too_high,,price_too_high
161,003009,中天火箭,C37铁路、船舶、航空航天和其他运输设备制造业,baostock.query_stock_industry,2026-07-06,2026-07-10,60.64,0.8712,0.66,32.2574,59.25,58.66,62.91,58.36,0.3769,0.2115,MEDIUM,4.25,8.7236,0.6616,573843161.65,53.6385,HARD_REJECT,price_too_high,,price_too_high
162,002459,晶澳科技,C38电气机械和器材制造业,baostock.query_stock_industry,2026-07-06,2026-07-10,7.61,0.0024,0.012,1.4667,8.21,9.47,10.67,11.54,-2.5708,-2.5995,NONE,0.49,-15.8053,-36.3048,597691769.75,53.6,SECONDARY_RESEARCH,,falling_knife;trend_unconfirmed,falling_knife;trend_unconfirmed
163,002624,完美世界,I64互联网和相关服务,baostock.query_stock_industry,2026-07-06,2026-07-10,11.38,0.188,0.012,3.1732,12.07,14.75,17.0,16.49,-5.0262,-4.5756,NONE,0.84,-15.164,-46.1047,1214948906.55,53.6,SECONDARY_RESEARCH,,falling_knife;trend_unconfirmed,falling_knife;trend_unconfirmed
164,000932,华菱钢铁,C31黑色金属冶炼和压延加工业,baostock.query_stock_industry,2026-07-06,2026-07-10,3.5,0.012,0.028,2.9412,3.59,4.15,4.98,5.4,-2.2579,-3.0932,NONE,0.16,-8.2258,-36.0744,460118573.1,53.562,SECONDARY_RESEARCH,,falling_knife;trend_unconfirmed,falling_knife;trend_unconfirmed
165,002367,康力电梯,C34通用设备制造业,baostock.query_stock_industry,2026-07-06,2026-07-10,6.07,0.0824,0.1,15.8397,6.24,6.1,6.92,7.08,3.6782,-0.1064,NONE,0.4,14.3082,-10.1791,174476546.15,53.4597,SECONDARY_RESEARCH,,trend_unconfirmed,trend_unconfirmed
166,000656,金科股份,K70房地产业,baostock.query_stock_industry,2026-07-06,2026-07-10,1.31,0.1224,0.052,22.4299,1.28,1.38,1.39,1.41,-1.0062,-0.1813,NONE,0.1,-4.2955,-10.2243,253214947.05,53.455,SECONDARY_RESEARCH,,trend_unconfirmed,trend_unconfirmed
167,002468,申通快递,G60邮政业,baostock.query_stock_industry,2026-07-06,2026-07-10,16.16,0.9488,0.744,50.3256,14.82,15.43,14.61,14.99,4.5121,0.5234,MEDIUM,0.76,14.8645,0.8431,441083263.9,53.4414,HARD_REJECT,price_too_high,,price_too_high
168,002923,润都股份,C27医药制造业,baostock.query_stock_industry,2026-07-06,2026-07-10,10.67,0.2016,0.104,14.485,10.13,11.32,13.12,13.3,1.4517,-2.2923,WEAK,0.57,6.5759,-22.9212,95480143.35,53.2601,SECONDARY_RESEARCH,,,
169,002252,上海莱士,C27医药制造业,baostock.query_stock_industry,2026-07-06,2026-07-10,4.58,0.0096,0.048,6.2645,4.58,5.14,5.66,6.23,-2.707,-1.9052,NONE,0.18,-7.6503,-23.8,335632048.75,53.2046,SECONDARY_RESEARCH,,falling_knife;trend_unconfirmed,falling_knife;trend_unconfirmed
170,000895,双汇发展,C13农副食品加工业,baostock.query_stock_industry,2026-07-06,2026-07-10,23.37,0.0392,0.064,4.3304,23.13,25.43,26.15,25.92,-1.1393,-1.504,NONE,0.6,-4.6208,-22.4625,304453607.15,53.1392,SECONDARY_RESEARCH,,trend_unconfirmed,trend_unconfirmed
171,002393,力生制药,C27医药制造业,baostock.query_stock_industry,2026-07-06,2026-07-10,14.58,0.0208,0.08,5.2708,14.48,16.34,19.39,21.06,0.8708,-4.3465,WEAK,0.62,2.832,-41.5347,46279136.7,53.0861,SECONDARY_RESEARCH,,,
172,002194,武汉凡谷,C39计算机、通信和其他电子设备制造业,baostock.query_stock_industry,2026-07-06,2026-07-10,8.96,0.1344,0.016,3.2258,10.59,11.38,11.84,12.66,-7.1704,-1.2799,NONE,0.54,-22.0188,-19.9055,393320107.0,52.9798,SECONDARY_RESEARCH,,falling_knife;trend_unconfirmed,falling_knife;trend_unconfirmed
173,002333,罗普斯金,C32有色金属冶炼和压延加工业,baostock.query_stock_industry,2026-07-06,2026-07-10,4.86,0.0344,0.044,5.6522,4.84,5.2,5.54,5.59,0.0207,-0.9279,WEAK,0.16,-0.481,-16.8662,23938734.75,52.9722,SECONDARY_RESEARCH,,,
174,002613,北玻股份,C35专用设备制造业,baostock.query_stock_industry,2026-07-06,2026-07-10,3.33,0.0272,0.012,0.9091,4.12,4.25,4.09,4.04,-9.3537,-0.7196,NONE,0.27,-32.0801,-16.8022,445519401.15,52.9348,SECONDARY_RESEARCH,,trend_unconfirmed,trend_unconfirmed
175,002928,华夏航空,G56航空运输业,baostock.query_stock_industry,2026-07-06,2026-07-10,6.46,0.104,0.008,1.0955,7.09,7.59,8.72,9.31,-0.519,-1.8749,NONE,0.38,-2.8353,-27.8935,312551694.2,52.9096,SECONDARY_RESEARCH,,falling_knife;trend_unconfirmed,falling_knife;trend_unconfirmed
176,002864,盘龙药业,C27医药制造业,baostock.query_stock_industry,2026-07-06,2026-07-10,28.22,0.3264,0.096,11.6297,27.27,29.04,31.97,31.61,0.8728,-1.2732,WEAK,1.58,3.0145,-16.2463,82100077.65,52.8976,SECONDARY_RESEARCH,,,
177,000999,华润三九,C27医药制造业,baostock.query_stock_industry,2026-07-06,2026-07-10,23.76,0.0112,0.048,7.2202,23.62,24.87,26.8,28.29,-0.5746,-1.3192,NONE,0.84,-5.1165,-17.6234,264810824.9,52.8604,SECONDARY_RESEARCH,,trend_unconfirmed,trend_unconfirmed
178,000683,博源化工,C26化学原料和化学制品制造业,baostock.query_stock_industry,2026-07-06,2026-07-10,5.5,0.1256,0.068,15.304,6.13,7.38,8.0,7.16,-4.2005,-3.4823,NONE,0.28,-19.0986,-42.357,446248705.65,52.8316,SECONDARY_RESEARCH,,falling_knife;trend_unconfirmed,falling_knife;trend_unconfirmed
179,000779,甘咨询,M74专业技术服务业,baostock.query_stock_industry,2026-07-06,2026-07-10,10.6,0.7448,0.996,45.2055,8.21,8.2,8.67,8.9,5.9112,0.6361,MEDIUM,0.44,37.4326,15.8841,195731170.6,52.7143,SECONDARY_RESEARCH,,,
180,000712,锦龙股份,J67资本市场服务,baostock.query_stock_industry,2026-07-06,2026-07-10,8.56,0.0312,0.024,1.4218,8.99,9.91,10.8,12.31,0.0278,-1.4727,NONE,0.42,-0.4864,-23.0649,257365004.35,52.6343,SECONDARY_RESEARCH,,trend_unconfirmed,trend_unconfirmed
181,000733,振华科技,C39计算机、通信和其他电子设备制造业,baostock.query_stock_industry,2026-07-06,2026-07-10,47.14,0.204,0.192,10.6313,54.83,50.53,51.3,50.27,-1.3291,0.5266,NONE,4.16,-6.5571,-2.7513,2288700354.6,52.5692,SECONDARY_RESEARCH,,trend_unconfirmed,trend_unconfirmed
182,002230,科大讯飞,I65软件和信息技术服务业,baostock.query_stock_industry,2026-07-06,2026-07-10,43.19,0.2688,0.084,10.4039,41.4,45.78,49.81,50.26,-1.2689,-1.0454,NONE,1.61,4.5729,-14.0403,2146050375.95,52.5533,SECONDARY_RESEARCH,,trend_unconfirmed,trend_unconfirmed
183,001206,依依股份,C41其他制造业,baostock.query_stock_industry,2026-07-06,2026-07-10,20.07,0.4137,0.208,28.1609,18.69,18.39,21.16,24.5,5.4098,-0.5992,WEAK,1.4,26.8501,-8.6799,166212753.8,52.5262,SECONDARY_RESEARCH,,,
184,002139,拓邦股份,C38电气机械和器材制造业,baostock.query_stock_industry,2026-07-06,2026-07-10,9.82,0.144,0.06,7.9121,9.7,10.64,11.83,13.07,-0.4159,-1.7788,NONE,0.41,1.9489,-25.1763,247336174.45,52.4652,SECONDARY_RESEARCH,,falling_knife;trend_unconfirmed,falling_knife;trend_unconfirmed
185,002693,双成药业,C27医药制造业,baostock.query_stock_industry,2026-07-06,2026-07-10,10.45,0.892,0.952,60.2761,9.3,9.46,8.59,8.11,2.1353,1.7344,MEDIUM,0.77,14.8002,25.6367,223428470.05,52.419,HARD_REJECT,price_too_high,,price_too_high
186,002405,四维图新,I65软件和信息技术服务业,baostock.query_stock_industry,2026-07-06,2026-07-10,6.67,0.0544,0.044,5.873,6.79,8.23,9.3,9.09,-4.5736,-2.609,NONE,0.26,-11.1757,-30.8946,353550984.8,52.4116,SECONDARY_RESEARCH,,falling_knife;trend_unconfirmed,falling_knife;trend_unconfirmed
187,002906,华阳集团,C39计算机、通信和其他电子设备制造业,baostock.query_stock_industry,2026-07-06,2026-07-10,24.61,0.0416,0.008,2.0315,25.89,28.99,29.98,30.58,-1.7385,-1.2534,NONE,1.0,-2.9889,-24.2709,261858084.65,52.3514,SECONDARY_RESEARCH,,falling_knife;trend_unconfirmed,falling_knife;trend_unconfirmed
188,000155,川能动力,D44电力、热力生产和供应业,baostock.query_stock_industry,2026-07-06,2026-07-10,10.9,0.1944,0.304,11.1111,12.35,14.56,14.31,12.6,-3.3602,-3.0009,NONE,0.51,-17.786,-41.428,400899675.1,52.2717,SECONDARY_RESEARCH,,trend_unconfirmed,trend_unconfirmed
189,000027,深圳能源,D44电力、热力生产和供应业,baostock.query_stock_industry,2026-07-06,2026-07-10,6.02,0.0872,0.012,0.6689,6.58,7.04,7.0,6.85,-4.0403,-0.7149,NONE,0.2,-16.5221,-14.583,277870699.5,52.2693,SECONDARY_RESEARCH,,trend_unconfirmed,trend_unconfirmed
190,002541,鸿路钢构,C33金属制品业,baostock.query_stock_industry,2026-07-06,2026-07-10,19.66,0.3856,0.692,27.1669,17.6,18.71,20.28,18.95,1.3269,-0.8382,WEAK,1.05,15.2965,-9.2279,200288663.5,52.2356,SECONDARY_RESEARCH,,,
191,000786,北新建材,C30非金属矿物制品业,baostock.query_stock_industry,2026-07-06,2026-07-10,17.27,0.0016,0.008,3.4132,18.73,22.49,24.71,25.04,-5.0836,-2.9902,NONE,0.74,-19.2681,-36.8673,395218561.35,52.1973,SECONDARY_RESEARCH,,falling_knife;trend_unconfirmed,falling_knife;trend_unconfirmed
192,000571,新大洲A,B06煤炭开采和洗选业,baostock.query_stock_industry,2026-07-06,2026-07-10,6.4,0.9648,0.824,44.4695,6.21,5.82,6.18,5.7,4.8403,1.4148,MEDIUM,0.48,18.5393,11.2986,259901447.15,52.1231,HARD_REJECT,price_too_high,,price_too_high
193,000591,太阳能,D44电力、热力生产和供应业,baostock.query_stock_industry,2026-07-06,2026-07-10,4.27,0.0264,0.012,1.1848,4.63,5.25,5.44,5.0,-4.2566,-1.5238,NONE,0.15,-15.9109,-24.1706,317018972.1,52.0473,SECONDARY_RESEARCH,,trend_unconfirmed,trend_unconfirmed
194,000966,长源电力,D44电力、热力生产和供应业,baostock.query_stock_industry,2026-07-06,2026-07-10,3.78,0.0032,0.012,1.8868,4.18,4.63,4.65,4.56,-7.0134,-1.0513,NONE,0.13,-21.0561,-18.7195,311761625.75,51.9919,SECONDARY_RESEARCH,,trend_unconfirmed,trend_unconfirmed
195,002605,姚记科技,I64互联网和相关服务,baostock.query_stock_industry,2026-07-06,2026-07-10,20.41,0.3712,0.208,12.5758,18.9,19.49,21.85,24.09,1.4468,-0.4198,WEAK,0.85,11.265,-6.6847,194899044.7,51.9512,SECONDARY_RESEARCH,,,
196,002377,国创高新,C25石油、煤炭及其他燃料加工业,baostock.query_stock_industry,2026-07-06,2026-07-10,2.75,0.3456,0.056,9.127,2.71,3.06,3.21,3.14,0.3333,-1.3664,WEAK,0.14,-4.4799,-25.183,94490587.7,51.8812,SECONDARY_RESEARCH,,,
197,002385,大北农,C13农副食品加工业,baostock.query_stock_industry,2026-07-06,2026-07-10,3.0,0.0144,0.072,10.7011,2.89,3.39,3.74,3.95,-2.0999,-2.4646,NONE,0.11,-5.4642,-29.2458,276234290.3,51.8786,SECONDARY_RESEARCH,,falling_knife;trend_unconfirmed,falling_knife;trend_unconfirmed
198,000596,古井贡酒,C15酒、饮料和精制茶制造业,baostock.query_stock_industry,2026-07-06,2026-07-10,79.79,0.008,0.04,4.9868,80.64,92.84,106.39,130.29,-2.7304,-2.3191,NONE,3.38,-9.7771,-27.2376,288574243.7,51.8715,SECONDARY_RESEARCH,,falling_knife;trend_unconfirmed,falling_knife;trend_unconfirmed
199,002687,乔治白,C18纺织服装、服饰业,baostock.query_stock_industry,2026-07-06,2026-07-10,5.85,0.8072,1.0,40.625,4.92,4.77,4.89,4.84,6.3791,1.101,MEDIUM,0.4,38.6413,16.6843,163512026.85,51.8292,HARD_REJECT,price_too_high,,price_too_high
200,002145,钛能化学,C26化学原料和化学制品制造业,baostock.query_stock_industry,2026-07-06,2026-07-10,4.32,0.2272,0.156,4.6005,4.63,4.56,4.82,4.9,0.8825,-0.2552,NONE,0.24,2.2863,-9.6969,425197145.8,51.7377,SECONDARY_RESEARCH,,trend_unconfirmed,trend_unconfirmed
201,002036,联创电子,C39计算机、通信和其他电子设备制造业,baostock.query_stock_industry,2026-07-06,2026-07-10,6.76,0.0488,0.016,3.2061,7.57,8.48,9.51,10.21,-5.723,-2.3201,NONE,0.44,-16.3862,-30.4731,337206498.6,51.6879,SECONDARY_RESEARCH,,falling_knife;trend_unconfirmed,falling_knife;trend_unconfirmed
202,002124,天邦食品,A03畜牧业,baostock.query_stock_industry,2026-07-06,2026-07-10,2.31,0.052,0.068,12.6829,2.24,2.55,2.54,2.75,-0.2674,-0.2933,NONE,0.13,-3.8425,-15.2446,193728595.3,51.6546,SECONDARY_RESEARCH,,trend_unconfirmed,trend_unconfirmed
203,002304,洋河股份,C15酒、饮料和精制茶制造业,baostock.query_stock_industry,2026-07-06,2026-07-10,38.65,0.0056,0.028,2.6833,39.94,44.44,49.41,59.09,-2.7419,-2.1706,NONE,1.27,-12.1734,-27.3188,286138209.15,51.5804,SECONDARY_RESEARCH,,falling_knife;trend_unconfirmed,falling_knife;trend_unconfirmed
204,002430,杭氧股份,C35专用设备制造业,baostock.query_stock_industry,2026-07-06,2026-07-10,25.99,0.3032,0.348,34.0382,27.66,28.09,29.4,27.33,0.0959,-0.9283,NONE,1.68,-7.5519,-11.9097,959591164.3,51.5538,SECONDARY_RESEARCH,,trend_unconfirmed,trend_unconfirmed
205,002346,柘中股份,C38电气机械和器材制造业,baostock.query_stock_industry,2026-07-06,2026-07-10,21.81,0.9848,0.972,66.4885,19.86,19.51,19.89,18.28,3.3908,0.3369,MEDIUM,1.46,35.5147,9.0418,172523684.2,51.5472,HARD_REJECT,price_too_high,,price_too_high
206,002531,天顺风能,C38电气机械和器材制造业,baostock.query_stock_industry,2026-07-06,2026-07-10,7.56,0.1952,0.468,16.3077,8.59,10.5,10.1,8.58,-4.9732,-2.7967,NONE,0.49,-23.3727,-39.5967,343695662.35,51.4723,SECONDARY_RESEARCH,,trend_unconfirmed,trend_unconfirmed
207,002832,比音勒芬,C18纺织服装、服饰业,baostock.query_stock_industry,2026-07-06,2026-07-10,20.69,0.3472,0.928,38.9523,20.89,20.02,18.05,16.98,-0.0096,1.3782,NONE,1.01,0.1604,17.1291,248852129.2,51.4478,SECONDARY_RESEARCH,,trend_unconfirmed,trend_unconfirmed
208,003033,征和工业,C37铁路、船舶、航空航天和其他运输设备制造业,baostock.query_stock_industry,2026-07-06,2026-07-10,70.21,0.9728,0.864,73.3152,57.2,57.6,60.87,59.4,5.8567,1.0189,MEDIUM,3.9,37.7464,16.202,148898435.1,51.3751,HARD_REJECT,price_too_high,,price_too_high
209,000513,丽珠集团,C27医药制造业,baostock.query_stock_industry,2026-07-06,2026-07-10,30.24,0.0176,0.068,6.3665,29.97,31.23,33.11,35.75,-0.2762,-1.0002,NONE,1.03,-4.9438,-14.3533,183540709.65,51.3663,SECONDARY_RESEARCH,,trend_unconfirmed,trend_unconfirmed
210,002309,中利集团,C38电气机械和器材制造业,baostock.query_stock_industry,2026-07-06,2026-07-10,2.58,0.1944,0.016,4.0323,2.87,3.65,3.63,3.44,-6.1107,-4.8332,NONE,0.12,-19.6653,-46.4562,335445080.25,51.3468,SECONDARY_RESEARCH,,falling_knife;trend_unconfirmed,falling_knife;trend_unconfirmed
211,002455,百川股份,C26化学原料和化学制品制造业,baostock.query_stock_industry,2026-07-06,2026-07-10,6.71,0.064,0.044,2.4427,7.59,9.13,10.4,8.7,-3.6809,-5.2317,NONE,0.42,-18.0602,-49.9695,332026903.5,51.2939,SECONDARY_RESEARCH,,falling_knife;trend_unconfirmed,falling_knife;trend_unconfirmed
212,002597,金禾实业,C14食品制造业,baostock.query_stock_industry,2026-07-06,2026-07-10,19.59,0.0592,0.032,4.2576,20.72,21.56,22.74,22.21,0.0072,-1.6063,NONE,0.93,-4.4266,-21.88,206372973.65,51.2471,SECONDARY_RESEARCH,,trend_unconfirmed,trend_unconfirmed
213,003025,思进智能,C34通用设备制造业,baostock.query_stock_industry,2026-07-06,2026-07-10,13.0,0.16,0.016,3.3386,14.91,14.67,14.59,14.34,-3.8712,-0.1916,NONE,0.95,-21.4092,-9.8883,219177231.2,51.0491,SECONDARY_RESEARCH,,trend_unconfirmed,trend_unconfirmed
214,001289,龙源电力,D44电力、热力生产和供应业,baostock.query_stock_industry,2026-07-06,2026-07-10,15.66,0.0899,0.208,4.4,16.35,16.98,16.76,16.72,-3.6558,0.1976,NONE,0.75,-13.3333,-2.547,158170573.1,50.9795,SECONDARY_RESEARCH,,trend_unconfirmed,trend_unconfirmed
215,002293,罗莱生活,C17纺织业,baostock.query_stock_industry,2026-07-06,2026-07-10,10.81,0.5896,0.916,38.0587,10.39,10.45,10.26,9.61,3.1076,0.6569,MEDIUM,0.44,5.5073,2.5959,77276223.0,50.9662,SECONDARY_RESEARCH,,,
216,000034,神州数码,F51批发业,baostock.query_stock_industry,2026-07-06,2026-07-10,29.62,0.6008,0.144,33.7246,26.84,30.99,34.25,37.81,5.181,-1.5058,WEAK,1.85,32.4137,-19.7568,1624179184.65,50.9657,SECONDARY_RESEARCH,,,
217,002421,达实智能,I65软件和信息技术服务业,baostock.query_stock_industry,2026-07-06,2026-07-10,3.15,0.3168,0.516,28.5714,3.63,3.7,3.27,3.26,-13.501,1.033,NONE,0.22,-36.8937,11.3751,1358721499.45,50.9481,SECONDARY_RESEARCH,,trend_unconfirmed,trend_unconfirmed
218,002410,广联达,I65软件和信息技术服务业,baostock.query_stock_industry,2026-07-06,2026-07-10,8.43,0.0096,0.048,5.1122,8.48,9.83,11.43,12.52,-2.8029,-2.5048,NONE,0.28,-6.0566,-29.6997,230543059.0,50.8573,SECONDARY_RESEARCH,,falling_knife;trend_unconfirmed,falling_knife;trend_unconfirmed
219,002182,宝武镁业,C32有色金属冶炼和压延加工业,baostock.query_stock_industry,2026-07-06,2026-07-10,12.84,0.24,0.132,8.4459,13.93,14.92,16.52,15.19,0.7593,-1.4658,NONE,1.01,-0.605,-26.1411,544201994.8,50.8254,SECONDARY_RESEARCH,,trend_unconfirmed,trend_unconfirmed
220,003026,中晶科技,C39计算机、通信和其他电子设备制造业,baostock.query_stock_industry,2026-07-06,2026-07-10,38.87,0.5208,0.86,31.0961,38.47,41.61,37.89,35.99,3.4697,0.4551,WEAK,4.03,8.3365,2.5872,947680552.55,50.7924,SECONDARY_RESEARCH,,,
221,002212,天融信,I65软件和信息技术服务业,baostock.query_stock_industry,2026-07-06,2026-07-10,5.78,0.0912,0.036,6.4457,5.91,6.79,7.63,8.46,-2.6989,-2.1504,NONE,0.26,-5.4568,-27.3671,212938334.45,50.7519,SECONDARY_RESEARCH,,falling_knife;trend_unconfirmed,falling_knife;trend_unconfirmed
222,002191,劲嘉股份,C23印刷和记录媒介复制业,baostock.query_stock_industry,2026-07-06,2026-07-10,3.76,0.1072,0.148,7.4286,3.88,3.81,3.9,4.11,-0.9184,0.2368,NONE,0.16,-4.4037,-2.8121,122623897.3,50.6283,SECONDARY_RESEARCH,,trend_unconfirmed,trend_unconfirmed
223,000980,众泰汽车,C36汽车制造业,baostock.query_stock_industry,2026-07-06,2026-07-10,1.78,0.064,0.012,4.0936,2.04,2.34,2.61,2.87,-7.0696,-1.3379,NONE,0.11,-23.2407,-22.7824,268234210.7,50.5975,SECONDARY_RESEARCH,,falling_knife;trend_unconfirmed,falling_knife;trend_unconfirmed
224,000709,河钢股份,C31黑色金属冶炼和压延加工业,baostock.query_stock_industry,2026-07-06,2026-07-10,1.98,0.0608,0.036,2.0619,2.02,2.18,2.32,2.37,-1.8937,-1.377,NONE,0.06,-6.1186,-20.5355,177468873.65,50.4649,SECONDARY_RESEARCH,,trend_unconfirmed,trend_unconfirmed
225,000875,电投绿能,D44电力、热力生产和供应业,baostock.query_stock_industry,2026-07-06,2026-07-10,4.93,0.1584,0.016,1.232,5.32,6.21,6.61,6.07,-5.7917,-1.9219,NONE,0.18,-17.8929,-29.9625,269703458.1,50.4421,SECONDARY_RESEARCH,,falling_knife;trend_unconfirmed,falling_knife;trend_unconfirmed
226,002007,华兰生物,C27医药制造业,baostock.query_stock_industry,2026-07-06,2026-07-10,12.8,0.0096,0.048,5.6106,12.76,13.7,14.47,15.38,-0.939,-1.2195,NONE,0.47,-4.2677,-17.8302,157187179.05,50.3275,SECONDARY_RESEARCH,,trend_unconfirmed,trend_unconfirmed
227,002449,国星光电,C39计算机、通信和其他电子设备制造业,baostock.query_stock_industry,2026-07-06,2026-07-10,6.84,0.0544,0.012,1.034,7.55,7.99,8.24,8.69,-3.29,-1.1645,NONE,0.35,-8.1229,-20.5074,179602582.9,50.3261,SECONDARY_RESEARCH,,falling_knife;trend_unconfirmed,falling_knife;trend_unconfirmed
228,001313,粤海饲料,C13农副食品加工业,baostock.query_stock_industry,2026-07-06,2026-07-10,8.1,0.3871,0.764,25.1932,7.58,8.17,7.88,7.81,1.8414,0.1757,WEAK,0.48,5.6905,-3.4363,146088889.5,50.3087,SECONDARY_RESEARCH,,,
229,002985,北摩高科,C37铁路、船舶、航空航天和其他运输设备制造业,baostock.query_stock_industry,2026-07-06,2026-07-10,26.36,0.1936,0.024,4.1074,28.17,31.9,35.3,32.14,-1.6772,-2.5164,NONE,1.42,-4.6124,-32.0162,209213471.45,50.2832,SECONDARY_RESEARCH,,trend_unconfirmed,trend_unconfirmed
230,002011,盾安环境,C34通用设备制造业,baostock.query_stock_industry,2026-07-06,2026-07-10,10.2,0.1744,0.008,2.2044,10.58,11.58,12.14,12.51,-1.0109,-0.9126,NONE,0.41,-5.356,-18.7914,159537625.15,50.1946,SECONDARY_RESEARCH,,falling_knife;trend_unconfirmed,falling_knife;trend_unconfirmed
231,000778,新兴铸管,C33金属制品业,baostock.query_stock_industry,2026-07-06,2026-07-10,3.64,0.176,0.008,0.831,3.86,4.22,4.49,4.21,-2.5599,-1.6611,NONE,0.11,-10.3109,-22.8194,191157881.9,50.184,SECONDARY_RESEARCH,,trend_unconfirmed,trend_unconfirmed
232,002829,星网宇达,C37铁路、船舶、航空航天和其他运输设备制造业,baostock.query_stock_industry,2026-07-06,2026-07-10,19.5,0.1576,0.072,20.9677,18.11,21.66,24.02,24.34,-4.8902,-1.8711,NONE,1.06,1.8092,-17.9209,133123690.55,50.1274,SECONDARY_RESEARCH,,falling_knife;trend_unconfirmed,falling_knife;trend_unconfirmed
233,002340,格林美,C42废弃资源综合利用业,baostock.query_stock_industry,2026-07-06,2026-07-10,6.54,0.28,0.096,3.9746,7.01,7.86,8.3,7.88,-1.3849,-1.4031,NONE,0.33,-9.5858,-24.5803,1161971290.45,50.0834,SECONDARY_RESEARCH,,trend_unconfirmed,trend_unconfirmed
234,002557,洽洽食品,C13农副食品加工业,baostock.query_stock_industry,2026-07-06,2026-07-10,19.8,0.0112,0.056,11.236,19.21,21.19,21.91,22.04,-1.6965,-0.795,NONE,0.77,-9.0032,-13.9402,151532788.5,50.0655,SECONDARY_RESEARCH,,trend_unconfirmed,trend_unconfirmed
235,002984,森麒麟,C29橡胶和塑料制品业,baostock.query_stock_industry,2026-07-06,2026-07-10,13.58,0.0056,0.028,3.9021,13.99,15.43,17.51,18.79,-1.2455,-2.143,NONE,0.52,-4.4492,-26.5221,174897570.95,49.9614,SECONDARY_RESEARCH,,falling_knife;trend_unconfirmed,falling_knife;trend_unconfirmed
236,000802,北京文化,R87广播、电视、电影和录音制作业,baostock.query_stock_industry,2026-07-06,2026-07-10,3.82,0.0464,0.06,9.7701,3.82,4.41,4.38,4.63,-6.0979,-0.4516,NONE,0.21,-13.4948,-6.485,138861581.0,49.9419,SECONDARY_RESEARCH,,trend_unconfirmed,trend_unconfirmed
237,002153,石基信息,I65软件和信息技术服务业,baostock.query_stock_industry,2026-07-06,2026-07-10,7.74,0.1824,0.068,10.0996,7.54,8.66,10.24,10.36,-1.554,-2.0074,NONE,0.28,-1.3109,-24.3095,156072370.0,49.9407,SECONDARY_RESEARCH,,falling_knife;trend_unconfirmed,falling_knife;trend_unconfirmed
238,000555,神州信息,I65软件和信息技术服务业,baostock.query_stock_industry,2026-07-06,2026-07-10,10.14,0.1024,0.024,4.2138,10.69,12.82,14.96,15.12,-3.4601,-3.1337,NONE,0.47,-7.335,-37.1924,228576039.9,49.9371,SECONDARY_RESEARCH,,falling_knife;trend_unconfirmed,falling_knife;trend_unconfirmed
239,002936,郑州银行,J66货币金融服务,baostock.query_stock_industry,2026-07-06,2026-07-10,1.69,0.0192,0.04,2.4242,1.71,1.77,1.83,1.95,-0.9281,-0.5811,NONE,0.04,-4.7394,-11.5766,126639947.4,49.8702,SECONDARY_RESEARCH,,trend_unconfirmed,trend_unconfirmed
240,002154,报 喜 鸟,C18纺织服装、服饰业,baostock.query_stock_industry,2026-07-06,2026-07-10,3.68,0.0728,0.112,4.8433,3.8,4.0,3.94,3.96,-0.7048,0.3635,NONE,0.15,-4.7229,-2.4947,101823353.55,49.7655,SECONDARY_RESEARCH,,trend_unconfirmed,trend_unconfirmed
241,002442,龙星科技,C26化学原料和化学制品制造业,baostock.query_stock_industry,2026-07-06,2026-07-10,4.9,0.1568,0.008,0.616,5.23,5.82,6.07,6.27,-1.3492,-1.4441,NONE,0.33,-6.3496,-21.2419,156682367.1,49.7625,SECONDARY_RESEARCH,,falling_knife;trend_unconfirmed,falling_knife;trend_unconfirmed
242,002373,千方科技,I65软件和信息技术服务业,baostock.query_stock_industry,2026-07-06,2026-07-10,7.25,0.0088,0.044,4.7688,7.35,8.29,9.8,10.44,-1.3418,-2.4264,NONE,0.25,-0.8954,-28.1982,161157155.5,49.7492,SECONDARY_RESEARCH,,falling_knife;trend_unconfirmed,falling_knife;trend_unconfirmed
243,002219,新里程,Q84卫生,baostock.query_stock_industry,2026-07-06,2026-07-10,1.98,0.0664,0.08,14.4509,1.85,2.12,2.28,2.26,-3.134,-2.1768,NONE,0.09,-1.3109,-20.1784,137546667.9,49.7454,SECONDARY_RESEARCH,,trend_unconfirmed,trend_unconfirmed
244,000563,陕国投Ａ,J69其他金融业,baostock.query_stock_industry,2026-07-06,2026-07-10,2.87,0.0608,0.044,3.9855,2.88,3.06,3.29,3.46,-0.2597,-1.4293,NONE,0.08,-0.2545,-20.022,133937963.8,49.7399,SECONDARY_RESEARCH,,trend_unconfirmed,trend_unconfirmed
245,000572,海马汽车,C36汽车制造业,baostock.query_stock_industry,2026-07-06,2026-07-10,3.57,0.0888,0.012,4.6921,3.86,4.7,5.67,6.12,-4.3817,-3.6754,NONE,0.24,-14.6604,-43.1988,244951353.1,49.7389,SECONDARY_RESEARCH,,falling_knife;trend_unconfirmed,falling_knife;trend_unconfirmed
246,002368,太极股份,I65软件和信息技术服务业,baostock.query_stock_industry,2026-07-06,2026-07-10,14.44,0.0152,0.04,7.5205,15.17,16.71,19.42,22.69,-2.9428,-2.7259,NONE,0.75,-11.0044,-31.097,208704053.55,49.7237,SECONDARY_RESEARCH,,falling_knife;trend_unconfirmed,falling_knife;trend_unconfirmed
247,002092,中泰化学,C26化学原料和化学制品制造业,baostock.query_stock_industry,2026-07-06,2026-07-10,3.9,0.0672,0.032,3.4483,4.05,5.06,5.99,5.37,-2.7244,-4.4588,NONE,0.18,-11.6557,-46.656,238213506.6,49.598,SECONDARY_RESEARCH,,falling_knife;trend_unconfirmed,falling_knife;trend_unconfirmed
248,000723,美锦能源,C25石油、煤炭及其他燃料加工业,baostock.query_stock_industry,2026-07-06,2026-07-10,3.37,0.0048,0.024,2.7439,3.55,4.04,4.51,4.69,-5.1063,-2.3835,NONE,0.16,-15.3415,-30.5303,219218057.45,49.5927,SECONDARY_RESEARCH,,falling_knife;trend_unconfirmed,falling_knife;trend_unconfirmed
249,002274,华昌化工,C26化学原料和化学制品制造业,baostock.query_stock_industry,2026-07-06,2026-07-10,5.76,0.0416,0.208,24.406,5.03,5.73,6.05,6.27,-0.4846,-1.6912,NONE,0.23,9.2458,-12.8598,90289804.0,49.5816,SECONDARY_RESEARCH,,trend_unconfirmed,trend_unconfirmed
250,000955,欣龙控股,C17纺织业,baostock.query_stock_industry,2026-07-06,2026-07-10,4.26,0.1952,0.06,6.7669,4.5,4.64,5.03,5.39,1.2153,-1.1902,NONE,0.33,5.456,-19.5732,112508273.4,49.5356,SECONDARY_RESEARCH,,trend_unconfirmed,trend_unconfirmed
251,000537,绿发电力,D44电力、热力生产和供应业,baostock.query_stock_industry,2026-07-06,2026-07-10,7.13,0.0688,0.012,2.7378,7.72,9.53,9.55,9.13,-6.0884,-2.3435,NONE,0.27,-17.8214,-32.9192,234237988.35,49.5131,SECONDARY_RESEARCH,,falling_knife;trend_unconfirmed,falling_knife;trend_unconfirmed
252,000690,宝新能源,D44电力、热力生产和供应业,baostock.query_stock_industry,2026-07-06,2026-07-10,4.53,0.2256,0.284,8.1146,4.89,5.24,4.95,4.79,-3.0844,-0.1618,NONE,0.14,-13.0068,-8.2554,361690015.9,49.5104,SECONDARY_RESEARCH,,trend_unconfirmed,trend_unconfirmed
253,000830,鲁西化工,C26化学原料和化学制品制造业,baostock.query_stock_industry,2026-07-06,2026-07-10,11.74,0.3464,0.084,13.9806,12.63,14.01,15.93,14.77,-0.2644,-2.6794,NONE,0.78,-6.0959,-34.5528,531839958.0,49.4351,SECONDARY_RESEARCH,,falling_knife;trend_unconfirmed,falling_knife;trend_unconfirmed
254,000923,河钢资源,B08黑色金属矿采选业,baostock.query_stock_industry,2026-07-06,2026-07-10,13.15,0.1376,0.048,7.5225,13.18,15.62,18.76,17.74,-2.5647,-2.9854,NONE,0.57,-6.8425,-34.0753,191104984.05,49.4039,SECONDARY_RESEARCH,,falling_knife;trend_unconfirmed,falling_knife;trend_unconfirmed
255,002030,达安基因,C27医药制造业,baostock.query_stock_industry,2026-07-06,2026-07-10,5.11,0.0336,0.032,4.7131,5.21,5.9,6.09,6.32,-2.8702,-1.3132,NONE,0.22,-4.7135,-18.1162,130765098.5,49.3706,SECONDARY_RESEARCH,,falling_knife;trend_unconfirmed,falling_knife;trend_unconfirmed
256,001308,康冠科技,C39计算机、通信和其他电子设备制造业,baostock.query_stock_industry,2026-07-06,2026-07-10,19.01,0.0182,0.008,2.0397,20.38,20.72,20.85,21.82,-1.4962,-0.2775,NONE,0.98,-7.9874,-10.5572,118512688.1,49.3353,SECONDARY_RESEARCH,,trend_unconfirmed,trend_unconfirmed
257,002239,奥特佳,C36汽车制造业,baostock.query_stock_industry,2026-07-06,2026-07-10,2.42,0.0784,0.024,1.6807,2.46,2.69,2.91,3.0,-0.9654,-1.8423,NONE,0.1,-1.7224,-25.0895,140943837.95,49.3299,SECONDARY_RESEARCH,,falling_knife;trend_unconfirmed,falling_knife;trend_unconfirmed
258,002063,远光软件,I65软件和信息技术服务业,baostock.query_stock_industry,2026-07-06,2026-07-10,5.19,0.0704,0.052,5.0607,5.18,5.88,6.29,6.29,-1.5483,-1.6764,NONE,0.14,-1.5032,-22.5726,133089466.4,49.3298,SECONDARY_RESEARCH,,trend_unconfirmed,trend_unconfirmed
259,002389,航天彩虹,C37铁路、船舶、航空航天和其他运输设备制造业,baostock.query_stock_industry,2026-07-06,2026-07-10,18.41,0.2736,0.068,8.2305,18.16,20.06,22.04,22.79,-0.7053,-1.4713,NONE,0.71,0.01,-21.1683,336920063.15,49.1536,SECONDARY_RESEARCH,,falling_knife;trend_unconfirmed,falling_knife;trend_unconfirmed
260,002939,长城证券,J67资本市场服务,baostock.query_stock_industry,2026-07-06,2026-07-10,8.12,0.24,0.028,3.5714,8.39,8.69,9.12,9.84,0.8168,-0.739,NONE,0.26,2.2606,-15.9806,286937210.35,49.0718,SECONDARY_RESEARCH,,trend_unconfirmed,trend_unconfirmed
261,002408,齐翔腾达,C26化学原料和化学制品制造业,baostock.query_stock_industry,2026-07-06,2026-07-10,4.9,0.1808,0.308,6.7538,4.93,5.53,5.72,5.3,-0.5047,-2.8643,NONE,0.24,-0.6949,-34.6332,158360659.7,49.0406,SECONDARY_RESEARCH,,trend_unconfirmed,trend_unconfirmed
262,000829,天音控股,F51批发业,baostock.query_stock_industry,2026-07-06,2026-07-10,7.93,0.0672,0.056,11.8477,7.87,9.44,10.03,10.16,-4.3254,-2.5106,NONE,0.39,-11.7063,-30.3216,178455149.85,48.9548,SECONDARY_RESEARCH,,falling_knife;trend_unconfirmed,falling_knife;trend_unconfirmed
263,002312,川发龙蟒,C26化学原料和化学制品制造业,baostock.query_stock_industry,2026-07-06,2026-07-10,8.19,0.244,0.008,0.4908,9.15,9.85,10.98,11.18,0.577,-2.3053,NONE,0.58,-9.0811,-33.6472,488426659.4,48.9327,SECONDARY_RESEARCH,,trend_unconfirmed,trend_unconfirmed
264,000850,华茂股份,C17纺织业,baostock.query_stock_industry,2026-07-06,2026-07-10,3.76,0.3376,0.048,7.1225,3.74,4.15,4.85,4.76,0.1338,-2.1619,WEAK,0.18,0.0368,-28.4742,45285845.7,48.93,SECONDARY_RESEARCH,,,
265,000589,贵州轮胎,C29橡胶和塑料制品业,baostock.query_stock_industry,2026-07-06,2026-07-10,4.24,0.0304,0.032,4.4335,4.28,4.58,4.75,4.77,-1.0981,-0.5215,NONE,0.12,-6.2436,-11.8573,107368470.7,48.9207,SECONDARY_RESEARCH,,trend_unconfirmed,trend_unconfirmed
266,002930,宏川智慧,G59装卸搬运和仓储业,baostock.query_stock_industry,2026-07-06,2026-07-10,8.95,0.0024,0.012,4.4341,9.4,11.79,12.28,11.75,-0.9696,-2.9087,NONE,0.59,-4.2393,-37.1405,174511034.85,48.9097,SECONDARY_RESEARCH,,falling_knife;trend_unconfirmed,falling_knife;trend_unconfirmed
267,000400,许继电气,C38电气机械和器材制造业,baostock.query_stock_industry,2026-07-06,2026-07-10,20.29,0.2568,0.012,1.2475,21.74,24.4,27.23,25.97,-1.9661,-2.3363,NONE,0.7,-7.4192,-25.3613,396278332.55,48.8332,SECONDARY_RESEARCH,,falling_knife;trend_unconfirmed,falling_knife;trend_unconfirmed
268,002960,青鸟智控,C39计算机、通信和其他电子设备制造业,baostock.query_stock_industry,2026-07-06,2026-07-10,8.39,0.0104,0.052,4.3532,8.61,9.76,10.59,10.81,-1.1028,-3.017,NONE,0.31,-6.4014,-35.0376,170798519.15,48.7984,SECONDARY_RESEARCH,,falling_knife;trend_unconfirmed,falling_knife;trend_unconfirmed
269,000552,甘肃能化,B06煤炭开采和洗选业,baostock.query_stock_industry,2026-07-06,2026-07-10,2.39,0.0488,0.16,6.6964,2.41,2.64,2.58,2.56,-2.9962,-1.2362,NONE,0.09,-7.5854,-23.9907,138751607.75,48.7785,SECONDARY_RESEARCH,,trend_unconfirmed,trend_unconfirmed
270,000676,智度股份,L72商务服务业,baostock.query_stock_industry,2026-07-06,2026-07-10,5.33,0.044,0.048,5.1282,5.34,6.33,7.53,8.44,-2.163,-3.1896,NONE,0.24,-3.8703,-35.213,161951764.8,48.7741,SECONDARY_RESEARCH,,falling_knife;trend_unconfirmed,falling_knife;trend_unconfirmed
271,000813,德展健康,C27医药制造业,baostock.query_stock_industry,2026-07-06,2026-07-10,3.23,0.3584,0.104,11.3793,3.1,3.37,3.56,3.83,1.0446,-0.7162,WEAK,0.18,4.5908,-10.2647,124279474.75,48.7456,SECONDARY_RESEARCH,,,
272,002176,江特电机,C32有色金属冶炼和压延加工业,baostock.query_stock_industry,2026-07-06,2026-07-10,8.66,0.2368,0.136,21.8003,10.32,11.95,10.94,10.15,-4.3015,-0.9981,NONE,0.58,-23.4332,-25.2023,1105582742.75,48.6365,SECONDARY_RESEARCH,,trend_unconfirmed,trend_unconfirmed
273,002053,云南能投,D44电力、热力生产和供应业,baostock.query_stock_industry,2026-07-06,2026-07-10,9.39,0.1328,0.032,8.0552,9.65,11.0,11.5,11.8,-3.9227,-1.464,NONE,0.64,-11.1091,-20.3693,134309109.15,48.6329,SECONDARY_RESEARCH,,falling_knife;trend_unconfirmed,falling_knife;trend_unconfirmed
274,002673,西部证券,J67资本市场服务,baostock.query_stock_industry,2026-07-06,2026-07-10,6.51,0.2776,0.048,4.6624,6.6,6.82,7.27,7.85,1.0948,-0.8045,NONE,0.2,3.3515,-15.4993,254136964.6,48.6106,SECONDARY_RESEARCH,,trend_unconfirmed,trend_unconfirmed
275,000785,居然智家,L72商务服务业,baostock.query_stock_industry,2026-07-06,2026-07-10,2.1,0.0104,0.052,6.0606,2.1,2.36,2.62,2.82,-4.9299,-1.3558,NONE,0.08,-8.3905,-18.3682,120844725.25,48.6053,SECONDARY_RESEARCH,,falling_knife;trend_unconfirmed,falling_knife;trend_unconfirmed
276,002163,海南发展,E50建筑装饰、装修和其他建筑业,baostock.query_stock_industry,2026-07-06,2026-07-10,8.22,0.1584,0.016,5.6555,8.65,10.51,12.84,12.63,-3.8981,-3.6258,NONE,0.39,-11.0804,-40.0641,193871693.95,48.567,SECONDARY_RESEARCH,,falling_knife;trend_unconfirmed,falling_knife;trend_unconfirmed
277,002292,奥飞娱乐,C24文教、工美、体育和娱乐用品制造业,baostock.query_stock_industry,2026-07-06,2026-07-10,7.74,0.5728,0.168,21.8898,6.91,7.51,8.17,8.74,1.9107,-0.2215,WEAK,0.42,13.5259,-5.0756,353725689.05,48.5662,SECONDARY_RESEARCH,,,
278,000541,佛山照明,C38电气机械和器材制造业,baostock.query_stock_industry,2026-07-06,2026-07-10,4.98,0.092,0.052,5.7325,5.1,5.27,5.68,6.08,0.8895,-0.9651,NONE,0.19,4.4216,-16.6031,86986732.05,48.5584,SECONDARY_RESEARCH,,trend_unconfirmed,trend_unconfirmed
279,001223,欧克科技,C35专用设备制造业,baostock.query_stock_industry,2026-07-06,2026-07-10,37.31,0.1039,0.004,0.0,45.82,53.29,53.66,51.83,-3.8696,-2.2117,NONE,3.68,-17.7124,-32.3789,192478458.7,48.5312,SECONDARY_RESEARCH,,falling_knife;trend_unconfirmed,falling_knife;trend_unconfirmed
280,001330,博纳影业,R87广播、电视、电影和录音制作业,baostock.query_stock_industry,2026-07-06,2026-07-10,5.32,0.2314,0.192,15.9041,6.08,7.67,8.12,7.22,-6.7536,-2.0395,NONE,0.4,-18.5737,-31.1555,531664208.2,48.5271,SECONDARY_RESEARCH,,falling_knife;trend_unconfirmed,falling_knife;trend_unconfirmed
281,000762,西藏矿业,B09有色金属矿采选业,baostock.query_stock_industry,2026-07-06,2026-07-10,23.49,0.3168,0.268,22.7273,27.79,31.56,30.13,27.01,-2.6486,-1.8064,NONE,1.62,-21.3585,-34.6477,697687435.7,48.5,SECONDARY_RESEARCH,,trend_unconfirmed,trend_unconfirmed
282,002466,天齐锂业,C32有色金属冶炼和压延加工业,baostock.query_stock_industry,2026-07-06,2026-07-10,47.8,0.3032,0.3,50.4091,60.18,65.29,60.35,53.39,-2.1775,-0.6442,NONE,3.94,-22.9502,-27.4611,4440474799.45,48.5,SECONDARY_RESEARCH,,trend_unconfirmed,trend_unconfirmed
283,002506,协鑫集成,C38电气机械和器材制造业,baostock.query_stock_industry,2026-07-06,2026-07-10,2.7,0.336,0.368,11.1111,3.01,3.72,4.1,3.35,-4.6994,-3.8052,NONE,0.17,-16.1374,-45.2232,944522576.95,48.5,SECONDARY_RESEARCH,,falling_knife;trend_unconfirmed,falling_knife;trend_unconfirmed
284,002735,王子新材,C29橡胶和塑料制品业,baostock.query_stock_industry,2026-07-06,2026-07-10,12.59,0.2848,0.008,1.4504,16.65,15.75,16.56,16.28,-7.7579,-0.9416,NONE,1.3,-36.414,-20.1633,738278045.85,48.5,SECONDARY_RESEARCH,,falling_knife;trend_unconfirmed,falling_knife;trend_unconfirmed
285,002995,天地在线,L72商务服务业,baostock.query_stock_industry,2026-07-06,2026-07-10,16.78,0.1696,0.068,4.2236,18.69,21.25,23.22,20.66,-7.3843,-2.9084,NONE,1.1,-24.7598,-34.9801,191177393.7,48.4976,SECONDARY_RESEARCH,,falling_knife;trend_unconfirmed,falling_knife;trend_unconfirmed
286,002084,海鸥住工,C33金属制品业,baostock.query_stock_industry,2026-07-06,2026-07-10,3.8,0.3824,0.46,21.0191,3.55,3.58,3.79,3.86,3.5787,-0.2091,WEAK,0.21,14.5428,-5.2171,83883521.75,48.4481,SECONDARY_RESEARCH,,,
287,001205,盛航股份,G55水上运输业,baostock.query_stock_industry,2026-07-06,2026-07-10,13.31,0.0064,0.008,0.9098,13.89,14.38,15.03,15.91,-0.8568,-0.5706,NONE,0.47,-4.5812,-11.3568,91558870.8,48.4118,SECONDARY_RESEARCH,,trend_unconfirmed,trend_unconfirmed
288,000998,隆平高科,A05农、林、牧、渔专业及辅助性活动,baostock.query_stock_industry,2026-07-06,2026-07-10,7.83,0.0096,0.048,5.5256,7.84,8.61,9.29,9.56,-1.2034,-1.8726,NONE,0.24,-5.0009,-23.8782,121278343.65,48.4101,SECONDARY_RESEARCH,,falling_knife;trend_unconfirmed,falling_knife;trend_unconfirmed
289,002892,科力尔,C38电气机械和器材制造业,baostock.query_stock_industry,2026-07-06,2026-07-10,9.2,0.0536,0.02,4.7836,9.64,10.49,11.32,12.69,-3.3114,-1.2471,NONE,0.46,-8.8486,-20.3387,122012985.05,48.4076,SECONDARY_RESEARCH,,falling_knife;trend_unconfirmed,falling_knife;trend_unconfirmed
290,001269,欧晶科技,C42废弃资源综合利用业,baostock.query_stock_industry,2026-07-06,2026-07-10,19.79,0.0044,0.012,2.9657,22.51,23.41,23.8,25.29,-7.8942,-0.7265,NONE,1.53,-31.4309,-21.3872,184304072.85,48.3165,SECONDARY_RESEARCH,,falling_knife;trend_unconfirmed,falling_knife;trend_unconfirmed
291,002434,万里扬,C36汽车制造业,baostock.query_stock_industry,2026-07-06,2026-07-10,6.0,0.1256,0.02,0.8403,6.42,7.14,8.1,8.46,-3.6595,-2.1073,NONE,0.32,-13.9746,-30.5421,162085633.1,48.2348,SECONDARY_RESEARCH,,falling_knife;trend_unconfirmed,falling_knife;trend_unconfirmed
292,000520,凤凰航运,G55水上运输业,baostock.query_stock_industry,2026-07-06,2026-07-10,4.34,0.736,0.272,20.2216,4.26,4.1,4.26,4.54,0.1175,0.7787,MEDIUM,0.28,2.2691,4.0662,190450626.05,48.2122,SECONDARY_RESEARCH,,,
293,002839,张家港行,J66货币金融服务,baostock.query_stock_industry,2026-07-06,2026-07-10,4.09,0.16,0.04,4.8718,4.11,4.31,4.43,4.49,-0.7729,-0.6869,NONE,0.1,-5.3015,-12.5236,91332159.7,48.2119,SECONDARY_RESEARCH,,trend_unconfirmed,trend_unconfirmed
294,002507,涪陵榨菜,C14食品制造业,baostock.query_stock_industry,2026-07-06,2026-07-10,11.02,0.004,0.02,2.037,11.23,11.78,12.37,12.77,-0.9696,-0.8571,NONE,0.3,-7.0423,-15.203,100520587.55,48.2039,SECONDARY_RESEARCH,,trend_unconfirmed,trend_unconfirmed
295,002978,安宁股份,B09有色金属矿采选业,baostock.query_stock_industry,2026-07-06,2026-07-10,25.6,0.0408,0.02,2.3591,26.55,28.94,32.83,32.3,-0.1598,-2.086,NONE,1.07,-3.1137,-26.9285,118819126.15,48.1977,SECONDARY_RESEARCH,,falling_knife;trend_unconfirmed,falling_knife;trend_unconfirmed
296,002918,蒙娜丽莎,C30非金属矿物制品业,baostock.query_stock_industry,2026-07-06,2026-07-10,9.4,0.1776,0.136,12.8451,10.48,12.12,13.28,13.23,-5.3803,-1.3377,NONE,0.48,-20.5549,-23.0485,157621250.0,48.1903,SECONDARY_RESEARCH,,falling_knife;trend_unconfirmed,falling_knife;trend_unconfirmed
297,002524,光正眼科,Q84卫生,baostock.query_stock_industry,2026-07-06,2026-07-10,3.78,0.1176,0.1,14.1994,3.51,3.89,4.24,4.37,-0.82,-1.4716,NONE,0.24,3.9816,-13.7863,75666967.95,48.1842,SECONDARY_RESEARCH,,trend_unconfirmed,trend_unconfirmed
298,001227,兰州银行,J66货币金融服务,baostock.query_stock_industry,2026-07-06,2026-07-10,2.03,0.0046,0.02,1.5,2.07,2.14,2.22,2.34,-0.8383,-0.7337,NONE,0.04,-6.0057,-12.9923,93096098.15,48.1807,SECONDARY_RESEARCH,,trend_unconfirmed,trend_unconfirmed
299,000009,中国宝安,J69其他金融业,baostock.query_stock_industry,2026-07-06,2026-07-10,6.17,0.0032,0.016,1.3136,6.52,7.57,8.48,9.35,-2.948,-2.737,NONE,0.21,-11.2379,-35.4181,167345531.25,48.1767,SECONDARY_RESEARCH,,falling_knife;trend_unconfirmed,falling_knife;trend_unconfirmed
300,000059,华锦股份,C25石油、煤炭及其他燃料加工业,baostock.query_stock_industry,2026-07-06,2026-07-10,4.06,0.0416,0.044,8.2667,4.07,4.67,5.21,5.23,-1.5493,-2.1895,NONE,0.21,-5.3298,-28.8285,128937095.65,48.171,SECONDARY_RESEARCH,,falling_knife;trend_unconfirmed,falling_knife;trend_unconfirmed
301,003013,地铁设计,M74专业技术服务业,baostock.query_stock_industry,2026-07-06,2026-07-10,15.31,0.3336,0.764,18.9588,15.35,14.58,14.47,14.79,-0.8109,1.0473,NONE,1.01,0.6878,11.8153,140739511.25,48.1545,SECONDARY_RESEARCH,,trend_unconfirmed,trend_unconfirmed
302,000735,罗 牛 山,A03畜牧业,baostock.query_stock_industry,2026-07-06,2026-07-10,5.0,0.0912,0.044,5.2632,4.99,5.76,6.65,7.03,-0.696,-2.4125,NONE,0.2,-2.4966,-30.4693,125078868.55,48.1466,SECONDARY_RESEARCH,,falling_knife;trend_unconfirmed,falling_knife;trend_unconfirmed
303,002075,沙钢股份,C31黑色金属冶炼和压延加工业,baostock.query_stock_industry,2026-07-06,2026-07-10,3.4,0.0192,0.024,3.0303,3.54,4.01,4.71,5.35,-1.2556,-2.7621,NONE,0.13,-3.045,-32.3999,131256263.85,48.1269,SECONDARY_RESEARCH,,falling_knife;trend_unconfirmed,falling_knife;trend_unconfirmed
304,002041,登海种业,A05农、林、牧、渔专业及辅助性活动,baostock.query_stock_industry,2026-07-06,2026-07-10,8.2,0.0456,0.064,4.1931,8.27,9.06,9.85,9.76,-0.3675,-1.9376,NONE,0.25,-1.0664,-25.1301,107440392.5,48.1142,SECONDARY_RESEARCH,,trend_unconfirmed,trend_unconfirmed
305,000564,供销大集,F52零售业,baostock.query_stock_industry,2026-07-06,2026-07-10,1.36,0.2656,0.032,4.6154,1.4,1.62,1.92,2.24,-3.3564,-2.7477,NONE,0.06,-6.8664,-32.0933,384266488.4,48.0551,SECONDARY_RESEARCH,,falling_knife;trend_unconfirmed,falling_knife;trend_unconfirmed
306,002332,仙琚制药,C27医药制造业,baostock.query_stock_industry,2026-07-06,2026-07-10,8.25,0.0104,0.048,2.8678,8.28,8.55,8.85,9.4,-0.235,-0.7046,NONE,0.2,-4.252,-11.8412,84498687.55,48.0385,SECONDARY_RESEARCH,,trend_unconfirmed,trend_unconfirmed
307,002034,旺能环境,D44电力、热力生产和供应业,baostock.query_stock_industry,2026-07-06,2026-07-10,14.15,0.1024,0.004,0.0,15.98,18.36,17.85,17.41,-4.367,-1.4221,NONE,0.67,-16.5803,-29.1678,158774562.6,48.0113,SECONDARY_RESEARCH,,falling_knife;trend_unconfirmed,falling_knife;trend_unconfirmed
308,000061,农 产 品,L72商务服务业,baostock.query_stock_industry,2026-07-06,2026-07-10,5.65,0.1784,0.036,6.403,5.71,6.49,7.7,8.03,-1.7797,-2.0388,NONE,0.23,-5.0587,-26.1789,115861722.2,47.9603,SECONDARY_RESEARCH,,falling_knife;trend_unconfirmed,falling_knife;trend_unconfirmed
309,002362,汉王科技,C39计算机、通信和其他电子设备制造业,baostock.query_stock_industry,2026-07-06,2026-07-10,15.49,0.1704,0.032,4.9458,16.25,17.57,19.28,21.39,-5.0057,-1.6875,NONE,0.66,-18.9611,-21.4664,140328790.15,47.9474,SECONDARY_RESEARCH,,falling_knife;trend_unconfirmed,falling_knife;trend_unconfirmed
310,000825,太钢不锈,C31黑色金属冶炼和压延加工业,baostock.query_stock_industry,2026-07-06,2026-07-10,3.41,0.0568,0.02,2.4024,3.56,3.95,4.44,4.34,-2.196,-2.1192,NONE,0.13,-7.112,-26.9338,121481995.4,47.9013,SECONDARY_RESEARCH,,falling_knife;trend_unconfirmed,falling_knife;trend_unconfirmed
311,000882,华联股份,L72商务服务业,baostock.query_stock_industry,2026-07-06,2026-07-10,1.35,0.0832,0.052,4.6512,1.36,1.49,1.67,1.87,-2.0202,-1.741,NONE,0.08,-4.8823,-24.0766,108678274.95,47.8909,SECONDARY_RESEARCH,,falling_knife;trend_unconfirmed,falling_knife;trend_unconfirmed
312,002791,坚朗五金,C33金属制品业,baostock.query_stock_industry,2026-07-06,2026-07-10,15.17,0.0192,0.096,15.8015,13.99,16.18,19.3,20.89,-0.2815,-2.2925,NONE,0.75,4.1096,-25.0512,90923929.65,47.8802,SECONDARY_RESEARCH,,falling_knife;trend_unconfirmed,falling_knife;trend_unconfirmed
313,002847,盐津铺子,C14食品制造业,baostock.query_stock_industry,2026-07-06,2026-07-10,45.01,0.0552,0.016,1.5339,47.54,53.46,59.21,65.93,-4.6175,-1.8262,NONE,1.92,-17.2586,-23.4805,138284415.9,47.846,SECONDARY_RESEARCH,,falling_knife;trend_unconfirmed,falling_knife;trend_unconfirmed
314,002291,遥望科技,I64互联网和相关服务,baostock.query_stock_industry,2026-07-06,2026-07-10,4.84,0.0664,0.028,4.3103,4.99,5.85,6.54,6.6,-3.6555,-2.4169,NONE,0.2,-7.8746,-29.395,127991526.75,47.825,SECONDARY_RESEARCH,,falling_knife;trend_unconfirmed,falling_knife;trend_unconfirmed
315,000560,我爱我家,K70房地产业,baostock.query_stock_industry,2026-07-06,2026-07-10,2.07,0.0472,0.024,3.5,2.14,2.63,2.89,2.95,-4.094,-2.671,NONE,0.09,-10.5214,-34.5013,147185236.05,47.717,SECONDARY_RESEARCH,,falling_knife;trend_unconfirmed,falling_knife;trend_unconfirmed
316,000403,派林生物,C27医药制造业,baostock.query_stock_industry,2026-07-06,2026-07-10,9.22,0.0072,0.036,4.8919,9.81,11.36,12.54,14.59,-6.8012,-2.5565,NONE,0.55,-22.1692,-31.6634,161729917.0,47.6758,SECONDARY_RESEARCH,,falling_knife;trend_unconfirmed,falling_knife;trend_unconfirmed
317,000402,金 融 街,K70房地产业,baostock.query_stock_industry,2026-07-06,2026-07-10,2.48,0.0624,0.044,4.2017,2.57,2.83,2.79,2.89,-3.6773,-0.7374,NONE,0.11,-11.1291,-23.388,116580983.05,47.6612,SECONDARY_RESEARCH,,trend_unconfirmed,trend_unconfirmed
318,002146,荣盛发展,K70房地产业,baostock.query_stock_industry,2026-07-06,2026-07-10,1.11,0.008,0.04,6.7308,1.14,1.25,1.41,1.5,-3.3432,-1.9258,NONE,0.06,-11.067,-24.5776,119224047.75,47.6534,SECONDARY_RESEARCH,,falling_knife;trend_unconfirmed,falling_knife;trend_unconfirmed
319,000790,华神科技,C27医药制造业,baostock.query_stock_industry,2026-07-06,2026-07-10,3.69,0.1112,0.056,5.7307,3.67,3.96,4.0,4.04,-0.3127,-0.9993,NONE,0.19,1.1891,-12.8705,69743711.9,47.6467,SECONDARY_RESEARCH,,trend_unconfirmed,trend_unconfirmed
320,000088,盐 田 港,G55水上运输业,baostock.query_stock_industry,2026-07-06,2026-07-10,4.22,0.012,0.06,3.4314,4.21,4.4,4.48,4.51,-0.4495,-0.7861,NONE,0.09,-1.3109,-12.4948,72947442.25,47.6263,SECONDARY_RESEARCH,,trend_unconfirmed,trend_unconfirmed
321,002101,广东鸿图,C36汽车制造业,baostock.query_stock_industry,2026-07-06,2026-07-10,8.95,0.1272,0.068,7.5721,9.01,9.42,10.66,11.82,1.4405,-1.6585,NONE,0.36,5.491,-23.8757,80528824.75,47.5974,SECONDARY_RESEARCH,,trend_unconfirmed,trend_unconfirmed
322,002099,海翔药业,C27医药制造业,baostock.query_stock_industry,2026-07-06,2026-07-10,5.24,0.1152,0.04,5.2209,5.27,5.85,6.51,6.3,-0.4342,-2.6918,NONE,0.29,-3.3669,-33.0441,119151166.0,47.5739,SECONDARY_RESEARCH,,trend_unconfirmed,trend_unconfirmed
323,002091,江苏国泰,F51批发业,baostock.query_stock_industry,2026-07-06,2026-07-10,7.3,0.1792,0.06,2.8169,7.45,8.5,8.79,8.64,-1.3302,-1.7139,NONE,0.18,-3.9775,-25.6001,102642666.5,47.5661,SECONDARY_RESEARCH,,trend_unconfirmed,trend_unconfirmed
324,001301,尚太科技,C30非金属矿物制品业,baostock.query_stock_industry,2026-07-06,2026-07-10,48.89,0.3232,0.012,1.3054,80.75,82.56,80.22,76.0,-9.232,-1.7703,NONE,6.95,-42.5347,-36.1707,427114501.55,47.5023,SECONDARY_RESEARCH,,falling_knife;trend_unconfirmed,falling_knife;trend_unconfirmed
325,000089,深圳机场,G56航空运输业,baostock.query_stock_industry,2026-07-06,2026-07-10,6.23,0.036,0.028,3.3167,6.29,6.63,6.84,6.98,-0.4194,-0.6788,NONE,0.17,-2.8906,-12.4101,71995316.7,47.4204,SECONDARY_RESEARCH,,trend_unconfirmed,trend_unconfirmed
326,002641,公元股份,C29橡胶和塑料制品业,baostock.query_stock_industry,2026-07-06,2026-07-10,4.09,0.0992,0.108,8.2011,4.02,4.14,4.25,4.28,-1.6257,-0.1808,NONE,0.14,-3.9299,-4.6777,61044267.35,47.3962,SECONDARY_RESEARCH,,trend_unconfirmed,trend_unconfirmed
327,001258,立新能源,D44电力、热力生产和供应业,baostock.query_stock_industry,2026-07-06,2026-07-10,6.68,0.1889,0.012,2.6114,7.17,8.78,8.63,7.98,-6.3871,-1.7231,NONE,0.25,-15.8889,-28.0036,134110696.2,47.3845,SECONDARY_RESEARCH,,trend_unconfirmed,trend_unconfirmed
328,002690,美亚光电,C35专用设备制造业,baostock.query_stock_industry,2026-07-06,2026-07-10,14.36,0.0384,0.032,3.6823,14.49,15.89,17.69,18.57,0.0173,-1.7126,NONE,0.45,-0.1128,-24.4783,87905904.45,47.3643,SECONDARY_RESEARCH,,trend_unconfirmed,trend_unconfirmed
329,000995,皇台酒业,C15酒、饮料和精制茶制造业,baostock.query_stock_industry,2026-07-06,2026-07-10,9.97,0.0688,0.04,6.8596,10.07,12.32,13.59,13.78,-3.9498,-2.4739,NONE,0.52,-9.0815,-30.3074,121399477.6,47.3638,SECONDARY_RESEARCH,,falling_knife;trend_unconfirmed,falling_knife;trend_unconfirmed
330,000049,德赛电池,C38电气机械和器材制造业,baostock.query_stock_industry,2026-07-06,2026-07-10,23.88,0.2208,0.184,7.3741,23.98,26.0,26.22,26.05,1.0366,-0.5064,NONE,1.0,5.2487,-16.6719,194678156.4,47.3452,SECONDARY_RESEARCH,,trend_unconfirmed,trend_unconfirmed
331,002226,江南化工,C26化学原料和化学制品制造业,baostock.query_stock_industry,2026-07-06,2026-07-10,4.48,0.1144,0.016,1.8182,4.7,5.21,5.59,5.94,-2.4997,-1.564,NONE,0.17,-7.587,-26.7908,107783089.15,47.3108,SECONDARY_RESEARCH,,falling_knife;trend_unconfirmed,falling_knife;trend_unconfirmed
332,002486,嘉麟杰,C18纺织服装、服饰业,baostock.query_stock_industry,2026-07-06,2026-07-10,2.32,0.1752,0.064,8.4112,2.27,2.56,2.81,2.86,-1.1949,-1.9862,NONE,0.13,-1.3109,-24.4338,88873657.9,47.2978,SECONDARY_RESEARCH,,falling_knife;trend_unconfirmed,falling_knife;trend_unconfirmed
333,001296,长江材料,C30非金属矿物制品业,baostock.query_stock_industry,2026-07-06,2026-07-10,17.91,0.1802,0.008,3.6458,19.67,21.46,24.16,23.92,-0.6039,-2.3236,NONE,1.53,-4.9687,-32.5349,114927817.85,47.2959,SECONDARY_RESEARCH,,falling_knife;trend_unconfirmed,falling_knife;trend_unconfirmed
334,000025,特  力Ａ,F51批发业,baostock.query_stock_industry,2026-07-06,2026-07-10,13.34,0.0384,0.016,1.214,14.43,15.18,16.34,17.2,-2.6912,-1.4902,NONE,0.7,-13.95,-22.3415,111939898.4,47.2946,SECONDARY_RESEARCH,,falling_knife;trend_unconfirmed,falling_knife;trend_unconfirmed
335,002197,证通电子,I65软件和信息技术服务业,baostock.query_stock_industry,2026-07-06,2026-07-10,5.71,0.2,0.02,2.5135,5.97,6.98,7.9,8.45,-2.499,-2.3182,NONE,0.3,-6.7744,-29.6955,112152994.0,47.2856,SECONDARY_RESEARCH,,falling_knife;trend_unconfirmed,falling_knife;trend_unconfirmed
336,002243,力合科创,C29橡胶和塑料制品业,baostock.query_stock_industry,2026-07-06,2026-07-10,6.56,0.1016,0.024,2.0218,6.84,8.11,9.17,9.11,-5.2464,-2.1407,NONE,0.28,-7.7303,-29.2906,113251589.55,47.2758,SECONDARY_RESEARCH,,falling_knife;trend_unconfirmed,falling_knife;trend_unconfirmed
337,000546,金圆股份,C42废弃资源综合利用业,baostock.query_stock_industry,2026-07-06,2026-07-10,4.58,0.0952,0.008,0.8811,5.04,5.97,6.1,5.82,-2.1068,-2.1876,NONE,0.26,-12.2058,-34.0805,137621635.5,47.2684,SECONDARY_RESEARCH,,falling_knife;trend_unconfirmed,falling_knife;trend_unconfirmed
338,002987,京北方,I65软件和信息技术服务业,baostock.query_stock_industry,2026-07-06,2026-07-10,9.7,0.02,0.016,2.4287,10.41,12.92,15.71,18.6,-5.4829,-4.3096,NONE,0.41,-16.2977,-46.3151,148398887.15,47.2589,SECONDARY_RESEARCH,,falling_knife;trend_unconfirmed,falling_knife;trend_unconfirmed
339,002982,湘佳股份,A03畜牧业,baostock.query_stock_industry,2026-07-06,2026-07-10,12.15,0.012,0.06,15.1659,11.81,13.11,13.69,14.42,-1.8325,-1.1599,NONE,0.52,-9.6819,-17.8336,90857763.4,47.2195,SECONDARY_RESEARCH,,trend_unconfirmed,trend_unconfirmed
340,000927,中国铁物,L72商务服务业,baostock.query_stock_industry,2026-07-06,2026-07-10,2.35,0.0248,0.036,3.5242,2.38,2.63,2.78,2.74,-1.7519,-2.3715,NONE,0.07,-5.3925,-28.382,104209948.4,47.2159,SECONDARY_RESEARCH,,trend_unconfirmed,trend_unconfirmed
341,002010,传化智联,L72商务服务业,baostock.query_stock_industry,2026-07-06,2026-07-10,4.59,0.1648,0.032,2.6846,4.73,5.26,5.79,5.94,-1.6022,-1.8151,NONE,0.14,-5.6859,-24.8844,96918337.6,47.2053,SECONDARY_RESEARCH,,falling_knife;trend_unconfirmed,falling_knife;trend_unconfirmed
342,000156,华数传媒,I63电信、广播电视和卫星传输服务,baostock.query_stock_industry,2026-07-06,2026-07-10,6.54,0.0736,0.06,3.645,6.55,7.02,7.59,7.8,-0.1143,-1.1353,NONE,0.24,2.0067,-16.5305,67104954.8,47.1992,SECONDARY_RESEARCH,,trend_unconfirmed,trend_unconfirmed
343,002721,金一文化,C24文教、工美、体育和娱乐用品制造业,baostock.query_stock_industry,2026-07-06,2026-07-10,2.27,0.044,0.036,3.1818,2.29,2.66,2.94,3.28,-2.5483,-1.989,NONE,0.09,-5.1244,-26.694,97117766.6,47.0898,SECONDARY_RESEARCH,,falling_knife;trend_unconfirmed,falling_knife;trend_unconfirmed
344,000860,顺鑫农业,C15酒、饮料和精制茶制造业,baostock.query_stock_industry,2026-07-06,2026-07-10,10.05,0.008,0.04,2.9713,10.08,11.31,12.71,14.24,-1.2155,-2.0801,NONE,0.38,-3.453,-26.5871,92471879.05,47.0462,SECONDARY_RESEARCH,,falling_knife;trend_unconfirmed,falling_knife;trend_unconfirmed
345,002746,仙坛股份,C13农副食品加工业,baostock.query_stock_industry,2026-07-06,2026-07-10,5.32,0.0152,0.048,5.7654,5.3,5.84,6.05,6.14,-0.9157,-0.9696,NONE,0.16,-3.1559,-16.9338,73255843.2,47.016,SECONDARY_RESEARCH,,trend_unconfirmed,trend_unconfirmed
346,002672,东江环保,C42废弃资源综合利用业,baostock.query_stock_industry,2026-07-06,2026-07-10,3.41,0.0192,0.028,3.9634,3.55,3.88,4.32,4.6,-1.1676,-2.0526,NONE,0.28,-4.7103,-26.9338,94111658.9,46.965,SECONDARY_RESEARCH,,falling_knife;trend_unconfirmed,falling_knife;trend_unconfirmed
347,002160,常铝股份,C32有色金属冶炼和压延加工业,baostock.query_stock_industry,2026-07-06,2026-07-10,3.62,0.1456,0.012,2.5496,3.97,4.56,5.12,4.94,-5.4814,-2.7906,NONE,0.17,-13.4254,-36.4741,138901993.2,46.9513,SECONDARY_RESEARCH,,falling_knife;trend_unconfirmed,falling_knife;trend_unconfirmed
348,002537,海联金汇,C36汽车制造业,baostock.query_stock_industry,2026-07-06,2026-07-10,5.35,0.112,0.024,1.518,5.6,6.54,7.6,8.48,-2.5813,-3.2276,NONE,0.21,-8.5899,-36.5404,124775093.75,46.9187,SECONDARY_RESEARCH,,falling_knife;trend_unconfirmed,falling_knife;trend_unconfirmed
349,002529,海源复材,C34通用设备制造业,baostock.query_stock_industry,2026-07-06,2026-07-10,6.77,0.196,0.276,9.5469,7.28,7.65,7.3,7.16,-2.607,0.0741,NONE,0.4,-9.5019,-4.4078,61813502.55,46.9176,SECONDARY_RESEARCH,,trend_unconfirmed,trend_unconfirmed
350,002589,瑞康医药,F51批发业,baostock.query_stock_industry,2026-07-06,2026-07-10,2.64,0.1072,0.064,7.7551,2.6,2.92,3.12,3.11,-1.2327,-2.3658,NONE,0.13,-1.3109,-24.6755,81881898.25,46.9104,SECONDARY_RESEARCH,,trend_unconfirmed,trend_unconfirmed
351,002981,朝阳科技,C39计算机、通信和其他电子设备制造业,baostock.query_stock_industry,2026-07-06,2026-07-10,20.43,0.0768,0.04,11.8839,20.95,24.11,25.89,28.17,-7.6491,-1.1924,NONE,1.13,-28.8641,-21.046,137356861.0,46.8968,SECONDARY_RESEARCH,,falling_knife;trend_unconfirmed,falling_knife;trend_unconfirmed
352,000926,福星股份,K70房地产业,baostock.query_stock_industry,2026-07-06,2026-07-10,1.99,0.0352,0.072,4.1885,2.01,2.1,2.16,2.41,-2.88,-0.3084,NONE,0.08,-10.0265,-7.3606,65791168.6,46.8297,SECONDARY_RESEARCH,,trend_unconfirmed,trend_unconfirmed
353,001236,弘业期货,J67资本市场服务,baostock.query_stock_industry,2026-07-06,2026-07-10,6.99,0.0473,0.028,1.4514,7.34,8.38,9.2,10.48,-1.6947,-2.146,NONE,0.33,-5.9493,-29.5944,98603046.75,46.7863,SECONDARY_RESEARCH,,falling_knife;trend_unconfirmed,falling_knife;trend_unconfirmed
354,002508,老板电器,C38电气机械和器材制造业,baostock.query_stock_industry,2026-07-06,2026-07-10,15.15,0.008,0.04,4.9169,15.25,17.12,18.83,19.2,-2.1844,-2.5255,NONE,0.53,-8.9891,-28.7972,103264014.85,46.7729,SECONDARY_RESEARCH,,falling_knife;trend_unconfirmed,falling_knife;trend_unconfirmed
355,002254,泰和新材,C28化学纤维制造业,baostock.query_stock_industry,2026-07-06,2026-07-10,14.2,0.4776,0.872,54.3478,17.07,14.54,13.31,11.72,-4.2982,2.2231,NONE,1.41,-26.258,26.8047,1449259533.25,46.7547,SECONDARY_RESEARCH,,trend_unconfirmed,trend_unconfirmed
356,000090,天健集团,E48土木工程建筑业,baostock.query_stock_industry,2026-07-06,2026-07-10,3.25,0.0128,0.056,7.9734,3.24,3.43,3.62,3.69,-2.8494,-1.2004,NONE,0.11,-9.7616,-14.6548,76187820.9,46.7527,SECONDARY_RESEARCH,,trend_unconfirmed,trend_unconfirmed
357,002833,弘亚数控,C35专用设备制造业,baostock.query_stock_industry,2026-07-06,2026-07-10,16.8,0.3136,0.396,8.5271,17.96,18.97,18.53,17.53,-0.4684,-0.1807,NONE,1.04,-4.9253,-11.4105,189516337.4,46.7208,SECONDARY_RESEARCH,,trend_unconfirmed,trend_unconfirmed
358,002003,伟星股份,C18纺织服装、服饰业,baostock.query_stock_industry,2026-07-06,2026-07-10,8.41,0.06,0.008,0.9604,8.65,9.29,9.73,10.27,-1.0697,-0.8841,NONE,0.32,-7.1339,-16.9208,74730601.25,46.7053,SECONDARY_RESEARCH,,falling_knife;trend_unconfirmed,falling_knife;trend_unconfirmed
359,000159,国际实业,F51批发业,baostock.query_stock_industry,2026-07-06,2026-07-10,5.54,0.1456,0.064,4.7259,5.61,6.27,6.51,6.18,-3.856,-1.216,NONE,0.22,-9.7406,-17.1897,79708199.8,46.698,SECONDARY_RESEARCH,,trend_unconfirmed,trend_unconfirmed
360,002351,漫步者,C39计算机、通信和其他电子设备制造业,baostock.query_stock_industry,2026-07-06,2026-07-10,9.38,0.1544,0.04,3.4179,9.58,10.61,11.28,12.23,-2.8781,-1.645,NONE,0.29,-5.8887,-22.5838,80842245.0,46.6057,SECONDARY_RESEARCH,,falling_knife;trend_unconfirmed,falling_knife;trend_unconfirmed
361,000503,国新健康,I64互联网和相关服务,baostock.query_stock_industry,2026-07-06,2026-07-10,6.4,0.0208,0.04,4.065,6.57,7.15,8.1,9.18,-2.8107,-1.7302,NONE,0.28,-9.2245,-22.0657,85806232.1,46.5868,SECONDARY_RESEARCH,,falling_knife;trend_unconfirmed,falling_knife;trend_unconfirmed
362,002096,易普力,C26化学原料和化学制品制造业,baostock.query_stock_industry,2026-07-06,2026-07-10,8.8,0.092,0.02,0.9174,9.14,10.39,11.89,12.79,-3.8182,-2.2202,NONE,0.28,-3.0966,-30.2973,89194855.05,46.549,SECONDARY_RESEARCH,,falling_knife;trend_unconfirmed,falling_knife;trend_unconfirmed
363,002640,跨境通,F52零售业,baostock.query_stock_industry,2026-07-06,2026-07-10,2.93,0.2648,0.012,3.169,3.18,3.56,3.74,4.44,-4.5939,-1.4392,NONE,0.17,-14.6245,-21.1951,269573557.4,46.5432,SECONDARY_RESEARCH,,falling_knife;trend_unconfirmed,falling_knife;trend_unconfirmed
364,002045,国光电器,C39计算机、通信和其他电子设备制造业,baostock.query_stock_industry,2026-07-06,2026-07-10,7.67,0.0104,0.016,2.4032,8.1,9.79,11.54,13.72,-3.3351,-3.4086,NONE,0.33,-9.6741,-39.5986,125420119.2,46.5288,SECONDARY_RESEARCH,,falling_knife;trend_unconfirmed,falling_knife;trend_unconfirmed
365,002221,东华能源,F51批发业,baostock.query_stock_industry,2026-07-06,2026-07-10,5.3,0.0048,0.024,2.5145,5.59,6.82,7.71,8.23,-3.9443,-3.2976,NONE,0.26,-11.9348,-39.4031,126613372.45,46.5008,SECONDARY_RESEARCH,,falling_knife;trend_unconfirmed,falling_knife;trend_unconfirmed
366,002544,普天科技,I65软件和信息技术服务业,baostock.query_stock_industry,2026-07-06,2026-07-10,18.87,0.212,0.056,11.9217,18.52,22.51,26.27,26.37,-2.9242,-3.0474,NONE,0.95,-4.4423,-32.7665,274438207.65,46.4955,SECONDARY_RESEARCH,,falling_knife;trend_unconfirmed,falling_knife;trend_unconfirmed
367,002086,东方海洋,A04渔业,baostock.query_stock_industry,2026-07-06,2026-07-10,1.78,0.0792,0.064,9.2025,1.75,1.87,2.07,2.4,-1.3281,-1.3878,NONE,0.07,-0.1745,-18.026,61751536.55,46.4844,SECONDARY_RESEARCH,,falling_knife;trend_unconfirmed,falling_knife;trend_unconfirmed
368,002570,贝因美,C14食品制造业,baostock.query_stock_industry,2026-07-06,2026-07-10,4.02,0.172,0.016,2.2901,4.3,4.79,5.32,5.96,-6.4832,-1.7464,NONE,0.14,-16.8571,-25.4554,106708805.35,46.4711,SECONDARY_RESEARCH,,falling_knife;trend_unconfirmed,falling_knife;trend_unconfirmed
369,000526,学大教育,P83教育,baostock.query_stock_industry,2026-07-06,2026-07-10,28.06,0.4392,0.108,14.065,26.68,30.13,33.12,39.3,0.7191,-1.322,WEAK,1.41,7.2805,-18.8067,85262913.4,46.4351,SECONDARY_RESEARCH,,,
370,002530,金财互联,C33金属制品业,baostock.query_stock_industry,2026-07-06,2026-07-10,6.71,0.1416,0.016,1.9757,7.09,8.08,8.98,9.89,-4.0598,-2.0795,NONE,0.26,-13.3685,-28.2703,104108370.25,46.425,SECONDARY_RESEARCH,,falling_knife;trend_unconfirmed,falling_knife;trend_unconfirmed
371,000968,蓝焰控股,B07石油和天然气开采业,baostock.query_stock_industry,2026-07-06,2026-07-10,6.25,0.1144,0.04,4.3406,6.41,7.66,8.3,7.67,-3.509,-3.7224,NONE,0.24,-12.9092,-43.0389,123507616.2,46.3836,SECONDARY_RESEARCH,,falling_knife;trend_unconfirmed,falling_knife;trend_unconfirmed
372,002216,三全食品,C14食品制造业,baostock.query_stock_industry,2026-07-06,2026-07-10,12.21,0.3528,0.732,13.6872,12.06,12.96,12.53,11.9,0.525,-0.1848,WEAK,0.47,-3.1597,-8.3677,83878174.9,46.3625,SECONDARY_RESEARCH,,,
373,000531,穗恒运Ａ,D44电力、热力生产和供应业,baostock.query_stock_industry,2026-07-06,2026-07-10,5.66,0.096,0.012,1.2522,6.25,6.88,6.9,6.73,-4.4711,-1.1042,NONE,0.23,-17.0847,-19.0642,90833450.2,46.355,SECONDARY_RESEARCH,,trend_unconfirmed,trend_unconfirmed
374,003006,百亚股份,C22造纸和纸制品业,baostock.query_stock_industry,2026-07-06,2026-07-10,13.69,0.1496,0.008,0.293,14.63,16.21,18.03,21.62,-2.0254,-1.6933,NONE,0.69,-10.5885,-25.5743,90787461.55,46.3513,SECONDARY_RESEARCH,,falling_knife;trend_unconfirmed,falling_knife;trend_unconfirmed
375,002269,美邦服饰,C18纺织服装、服饰业,baostock.query_stock_industry,2026-07-06,2026-07-10,1.38,0.0648,0.052,5.3435,1.38,1.52,1.68,1.92,-2.9598,-1.828,NONE,0.06,-6.7903,-21.799,76421492.3,46.3487,SECONDARY_RESEARCH,,falling_knife;trend_unconfirmed,falling_knife;trend_unconfirmed
376,001311,多利科技,C36汽车制造业,baostock.query_stock_industry,2026-07-06,2026-07-10,18.0,0.0159,0.052,12.01,17.55,23.83,29.94,27.4,-1.2633,-4.358,NONE,1.03,-3.4848,-47.7587,122441434.15,46.3428,SECONDARY_RESEARCH,,falling_knife;trend_unconfirmed,falling_knife;trend_unconfirmed
377,002184,海得控制,C38电气机械和器材制造业,baostock.query_stock_industry,2026-07-06,2026-07-10,9.34,0.0704,0.024,3.6626,9.88,11.18,11.94,12.97,-4.6748,-1.4989,NONE,0.5,-13.8577,-23.3574,92556549.1,46.3328,SECONDARY_RESEARCH,,falling_knife;trend_unconfirmed,falling_knife;trend_unconfirmed
378,002474,榕基软件,I65软件和信息技术服务业,baostock.query_stock_industry,2026-07-06,2026-07-10,5.79,0.1824,0.032,4.8913,6.08,7.02,7.85,8.01,-5.4031,-2.3138,NONE,0.25,-18.0015,-28.7475,112116097.45,46.2562,SECONDARY_RESEARCH,,falling_knife;trend_unconfirmed,falling_knife;trend_unconfirmed
379,000517,荣安地产,K70房地产业,baostock.query_stock_industry,2026-07-06,2026-07-10,1.76,0.012,0.06,6.6667,1.76,1.89,1.94,1.96,-5.1282,-0.9937,NONE,0.07,-9.1643,-15.0937,67291792.45,46.2375,SECONDARY_RESEARCH,,trend_unconfirmed,trend_unconfirmed
380,000710,贝瑞基因,M74专业技术服务业,baostock.query_stock_industry,2026-07-06,2026-07-10,7.83,0.0792,0.032,6.2415,7.81,9.02,10.42,11.96,-1.5018,-2.4535,NONE,0.45,-2.5719,-27.5182,76741596.5,46.2167,SECONDARY_RESEARCH,,falling_knife;trend_unconfirmed,falling_knife;trend_unconfirmed
381,002623,亚玛顿,C30非金属矿物制品业,baostock.query_stock_industry,2026-07-06,2026-07-10,16.23,0.16,0.048,10.0339,16.23,19.4,21.66,21.11,-3.3947,-2.5258,NONE,0.98,-7.9814,-30.4593,92598561.45,46.2123,SECONDARY_RESEARCH,,falling_knife;trend_unconfirmed,falling_knife;trend_unconfirmed
382,000883,湖北能源,D44电力、热力生产和供应业,baostock.query_stock_industry,2026-07-06,2026-07-10,4.48,0.2856,0.036,3.7037,4.59,4.83,4.78,4.71,-2.278,-0.2099,NONE,0.13,-10.8058,-7.6735,178416450.35,46.2086,SECONDARY_RESEARCH,,trend_unconfirmed,trend_unconfirmed
383,002761,浙江建投,E48土木工程建筑业,baostock.query_stock_industry,2026-07-06,2026-07-10,6.94,0.008,0.04,4.6757,6.96,7.7,8.08,8.68,-1.3603,-1.4686,NONE,0.19,-3.9757,-19.2804,65202002.65,46.2051,SECONDARY_RESEARCH,,falling_knife;trend_unconfirmed,falling_knife;trend_unconfirmed
384,002941,新疆交建,E48土木工程建筑业,baostock.query_stock_industry,2026-07-06,2026-07-10,9.51,0.044,0.016,1.9293,10.08,12.43,14.3,15.0,-3.8067,-3.9278,NONE,0.36,-12.4324,-42.9599,118630134.75,46.1944,SECONDARY_RESEARCH,,falling_knife;trend_unconfirmed,falling_knife;trend_unconfirmed
385,002376,新北洋,C39计算机、通信和其他电子设备制造业,baostock.query_stock_industry,2026-07-06,2026-07-10,6.05,0.1224,0.06,7.6512,5.92,6.62,7.11,7.45,-1.5062,-1.4508,NONE,0.19,-1.1453,-19.3423,60817109.55,46.1928,SECONDARY_RESEARCH,,falling_knife;trend_unconfirmed,falling_knife;trend_unconfirmed
386,002073,软控股份,C35专用设备制造业,baostock.query_stock_industry,2026-07-06,2026-07-10,5.23,0.0784,0.024,2.7505,5.31,6.03,6.95,7.83,-1.3919,-2.5102,NONE,0.19,-3.5539,-30.5637,83539584.05,46.1856,SECONDARY_RESEARCH,,falling_knife;trend_unconfirmed,falling_knife;trend_unconfirmed
387,000898,鞍钢股份,C31黑色金属冶炼和压延加工业,baostock.query_stock_industry,2026-07-06,2026-07-10,1.91,0.016,0.048,2.6882,1.93,2.09,2.3,2.48,-1.2551,-1.8411,NONE,0.06,-3.8619,-23.5016,71228295.8,46.1683,SECONDARY_RESEARCH,,falling_knife;trend_unconfirmed,falling_knife;trend_unconfirmed
388,002004,华邦健康,C26化学原料和化学制品制造业,baostock.query_stock_industry,2026-07-06,2026-07-10,4.13,0.1224,0.036,5.0891,4.17,4.6,5.0,4.86,-2.0312,-2.0304,NONE,0.14,-10.5416,-23.9269,83573909.2,46.1523,SECONDARY_RESEARCH,,trend_unconfirmed,trend_unconfirmed
389,002372,伟星新材,C29橡胶和塑料制品业,baostock.query_stock_industry,2026-07-06,2026-07-10,7.98,0.0016,0.008,0.2513,8.49,9.61,10.55,10.56,-3.1437,-1.983,NONE,0.29,-14.193,-28.794,100945633.45,46.149,SECONDARY_RESEARCH,,falling_knife;trend_unconfirmed,falling_knife;trend_unconfirmed
390,002390,信邦制药,F51批发业,baostock.query_stock_industry,2026-07-06,2026-07-10,2.78,0.012,0.06,6.9231,2.75,3.01,3.16,3.43,-1.595,-1.4883,NONE,0.11,-5.1171,-17.8294,63820928.6,46.1466,SECONDARY_RESEARCH,,falling_knife;trend_unconfirmed,falling_knife;trend_unconfirmed
391,000410,沈阳机床,C34通用设备制造业,baostock.query_stock_industry,2026-07-06,2026-07-10,4.6,0.1112,0.02,1.5453,4.87,5.59,6.45,6.86,-3.0569,-2.9069,NONE,0.23,-11.8167,-35.9814,111571942.1,46.1287,SECONDARY_RESEARCH,,falling_knife;trend_unconfirmed,falling_knife;trend_unconfirmed
392,002609,捷顺科技,I65软件和信息技术服务业,baostock.query_stock_industry,2026-07-06,2026-07-10,7.33,0.0928,0.02,2.0891,7.49,7.99,8.79,9.54,-0.8214,-1.0997,NONE,0.31,-1.0373,-16.3328,55057097.35,46.1,SECONDARY_RESEARCH,,falling_knife;trend_unconfirmed,falling_knife;trend_unconfirmed
393,002482,广田集团,E50建筑装饰、装修和其他建筑业,baostock.query_stock_industry,2026-07-06,2026-07-10,1.26,0.0104,0.052,6.7797,1.27,1.49,1.61,1.72,-3.8883,-2.5384,NONE,0.07,-11.9492,-30.3161,97950783.95,46.0839,SECONDARY_RESEARCH,,falling_knife;trend_unconfirmed,falling_knife;trend_unconfirmed
394,002878,元隆雅图,L72商务服务业,baostock.query_stock_industry,2026-07-06,2026-07-10,11.52,0.056,0.028,3.8774,12.06,15.49,16.99,18.05,-7.3034,-3.2782,NONE,0.5,-21.4772,-37.9594,115263891.65,46.0599,SECONDARY_RESEARCH,,falling_knife;trend_unconfirmed,falling_knife;trend_unconfirmed
395,002705,新宝股份,C38电气机械和器材制造业,baostock.query_stock_industry,2026-07-06,2026-07-10,11.23,0.0072,0.032,4.2711,11.4,13.45,13.86,14.57,-2.0034,-2.2447,NONE,0.36,-7.336,-30.1121,87311789.35,46.0484,SECONDARY_RESEARCH,,falling_knife;trend_unconfirmed,falling_knife;trend_unconfirmed
396,002727,一心堂,F52零售业,baostock.query_stock_industry,2026-07-06,2026-07-10,10.12,0.0048,0.024,5.5266,10.41,11.56,12.42,13.4,-1.9259,-1.6829,NONE,0.43,-7.8667,-23.0178,75144546.1,46.0462,SECONDARY_RESEARCH,,falling_knife;trend_unconfirmed,falling_knife;trend_unconfirmed
397,002819,东方中科,F51批发业,baostock.query_stock_industry,2026-07-06,2026-07-10,20.74,0.0272,0.02,4.012,21.45,24.36,25.94,27.54,-1.9186,-2.0642,NONE,1.02,-2.2187,-27.8741,73729113.15,46.0434,SECONDARY_RESEARCH,,falling_knife;trend_unconfirmed,falling_knife;trend_unconfirmed
398,003000,劲仔食品,C13农副食品加工业,baostock.query_stock_industry,2026-07-06,2026-07-10,10.09,0.16,0.04,4.0206,10.19,10.65,10.82,11.56,-1.4034,-0.2045,NONE,0.32,-7.9714,-6.5676,49714178.4,45.979,SECONDARY_RESEARCH,,trend_unconfirmed,trend_unconfirmed
399,000411,英特集团,F51批发业,baostock.query_stock_industry,2026-07-06,2026-07-10,9.31,0.0288,0.024,3.4444,9.52,10.67,11.33,11.46,-1.7295,-1.202,NONE,0.37,-0.3347,-18.6273,55565666.6,45.9777,SECONDARY_RESEARCH,,falling_knife;trend_unconfirmed,falling_knife;trend_unconfirmed
400,000881,中广核技,C26化学原料和化学制品制造业,baostock.query_stock_industry,2026-07-06,2026-07-10,6.19,0.056,0.012,0.6504,6.55,7.32,7.83,8.05,-3.5862,-1.5032,NONE,0.24,-10.1474,-23.4128,78246922.15,45.9542,SECONDARY_RESEARCH,,falling_knife;trend_unconfirmed,falling_knife;trend_unconfirmed
401,002649,博彦科技,I65软件和信息技术服务业,baostock.query_stock_industry,2026-07-06,2026-07-10,8.26,0.0632,0.036,4.1614,8.43,9.85,11.49,12.81,-2.8252,-2.8493,NONE,0.32,-6.3683,-33.7751,90507051.15,45.9394,SECONDARY_RESEARCH,,falling_knife;trend_unconfirmed,falling_knife;trend_unconfirmed
402,001914,招商积余,K70房地产业,baostock.query_stock_industry,2026-07-06,2026-07-10,8.52,0.0176,0.044,4.4118,8.66,9.53,10.2,11.05,-2.6539,-0.982,NONE,0.26,-10.576,-16.5081,66997585.25,45.9364,SECONDARY_RESEARCH,,falling_knife;trend_unconfirmed,falling_knife;trend_unconfirmed
403,000069,华侨城Ａ,K70房地产业,baostock.query_stock_industry,2026-07-06,2026-07-10,1.69,0.0104,0.052,4.321,1.71,1.96,2.23,2.35,-3.2002,-2.3312,NONE,0.07,-9.9595,-28.9873,87969911.75,45.932,SECONDARY_RESEARCH,,falling_knife;trend_unconfirmed,falling_knife;trend_unconfirmed
404,002244,滨江集团,K70房地产业,baostock.query_stock_industry,2026-07-06,2026-07-10,8.08,0.3432,0.048,8.166,8.1,9.45,10.08,10.29,-4.0857,-1.6445,NONE,0.4,-14.7085,-22.9,245934035.65,45.8983,SECONDARY_RESEARCH,,falling_knife;trend_unconfirmed,falling_knife;trend_unconfirmed
405,002081,金 螳 螂,E50建筑装饰、装修和其他建筑业,baostock.query_stock_industry,2026-07-06,2026-07-10,4.08,0.4712,0.796,27.8997,4.51,5.38,4.48,3.98,-7.8243,1.0905,NONE,0.23,-25.0492,16.9948,738100258.95,45.8946,SECONDARY_RESEARCH,,trend_unconfirmed,trend_unconfirmed
406,002578,闽发铝业,C32有色金属冶炼和压延加工业,baostock.query_stock_industry,2026-07-06,2026-07-10,3.03,0.1264,0.016,2.3649,3.31,3.77,4.05,3.93,-4.3472,-2.3082,NONE,0.14,-15.9588,-29.6189,99701272.45,45.8333,SECONDARY_RESEARCH,,falling_knife;trend_unconfirmed,falling_knife;trend_unconfirmed
407,000166,申万宏源,J67资本市场服务,baostock.query_stock_industry,2026-07-06,2026-07-10,4.51,0.404,0.096,5.8685,4.54,4.56,4.76,5.06,1.3272,-0.2151,NONE,0.15,0.7253,-9.4864,654024758.3,45.8239,SECONDARY_RESEARCH,,trend_unconfirmed,trend_unconfirmed
408,000553,安道麦A,C26化学原料和化学制品制造业,baostock.query_stock_industry,2026-07-06,2026-07-10,5.77,0.1136,0.104,7.8505,5.79,6.22,6.17,6.4,-0.2756,-0.7705,NONE,0.23,-3.3482,-12.8465,49715610.35,45.8135,SECONDARY_RESEARCH,,trend_unconfirmed,trend_unconfirmed
409,002462,嘉事堂,F51批发业,baostock.query_stock_industry,2026-07-06,2026-07-10,11.25,0.0568,0.036,4.8462,11.99,13.17,14.34,14.38,-3.9037,-2.0788,NONE,0.49,-16.6608,-25.431,91691687.25,45.8029,SECONDARY_RESEARCH,,falling_knife;trend_unconfirmed,falling_knife;trend_unconfirmed
410,002453,华软科技,C26化学原料和化学制品制造业,baostock.query_stock_industry,2026-07-06,2026-07-10,4.13,0.0424,0.012,2.4814,4.72,5.34,5.64,6.12,-5.958,-1.3121,NONE,0.33,-23.8249,-21.6682,98080671.5,45.7672,SECONDARY_RESEARCH,,falling_knife;trend_unconfirmed,falling_knife;trend_unconfirmed
411,000915,华特达因,C27医药制造业,baostock.query_stock_industry,2026-07-06,2026-07-10,24.52,0.0048,0.008,0.4506,26.6,27.89,30.03,31.79,-2.0039,-1.903,NONE,1.06,-11.2631,-25.2092,80118206.55,45.7663,SECONDARY_RESEARCH,,falling_knife;trend_unconfirmed,falling_knife;trend_unconfirmed
412,002697,红旗连锁,F52零售业,baostock.query_stock_industry,2026-07-06,2026-07-10,4.42,0.0456,0.064,6.506,4.36,4.78,5.3,5.56,-1.2112,-1.7419,NONE,0.11,-2.2077,-21.6622,58958706.6,45.7273,SECONDARY_RESEARCH,,falling_knife;trend_unconfirmed,falling_knife;trend_unconfirmed
413,000902,新洋丰,C26化学原料和化学制品制造业,baostock.query_stock_industry,2026-07-06,2026-07-10,12.0,0.2992,0.02,3.8062,12.23,13.63,15.24,15.0,-0.0899,-2.2412,NONE,0.5,-2.3826,-28.5804,207585536.05,45.7107,SECONDARY_RESEARCH,,falling_knife;trend_unconfirmed,falling_knife;trend_unconfirmed
414,002324,普利特,C29橡胶和塑料制品业,baostock.query_stock_industry,2026-07-06,2026-07-10,10.48,0.248,0.016,1.256,12.07,13.54,15.42,14.42,-2.3275,-2.7084,NONE,0.62,-11.7382,-35.8025,287696261.7,45.7033,SECONDARY_RESEARCH,,falling_knife;trend_unconfirmed,falling_knife;trend_unconfirmed
415,002760,凤形股份,C33金属制品业,baostock.query_stock_industry,2026-07-06,2026-07-10,16.54,0.1384,0.024,3.4396,17.02,20.16,21.5,21.37,-2.4644,-2.0245,NONE,0.84,-8.3895,-27.4677,77781658.45,45.6985,SECONDARY_RESEARCH,,falling_knife;trend_unconfirmed,falling_knife;trend_unconfirmed
416,000570,苏常柴Ａ,C34通用设备制造业,baostock.query_stock_industry,2026-07-06,2026-07-10,4.86,0.1632,0.04,4.0685,4.94,5.75,5.79,5.82,-2.1703,-1.1177,NONE,0.19,-6.2032,-19.7648,61518767.65,45.6921,SECONDARY_RESEARCH,,trend_unconfirmed,trend_unconfirmed
417,000862,银星能源,D44电力、热力生产和供应业,baostock.query_stock_industry,2026-07-06,2026-07-10,4.7,0.0536,0.016,2.1739,5.06,6.19,6.52,6.14,-6.7711,-2.0989,NONE,0.19,-20.6934,-30.8813,106367587.9,45.6876,SECONDARY_RESEARCH,,falling_knife;trend_unconfirmed,falling_knife;trend_unconfirmed
418,000937,冀中能源,B06煤炭开采和洗选业,baostock.query_stock_industry,2026-07-06,2026-07-10,4.24,0.0568,0.036,8.9974,4.42,5.18,5.41,5.69,-6.6462,-2.0004,NONE,0.16,-22.5005,-28.3117,106286597.15,45.6841,SECONDARY_RESEARCH,,falling_knife;trend_unconfirmed,falling_knife;trend_unconfirmed
419,000055,方大集团,C33金属制品业,baostock.query_stock_industry,2026-07-06,2026-07-10,3.26,0.004,0.016,2.8391,3.47,3.56,3.74,4.03,-2.9111,-0.6965,NONE,0.14,-13.2028,-12.0825,60218040.95,45.6723,SECONDARY_RESEARCH,,falling_knife;trend_unconfirmed,falling_knife;trend_unconfirmed
420,002356,赫美集团,F52零售业,baostock.query_stock_industry,2026-07-06,2026-07-10,2.82,0.0488,0.032,6.4151,2.92,3.14,3.57,3.6,-3.2814,-1.8826,NONE,0.12,-10.6356,-23.8623,74873914.7,45.6693,SECONDARY_RESEARCH,,falling_knife;trend_unconfirmed,falling_knife;trend_unconfirmed
421,002489,浙江永强,C21家具制造业,baostock.query_stock_industry,2026-07-06,2026-07-10,2.75,0.1136,0.02,1.476,2.89,3.39,3.51,3.67,-5.8852,-1.5518,NONE,0.1,-18.9755,-23.7886,90322030.5,45.6682,SECONDARY_RESEARCH,,falling_knife;trend_unconfirmed,falling_knife;trend_unconfirmed
422,002420,毅昌科技,C29橡胶和塑料制品业,baostock.query_stock_industry,2026-07-06,2026-07-10,5.35,0.1952,0.012,1.518,5.56,6.41,7.16,7.19,-1.2168,-2.763,NONE,0.31,-4.7405,-34.7723,83896340.95,45.6649,SECONDARY_RESEARCH,,falling_knife;trend_unconfirmed,falling_knife;trend_unconfirmed
423,002901,大博医疗,C35专用设备制造业,baostock.query_stock_industry,2026-07-06,2026-07-10,44.76,0.7168,0.4,24.6797,43.02,42.22,44.54,47.53,2.2167,0.3053,MEDIUM,1.95,7.0669,0.7354,108002368.3,45.6382,SECONDARY_RESEARCH,,,
424,001215,千味央厨,C14食品制造业,baostock.query_stock_industry,2026-07-06,2026-07-10,34.73,0.2579,0.232,23.9472,38.22,40.91,40.84,37.82,-3.6238,-0.7035,NONE,2.87,-18.1252,-13.5175,206355918.3,45.6131,SECONDARY_RESEARCH,,trend_unconfirmed,trend_unconfirmed
425,002299,圣农发展,C13农副食品加工业,baostock.query_stock_industry,2026-07-06,2026-07-10,15.77,0.2224,0.052,8.8337,15.92,17.15,17.48,17.06,-0.0188,-1.0949,NONE,0.62,-3.2387,-20.3271,174338937.35,45.5863,SECONDARY_RESEARCH,,trend_unconfirmed,trend_unconfirmed
426,002461,珠江啤酒,C15酒、饮料和精制茶制造业,baostock.query_stock_industry,2026-07-06,2026-07-10,7.79,0.1512,0.032,2.9062,8.1,9.2,9.38,9.78,-4.2967,-1.8486,NONE,0.24,-15.8942,-25.4277,85822010.05,45.5845,SECONDARY_RESEARCH,,falling_knife;trend_unconfirmed,falling_knife;trend_unconfirmed
427,000928,中钢国际,E48土木工程建筑业,baostock.query_stock_industry,2026-07-06,2026-07-10,4.89,0.0032,0.016,1.875,5.27,6.04,6.42,6.45,-3.7717,-2.7446,NONE,0.16,-11.4212,-30.3429,86671110.8,45.584,SECONDARY_RESEARCH,,falling_knife;trend_unconfirmed,falling_knife;trend_unconfirmed
428,002996,顺博合金,C42废弃资源综合利用业,baostock.query_stock_industry,2026-07-06,2026-07-10,6.04,0.0736,0.024,3.9587,6.17,6.82,7.32,7.5,-0.9474,-1.4597,NONE,0.25,-4.0484,-22.4799,60555432.4,45.571,SECONDARY_RESEARCH,,falling_knife;trend_unconfirmed,falling_knife;trend_unconfirmed
429,002945,华林证券,J67资本市场服务,baostock.query_stock_industry,2026-07-06,2026-07-10,13.16,0.2608,0.008,0.458,13.81,14.67,16.04,15.87,-0.608,-1.4423,NONE,0.54,-2.6602,-21.8223,176434475.3,45.5533,SECONDARY_RESEARCH,,trend_unconfirmed,trend_unconfirmed
430,002285,世联行,K70房地产业,baostock.query_stock_industry,2026-07-06,2026-07-10,2.09,0.1248,0.04,5.5556,2.16,2.66,2.79,2.69,-4.6748,-2.7162,NONE,0.11,-12.7515,-34.2995,96830468.7,45.5531,SECONDARY_RESEARCH,,falling_knife;trend_unconfirmed,falling_knife;trend_unconfirmed
431,002818,富森美,L72商务服务业,baostock.query_stock_industry,2026-07-06,2026-07-10,10.43,0.004,0.02,0.5786,10.85,11.12,11.28,11.57,-1.1475,-0.1392,NONE,0.29,-5.0932,-6.3152,40850918.0,45.5479,SECONDARY_RESEARCH,,trend_unconfirmed,trend_unconfirmed
432,000532,华金资本,S91综合,baostock.query_stock_industry,2026-07-06,2026-07-10,10.53,0.0536,0.016,1.5429,11.16,12.25,13.75,14.48,-3.6815,-2.0045,NONE,0.4,-9.9839,-27.1777,77319657.2,45.5422,SECONDARY_RESEARCH,,falling_knife;trend_unconfirmed,falling_knife;trend_unconfirmed
433,000728,国元证券,J67资本市场服务,baostock.query_stock_industry,2026-07-06,2026-07-10,7.25,0.4952,0.104,7.5668,7.41,7.31,7.7,8.2,1.9966,-0.3497,NONE,0.29,6.2559,-11.485,457569835.75,45.54,SECONDARY_RESEARCH,,trend_unconfirmed,trend_unconfirmed
434,000816,智慧农业,C34通用设备制造业,baostock.query_stock_industry,2026-07-06,2026-07-10,2.45,0.12,0.056,7.9295,2.41,2.75,3.22,3.3,-1.2277,-2.4136,NONE,0.11,-2.1206,-28.8165,66684963.4,45.5314,SECONDARY_RESEARCH,,falling_knife;trend_unconfirmed,falling_knife;trend_unconfirmed
435,002006,精工科技,C35专用设备制造业,baostock.query_stock_industry,2026-07-06,2026-07-10,14.79,0.2208,0.04,7.1739,14.89,16.68,18.33,19.03,-1.1979,-1.3048,NONE,0.69,-1.3784,-21.8081,169648680.2,45.4905,SECONDARY_RESEARCH,,falling_knife;trend_unconfirmed,falling_knife;trend_unconfirmed
436,002783,凯龙股份,C26化学原料和化学制品制造业,baostock.query_stock_industry,2026-07-06,2026-07-10,7.05,0.02,0.008,0.7143,7.31,8.22,9.04,9.4,-1.8521,-2.4457,NONE,0.33,-3.9352,-31.7533,73500043.3,45.4704,SECONDARY_RESEARCH,,falling_knife;trend_unconfirmed,falling_knife;trend_unconfirmed
437,002388,新亚制程,C39计算机、通信和其他电子设备制造业,baostock.query_stock_industry,2026-07-06,2026-07-10,4.49,0.2472,0.076,3.4562,5.19,5.33,5.39,5.37,-2.7986,-0.2869,NONE,0.36,-12.7507,-15.3465,186500057.7,45.4653,SECONDARY_RESEARCH,,trend_unconfirmed,trend_unconfirmed
438,002425,凯撒文化,I64互联网和相关服务,baostock.query_stock_industry,2026-07-06,2026-07-10,2.75,0.1896,0.056,5.7692,2.72,3.09,3.39,3.57,-2.2254,-1.6329,NONE,0.15,-4.1377,-20.8471,56280446.0,45.4269,SECONDARY_RESEARCH,,falling_knife;trend_unconfirmed,falling_knife;trend_unconfirmed
439,000519,中兵红箭,C35专用设备制造业,baostock.query_stock_industry,2026-07-06,2026-07-10,17.52,0.4448,0.124,11.6635,20.19,18.88,18.71,19.11,0.1215,0.8251,NONE,1.43,-7.821,-5.114,2028959649.95,45.4065,SECONDARY_RESEARCH,,trend_unconfirmed,trend_unconfirmed
440,000708,中信特钢,C31黑色金属冶炼和压延加工业,baostock.query_stock_industry,2026-07-06,2026-07-10,12.8,0.2016,0.124,9.029,13.24,14.38,15.36,14.63,-1.1462,-2.1476,NONE,0.48,-8.7584,-29.1396,224208380.35,45.403,SECONDARY_RESEARCH,,trend_unconfirmed,trend_unconfirmed
441,000718,苏宁环球,K70房地产业,baostock.query_stock_industry,2026-07-06,2026-07-10,1.82,0.0656,0.052,7.0588,1.81,2.0,2.14,2.3,-4.8434,-1.3913,NONE,0.07,-9.8536,-19.387,61873426.4,45.3886,SECONDARY_RESEARCH,,falling_knife;trend_unconfirmed,falling_knife;trend_unconfirmed
442,002622,皓宸医疗,Q84卫生,baostock.query_stock_industry,2026-07-06,2026-07-10,2.16,0.116,0.04,4.3478,2.18,2.47,2.69,3.05,-3.0,-1.6026,NONE,0.13,-8.607,-19.7279,60277737.85,45.3714,SECONDARY_RESEARCH,,falling_knife;trend_unconfirmed,falling_knife;trend_unconfirmed
443,002919,名臣健康,I64互联网和相关服务,baostock.query_stock_industry,2026-07-06,2026-07-10,19.05,0.3096,0.372,31.47,19.94,21.87,22.69,20.37,-0.494,-0.0038,NONE,1.26,-4.904,-8.1244,133963176.3,45.3656,SECONDARY_RESEARCH,,trend_unconfirmed,trend_unconfirmed
444,002777,久远银海,I65软件和信息技术服务业,baostock.query_stock_industry,2026-07-06,2026-07-10,12.37,0.0208,0.04,4.8305,12.57,14.58,16.74,17.89,-2.8361,-2.3556,NONE,0.43,-7.8112,-29.1447,73873001.95,45.3654,SECONDARY_RESEARCH,,falling_knife;trend_unconfirmed,falling_knife;trend_unconfirmed
445,000757,浩物股份,F52零售业,baostock.query_stock_industry,2026-07-06,2026-07-10,3.64,0.1584,0.036,6.7449,3.67,4.22,4.64,4.91,-1.6736,-2.1661,NONE,0.2,-6.7654,-28.2831,70501416.4,45.356,SECONDARY_RESEARCH,,falling_knife;trend_unconfirmed,falling_knife;trend_unconfirmed
446,000629,钒钛股份,C32有色金属冶炼和压延加工业,baostock.query_stock_industry,2026-07-06,2026-07-10,3.09,0.3704,0.432,20.2335,3.27,3.45,3.58,3.24,0.1839,-0.3701,NONE,0.2,-0.9862,-12.4695,677170564.2,45.3544,SECONDARY_RESEARCH,,trend_unconfirmed,trend_unconfirmed
447,002241,歌尔股份,C39计算机、通信和其他电子设备制造业,baostock.query_stock_industry,2026-07-06,2026-07-10,22.57,0.4144,0.088,10.583,22.56,24.32,25.11,27.24,-2.2379,-0.7685,NONE,1.09,-1.9711,-11.5531,2159296737.05,45.3476,SECONDARY_RESEARCH,,trend_unconfirmed,trend_unconfirmed
448,000906,浙商中拓,L72商务服务业,baostock.query_stock_industry,2026-07-06,2026-07-10,5.24,0.0176,0.028,3.9683,5.32,5.9,5.95,6.11,-1.6095,-0.5979,NONE,0.2,-5.6904,-12.6649,46311400.65,45.3235,SECONDARY_RESEARCH,,trend_unconfirmed,trend_unconfirmed
449,000504,南华生物,M75科技推广和应用服务业,baostock.query_stock_industry,2026-07-06,2026-07-10,8.06,0.14,0.056,11.9444,7.85,8.9,9.09,9.37,-1.5233,-1.7334,NONE,0.45,-5.4596,-23.7377,60737127.9,45.3164,SECONDARY_RESEARCH,,trend_unconfirmed,trend_unconfirmed
450,002253,川大智胜,I65软件和信息技术服务业,baostock.query_stock_industry,2026-07-06,2026-07-10,9.48,0.0328,0.028,1.6077,10.34,11.15,11.07,10.71,-3.4953,-1.1972,NONE,0.54,-13.6466,-17.9393,64328614.35,45.3157,SECONDARY_RESEARCH,,trend_unconfirmed,trend_unconfirmed
451,003001,中岩大地,E48土木工程建筑业,baostock.query_stock_industry,2026-07-06,2026-07-10,14.21,0.06,0.052,10.4118,13.87,16.76,18.05,21.73,-5.4713,-2.096,NONE,0.72,-11.4879,-23.9238,70392982.0,45.3131,SECONDARY_RESEARCH,,falling_knife;trend_unconfirmed,falling_knife;trend_unconfirmed
452,003040,楚天龙,C39计算机、通信和其他电子设备制造业,baostock.query_stock_industry,2026-07-06,2026-07-10,10.46,0.0288,0.016,3.4619,11.12,13.24,15.49,18.88,-4.0971,-3.6849,NONE,0.48,-12.5916,-39.666,97997818.55,45.3126,SECONDARY_RESEARCH,,falling_knife;trend_unconfirmed,falling_knife;trend_unconfirmed
453,002110,三钢闽光,C31黑色金属冶炼和压延加工业,baostock.query_stock_industry,2026-07-06,2026-07-10,2.92,0.0424,0.032,2.8169,2.94,3.2,3.72,4.09,-0.5747,-2.3393,NONE,0.11,-1.9911,-27.5917,61051779.6,45.2992,SECONDARY_RESEARCH,,falling_knife;trend_unconfirmed,falling_knife;trend_unconfirmed
454,002958,青农商行,J66货币金融服务,baostock.query_stock_industry,2026-07-06,2026-07-10,2.79,0.224,0.024,1.8248,2.83,2.91,3.01,3.18,-0.8587,-0.4781,NONE,0.07,-6.4129,-10.8096,144140088.9,45.2965,SECONDARY_RESEARCH,,trend_unconfirmed,trend_unconfirmed
455,002493,荣盛石化,C26化学原料和化学制品制造业,baostock.query_stock_industry,2026-07-06,2026-07-10,10.95,0.392,0.492,31.6106,11.51,11.92,12.63,11.12,0.5023,-0.8155,NONE,0.79,0.5496,-14.6797,861677173.0,45.287,SECONDARY_RESEARCH,,trend_unconfirmed,trend_unconfirmed
456,000701,厦门信达,F51批发业,baostock.query_stock_industry,2026-07-06,2026-07-10,4.68,0.1616,0.048,6.3636,4.69,5.44,5.81,6.1,-4.1845,-2.068,NONE,0.21,-8.6376,-24.9771,66514449.55,45.2529,SECONDARY_RESEARCH,,falling_knife;trend_unconfirmed,falling_knife;trend_unconfirmed
457,002382,蓝帆医疗,C29橡胶和塑料制品业,baostock.query_stock_industry,2026-07-06,2026-07-10,5.24,0.1624,0.036,3.1496,5.34,6.38,6.55,6.2,-3.0298,-3.4413,NONE,0.21,-9.7025,-35.3956,86448126.25,45.2392,SECONDARY_RESEARCH,,trend_unconfirmed,trend_unconfirmed
458,000581,威孚高科,C36汽车制造业,baostock.query_stock_industry,2026-07-06,2026-07-10,17.6,0.2608,0.044,5.0119,17.58,18.85,20.36,20.57,-0.3994,-1.29,NONE,0.51,-0.6819,-20.1022,152941877.4,45.2262,SECONDARY_RESEARCH,,trend_unconfirmed,trend_unconfirmed
459,000065,北方国际,F51批发业,baostock.query_stock_industry,2026-07-06,2026-07-10,8.92,0.2856,0.008,0.4505,10.73,12.17,12.61,12.1,-5.9146,-3.8163,NONE,0.51,-19.7006,-39.3243,274601787.4,45.2194,SECONDARY_RESEARCH,,falling_knife;trend_unconfirmed,falling_knife;trend_unconfirmed
460,002355,兴民智通,C36汽车制造业,baostock.query_stock_industry,2026-07-06,2026-07-10,4.25,0.1104,0.02,3.6585,4.46,5.46,6.16,6.22,-4.282,-3.0164,NONE,0.23,-11.4589,-35.5521,89824696.8,45.2187,SECONDARY_RESEARCH,,falling_knife;trend_unconfirmed,falling_knife;trend_unconfirmed
461,000031,大悦城,K70房地产业,baostock.query_stock_industry,2026-07-06,2026-07-10,2.18,0.0088,0.044,4.3062,2.24,2.62,2.93,3.02,-4.5203,-2.4386,NONE,0.1,-13.0518,-31.0331,84026479.5,45.2146,SECONDARY_RESEARCH,,falling_knife;trend_unconfirmed,falling_knife;trend_unconfirmed
462,000717,中南股份,C31黑色金属冶炼和压延加工业,baostock.query_stock_industry,2026-07-06,2026-07-10,2.11,0.0808,0.06,7.6531,2.09,2.26,2.44,2.61,-0.3567,-1.2827,NONE,0.1,-0.3539,-19.0087,46015369.15,45.1983,SECONDARY_RESEARCH,,falling_knife;trend_unconfirmed,falling_knife;trend_unconfirmed
463,000936,华西股份,C28化学纤维制造业,baostock.query_stock_industry,2026-07-06,2026-07-10,5.12,0.036,0.016,1.3861,5.47,6.66,7.36,7.47,-3.556,-2.8475,NONE,0.19,-10.8515,-36.7089,90230416.75,45.184,SECONDARY_RESEARCH,,falling_knife;trend_unconfirmed,falling_knife;trend_unconfirmed
464,002712,思美传媒,L72商务服务业,baostock.query_stock_industry,2026-07-06,2026-07-10,4.31,0.1768,0.04,5.122,4.37,5.01,5.47,5.62,-3.9147,-1.6298,NONE,0.21,-9.4132,-20.7444,60124472.65,45.1787,SECONDARY_RESEARCH,,falling_knife;trend_unconfirmed,falling_knife;trend_unconfirmed
465,002910,庄园牧场,C14食品制造业,baostock.query_stock_industry,2026-07-06,2026-07-10,10.64,0.4776,0.424,15.778,11.47,10.86,11.28,10.89,5.0948,0.85,NONE,1.16,7.8173,-5.18,367194167.15,45.1787,SECONDARY_RESEARCH,,trend_unconfirmed,trend_unconfirmed
466,002707,众信旅游,L72商务服务业,baostock.query_stock_industry,2026-07-06,2026-07-10,4.85,0.0344,0.028,3.1915,5.03,5.68,6.51,7.01,-2.99,-2.6051,NONE,0.19,-9.6284,-31.7201,77850133.7,45.1532,SECONDARY_RESEARCH,,falling_knife;trend_unconfirmed,falling_knife;trend_unconfirmed
467,002242,九阳股份,C38电气机械和器材制造业,baostock.query_stock_industry,2026-07-06,2026-07-10,8.07,0.0064,0.032,2.6718,8.23,9.41,9.83,9.94,-1.0281,-1.4274,NONE,0.25,-5.6948,-21.152,54872528.7,45.1388,SECONDARY_RESEARCH,,falling_knife;trend_unconfirmed,falling_knife;trend_unconfirmed
468,002334,英威腾,C38电气机械和器材制造业,baostock.query_stock_industry,2026-07-06,2026-07-10,7.03,0.26,0.02,1.7366,7.54,8.28,8.74,8.86,-5.6879,-1.2477,NONE,0.31,-16.2019,-21.0411,207782532.25,45.0875,SECONDARY_RESEARCH,,falling_knife;trend_unconfirmed,falling_knife;trend_unconfirmed
469,000797,中国武夷,K70房地产业,baostock.query_stock_industry,2026-07-06,2026-07-10,2.3,0.0144,0.052,5.5046,2.29,2.56,2.82,2.99,-2.2611,-1.8045,NONE,0.1,-6.2695,-23.1617,57590352.95,45.0755,SECONDARY_RESEARCH,,falling_knife;trend_unconfirmed,falling_knife;trend_unconfirmed
470,000068,华控赛格,F51批发业,baostock.query_stock_industry,2026-07-06,2026-07-10,2.72,0.0736,0.008,1.4925,3.03,3.2,3.32,3.48,-6.9442,-1.4675,NONE,0.18,-22.6982,-22.7521,83640048.2,45.0576,SECONDARY_RESEARCH,,falling_knife;trend_unconfirmed,falling_knife;trend_unconfirmed
471,000525,红太阳,C26化学原料和化学制品制造业,baostock.query_stock_industry,2026-07-06,2026-07-10,4.06,0.0528,0.04,4.6392,4.16,4.86,5.52,6.01,-2.5896,-3.3498,NONE,0.16,-9.8694,-36.313,84407057.75,45.0248,SECONDARY_RESEARCH,,falling_knife;trend_unconfirmed,falling_knife;trend_unconfirmed
472,002033,丽江股份,N78公共设施管理业,baostock.query_stock_industry,2026-07-06,2026-07-10,8.36,0.3128,0.028,1.3333,8.45,9.0,9.19,9.08,-0.4301,-0.6459,NONE,0.24,-0.588,-12.3633,124292153.05,45.0184,SECONDARY_RESEARCH,,trend_unconfirmed,trend_unconfirmed
473,002250,联化科技,C26化学原料和化学制品制造业,baostock.query_stock_industry,2026-07-06,2026-07-10,14.34,0.584,0.588,44.8485,14.33,15.14,16.03,13.71,1.3293,-0.9291,WEAK,0.91,0.8987,-18.3593,293368491.85,45.0113,SECONDARY_RESEARCH,,,
474,001230,劲旅环境,N78公共设施管理业,baostock.query_stock_industry,2026-07-06,2026-07-10,17.6,0.1863,0.036,14.5833,18.49,23.81,24.3,23.65,-9.5428,-2.6717,NONE,1.14,-29.9981,-33.5518,91444814.6,45.0,SECONDARY_RESEARCH,,falling_knife;trend_unconfirmed,falling_knife;trend_unconfirmed
475,000523,红棉股份,C13农副食品加工业,baostock.query_stock_industry,2026-07-06,2026-07-10,2.69,0.0664,0.048,4.6693,2.72,3.07,3.4,3.38,-2.6877,-1.6291,NONE,0.1,-7.9081,-22.4216,57322635.9,44.9667,LOW_PRIORITY,,falling_knife;trend_unconfirmed,falling_knife;trend_unconfirmed
476,002267,陕天然气,D45燃气生产和供应业,baostock.query_stock_industry,2026-07-06,2026-07-10,6.87,0.1328,0.032,5.0459,6.87,7.4,7.66,7.87,-1.1588,-0.895,NONE,0.19,-4.6864,-15.3287,43867140.85,44.952,LOW_PRIORITY,,trend_unconfirmed,trend_unconfirmed
477,000736,中交发展,K70房地产业,baostock.query_stock_industry,2026-07-06,2026-07-10,3.91,0.012,0.048,7.1233,3.97,4.84,5.08,5.14,-2.9674,-1.7959,NONE,0.21,-7.3205,-28.7846,65668520.2,44.9501,LOW_PRIORITY,,falling_knife;trend_unconfirmed,falling_knife;trend_unconfirmed
478,002419,天虹股份,F52零售业,baostock.query_stock_industry,2026-07-06,2026-07-10,4.39,0.0632,0.044,3.7825,4.42,4.95,5.33,5.49,-1.7758,-2.2365,NONE,0.16,-4.6148,-27.9529,60300132.95,44.9497,LOW_PRIORITY,,falling_knife;trend_unconfirmed,falling_knife;trend_unconfirmed
479,002616,长青集团,N77生态保护和环境治理业,baostock.query_stock_industry,2026-07-06,2026-07-10,4.64,0.1776,0.056,5.4545,4.63,5.37,5.65,5.95,-2.7407,-1.7019,NONE,0.15,-5.4431,-23.8782,55613998.7,44.9453,LOW_PRIORITY,,falling_knife;trend_unconfirmed,falling_knife;trend_unconfirmed
480,002723,小崧股份,C38电气机械和器材制造业,baostock.query_stock_industry,2026-07-06,2026-07-10,8.58,0.3184,0.368,21.0155,8.76,9.24,9.27,8.84,0.5743,-0.8588,NONE,0.51,2.8153,-17.9418,126562658.4,44.8863,LOW_PRIORITY,,trend_unconfirmed,trend_unconfirmed
481,002343,慈文传媒,R87广播、电视、电影和录音制作业,baostock.query_stock_industry,2026-07-06,2026-07-10,4.72,0.0816,0.056,8.2569,4.64,5.41,6.24,7.15,-2.214,-2.7752,NONE,0.24,-3.3856,-30.4526,61152327.7,44.8804,LOW_PRIORITY,,falling_knife;trend_unconfirmed,falling_knife;trend_unconfirmed
482,000665,湖北广电,I63电信、广播电视和卫星传输服务,baostock.query_stock_industry,2026-07-06,2026-07-10,3.84,0.1872,0.048,7.2626,3.81,4.35,4.84,5.38,-3.4195,-2.086,NONE,0.16,-7.4233,-23.9306,57404600.9,44.8701,LOW_PRIORITY,,falling_knife;trend_unconfirmed,falling_knife;trend_unconfirmed
483,000731,四川美丰,C26化学原料和化学制品制造业,baostock.query_stock_industry,2026-07-06,2026-07-10,5.8,0.0432,0.068,13.5029,5.5,6.22,6.73,6.84,-1.3021,-2.1031,NONE,0.25,-2.6714,-23.9899,51011519.15,44.8676,LOW_PRIORITY,,trend_unconfirmed,trend_unconfirmed
484,002060,广东建工,E48土木工程建筑业,baostock.query_stock_industry,2026-07-06,2026-07-10,3.14,0.012,0.044,3.6304,3.15,3.51,3.68,3.72,-1.6245,-1.5027,NONE,0.08,-3.4916,-20.2515,47280936.4,44.8642,LOW_PRIORITY,,trend_unconfirmed,trend_unconfirmed
485,000501,武商集团,F52零售业,baostock.query_stock_industry,2026-07-06,2026-07-10,6.87,0.024,0.02,5.6923,6.97,7.62,8.58,9.37,-0.8889,-1.6695,NONE,0.26,-4.5503,-24.0829,53449613.15,44.8552,LOW_PRIORITY,,falling_knife;trend_unconfirmed,falling_knife;trend_unconfirmed
486,002626,金达威,C14食品制造业,baostock.query_stock_industry,2026-07-06,2026-07-10,13.69,0.0576,0.024,4.0274,13.88,15.23,17.02,18.42,-1.0018,-2.2155,NONE,0.53,-3.6646,-28.5889,58180315.85,44.8347,LOW_PRIORITY,,falling_knife;trend_unconfirmed,falling_knife;trend_unconfirmed
487,002775,文科股份,E48土木工程建筑业,baostock.query_stock_industry,2026-07-06,2026-07-10,3.24,0.1496,0.012,2.5316,3.62,3.83,4.07,4.23,-3.8349,-1.2265,NONE,0.21,-15.5966,-19.3944,61598252.3,44.7951,LOW_PRIORITY,,falling_knife;trend_unconfirmed,falling_knife;trend_unconfirmed
488,002441,众业达,F51批发业,baostock.query_stock_industry,2026-07-06,2026-07-10,7.61,0.1024,0.012,1.3316,8.15,9.21,9.78,9.61,-2.582,-2.0325,NONE,0.36,-8.506,-27.8744,63381710.35,44.7745,LOW_PRIORITY,,falling_knife;trend_unconfirmed,falling_knife;trend_unconfirmed
489,002858,力盛体育,R89体育,baostock.query_stock_industry,2026-07-06,2026-07-10,10.73,0.1264,0.016,2.1905,11.38,13.78,14.82,14.74,-3.5396,-2.5867,NONE,0.51,-11.5951,-33.1854,77126799.9,44.7694,LOW_PRIORITY,,falling_knife;trend_unconfirmed,falling_knife;trend_unconfirmed
490,000509,华塑控股,C39计算机、通信和其他电子设备制造业,baostock.query_stock_industry,2026-07-06,2026-07-10,3.21,0.2848,0.064,4.902,3.71,3.98,3.84,3.66,-7.6033,-0.8847,NONE,0.22,-23.0182,-17.2055,206866869.7,44.7674,LOW_PRIORITY,,trend_unconfirmed,trend_unconfirmed
491,003037,三和管桩,C30非金属矿物制品业,baostock.query_stock_industry,2026-07-06,2026-07-10,6.19,0.1176,0.06,12.9562,5.92,6.67,7.16,7.77,-1.6456,-1.1626,NONE,0.29,-1.4722,-18.1018,41139319.0,44.7573,LOW_PRIORITY,,falling_knife;trend_unconfirmed,falling_knife;trend_unconfirmed
492,000631,顺发恒能,K70房地产业,baostock.query_stock_industry,2026-07-06,2026-07-10,2.86,0.1816,0.012,1.7794,3.01,3.2,3.49,3.34,-2.7154,-1.2804,NONE,0.1,-15.6821,-19.5673,61339111.9,44.7519,LOW_PRIORITY,,trend_unconfirmed,trend_unconfirmed
493,002572,索菲亚,C21家具制造业,baostock.query_stock_industry,2026-07-06,2026-07-10,7.69,0.0064,0.032,5.3425,7.84,9.98,11.78,12.74,-2.5647,-3.8443,NONE,0.31,-10.5198,-42.4176,86214106.8,44.7369,LOW_PRIORITY,,falling_knife;trend_unconfirmed,falling_knife;trend_unconfirmed
494,002314,南山控股,K70房地产业,baostock.query_stock_industry,2026-07-06,2026-07-10,2.05,0.0488,0.048,3.5354,2.07,2.32,2.5,2.76,-5.1764,-1.5676,NONE,0.08,-12.1804,-22.1044,59649139.5,44.7334,LOW_PRIORITY,,falling_knife;trend_unconfirmed,falling_knife;trend_unconfirmed
495,000153,丰原药业,C27医药制造业,baostock.query_stock_industry,2026-07-06,2026-07-10,5.49,0.0696,0.088,9.3625,5.32,5.86,6.22,6.49,-0.728,-1.8737,NONE,0.23,0.1679,-20.7447,41637289.8,44.7014,LOW_PRIORITY,,trend_unconfirmed,trend_unconfirmed
496,002495,佳隆股份,C14食品制造业,baostock.query_stock_industry,2026-07-06,2026-07-10,2.17,0.124,0.044,5.8537,2.16,2.42,2.56,2.65,-2.5,-1.5077,NONE,0.1,-6.963,-20.3252,49568458.25,44.6926,LOW_PRIORITY,,falling_knife;trend_unconfirmed,falling_knife;trend_unconfirmed
497,003032,传智教育,P83教育,baostock.query_stock_industry,2026-07-06,2026-07-10,5.2,0.008,0.028,2.3622,5.56,6.39,6.47,6.53,-5.6301,-1.2587,NONE,0.28,-23.2328,-22.3493,76969777.65,44.6804,LOW_PRIORITY,,falling_knife;trend_unconfirmed,falling_knife;trend_unconfirmed
498,002469,三维化学,C26化学原料和化学制品制造业,baostock.query_stock_industry,2026-07-06,2026-07-10,5.61,0.16,0.012,1.0811,6.11,6.8,7.93,8.3,-3.3436,-3.2488,NONE,0.23,-20.3585,-38.2,85045996.55,44.6764,LOW_PRIORITY,,falling_knife;trend_unconfirmed,falling_knife;trend_unconfirmed
499,002307,北新路桥,E48土木工程建筑业,baostock.query_stock_industry,2026-07-06,2026-07-10,2.99,0.0552,0.028,3.8194,3.27,3.9,4.42,4.62,-5.8798,-3.4648,NONE,0.15,-17.3221,-38.2833,84794134.1,44.6633,LOW_PRIORITY,,falling_knife;trend_unconfirmed,falling_knife;trend_unconfirmed
500,002375,亚厦股份,E50建筑装饰、装修和其他建筑业,baostock.query_stock_industry,2026-07-06,2026-07-10,3.37,0.06,0.012,1.8127,3.5,3.99,4.06,4.01,-3.9533,-1.0796,NONE,0.11,-13.091,-17.5781,53035192.95,44.6206,LOW_PRIORITY,,trend_unconfirmed,trend_unconfirmed
501,002319,乐通股份,C26化学原料和化学制品制造业,baostock.query_stock_industry,2026-07-06,2026-07-10,11.2,0.2192,0.14,17.1548,10.8,11.35,12.29,12.32,-1.0493,-0.2183,NONE,0.59,0.4148,-5.9289,96546261.0,44.5935,LOW_PRIORITY,,trend_unconfirmed,trend_unconfirmed
502,002809,红墙股份,C26化学原料和化学制品制造业,baostock.query_stock_industry,2026-07-06,2026-07-10,7.6,0.084,0.024,3.8251,7.89,9.3,10.94,11.42,-3.9496,-3.0741,NONE,0.37,-16.9601,-34.3231,83160385.9,44.5773,LOW_PRIORITY,,falling_knife;trend_unconfirmed,falling_knife;trend_unconfirmed
503,002900,哈三联,C27医药制造业,baostock.query_stock_industry,2026-07-06,2026-07-10,9.8,0.1192,0.044,6.7538,9.78,10.52,11.36,12.9,-0.4784,-1.7842,NONE,0.5,-1.1064,-20.4578,41171942.3,44.5612,LOW_PRIORITY,,falling_knife;trend_unconfirmed,falling_knife;trend_unconfirmed
504,002940,昂利康,C27医药制造业,baostock.query_stock_industry,2026-07-06,2026-07-10,27.11,0.4112,0.02,4.4299,28.02,33.31,32.77,38.1,-1.6739,-1.0493,NONE,2.21,-2.7291,-13.6738,469725188.85,44.5601,LOW_PRIORITY,,falling_knife;trend_unconfirmed,falling_knife;trend_unconfirmed
505,000900,现代投资,G54道路运输业,baostock.query_stock_industry,2026-07-06,2026-07-10,3.6,0.024,0.028,4.0462,3.61,3.87,4.04,4.16,-0.3312,-0.9438,NONE,0.1,-1.5879,-15.9817,36826451.8,44.5574,LOW_PRIORITY,,trend_unconfirmed,trend_unconfirmed
506,002414,高德红外,C39计算机、通信和其他电子设备制造业,baostock.query_stock_industry,2026-07-06,2026-07-10,14.64,0.752,0.784,46.988,13.25,13.57,14.45,13.37,1.3891,-0.2109,WEAK,0.75,14.4204,2.1165,875453036.35,44.5537,HARD_REJECT,price_too_high,,price_too_high
507,002873,新天药业,C27医药制造业,baostock.query_stock_industry,2026-07-06,2026-07-10,7.68,0.0096,0.04,5.6396,7.7,8.78,9.56,10.27,-1.8992,-2.9022,NONE,0.35,-6.0255,-26.5433,54674903.45,44.5521,LOW_PRIORITY,,falling_knife;trend_unconfirmed,falling_knife;trend_unconfirmed
508,002416,爱施德,F51批发业,baostock.query_stock_industry,2026-07-06,2026-07-10,8.86,0.2192,0.016,3.3839,9.68,11.46,12.36,12.3,-3.6925,-3.141,NONE,0.38,-15.0402,-39.1908,240772900.35,44.5519,LOW_PRIORITY,,falling_knife;trend_unconfirmed,falling_knife;trend_unconfirmed
509,002042,华孚时尚,C17纺织业,baostock.query_stock_industry,2026-07-06,2026-07-10,3.69,0.3384,0.048,10.479,3.65,4.33,4.34,4.58,-0.3278,-1.3714,NONE,0.19,0.342,-22.6156,136963380.65,44.5467,LOW_PRIORITY,,falling_knife;trend_unconfirmed,falling_knife;trend_unconfirmed
510,002766,索菱股份,C39计算机、通信和其他电子设备制造业,baostock.query_stock_industry,2026-07-06,2026-07-10,3.57,0.0104,0.024,2.5862,3.71,4.43,5.01,5.24,-4.5606,-2.4066,NONE,0.17,-12.2834,-31.278,70900657.9,44.5288,LOW_PRIORITY,,falling_knife;trend_unconfirmed,falling_knife;trend_unconfirmed
511,001283,豪鹏科技,C38电气机械和器材制造业,baostock.query_stock_industry,2026-07-06,2026-07-10,44.7,0.2065,0.004,0.0,49.41,61.43,64.69,68.78,-1.3595,-2.6297,NONE,2.78,-6.0829,-40.0524,220342874.25,44.492,LOW_PRIORITY,,falling_knife;trend_unconfirmed,falling_knife;trend_unconfirmed
512,000028,国药一致,F51批发业,baostock.query_stock_industry,2026-07-06,2026-07-10,20.22,0.0072,0.036,6.9276,20.88,23.09,24.46,24.94,-2.2792,-2.0014,NONE,0.84,-10.6789,-25.1707,58329499.8,44.4855,LOW_PRIORITY,,falling_knife;trend_unconfirmed,falling_knife;trend_unconfirmed
513,000507,珠海港,G55水上运输业,baostock.query_stock_industry,2026-07-06,2026-07-10,4.65,0.0656,0.008,0.432,4.79,5.06,5.29,5.38,-1.1657,-1.1749,NONE,0.14,-3.2096,-18.3226,39923218.8,44.4515,LOW_PRIORITY,,trend_unconfirmed,trend_unconfirmed
514,002763,汇洁股份,C18纺织服装、服饰业,baostock.query_stock_industry,2026-07-06,2026-07-10,6.97,0.1952,0.064,2.651,7.23,8.03,7.96,7.62,-2.0397,-1.0049,NONE,0.27,-9.2369,-18.7019,46711153.8,44.398,LOW_PRIORITY,,trend_unconfirmed,trend_unconfirmed
515,000930,中粮科技,C26化学原料和化学制品制造业,baostock.query_stock_industry,2026-07-06,2026-07-10,4.47,0.008,0.04,5.1765,4.56,5.28,6.0,5.99,-2.5126,-3.6523,NONE,0.14,-9.1459,-39.4628,76752273.75,44.3655,LOW_PRIORITY,,falling_knife;trend_unconfirmed,falling_knife;trend_unconfirmed
516,002575,群兴玩具,F51批发业,baostock.query_stock_industry,2026-07-06,2026-07-10,4.87,0.2328,0.016,4.9569,5.62,6.19,6.92,7.25,-4.9049,-3.6404,NONE,0.37,-19.0474,-38.085,230495139.2,44.3319,LOW_PRIORITY,,falling_knife;trend_unconfirmed,falling_knife;trend_unconfirmed
517,002686,亿利达,C34通用设备制造业,baostock.query_stock_industry,2026-07-06,2026-07-10,5.32,0.1736,0.032,3.9062,5.48,6.64,6.79,6.75,-2.9318,-2.3491,NONE,0.26,-10.5259,-27.2204,58448413.3,44.3042,LOW_PRIORITY,,falling_knife;trend_unconfirmed,falling_knife;trend_unconfirmed
518,002551,尚荣医疗,C35专用设备制造业,baostock.query_stock_industry,2026-07-06,2026-07-10,2.88,0.1064,0.06,7.8652,2.82,3.16,3.45,3.75,-1.2942,-1.8235,NONE,0.13,-2.6807,-21.9123,41564190.2,44.2933,LOW_PRIORITY,,falling_knife;trend_unconfirmed,falling_knife;trend_unconfirmed
519,002157,正邦科技,A03畜牧业,baostock.query_stock_industry,2026-07-06,2026-07-10,2.97,0.4152,0.312,8.7912,2.93,3.16,3.19,3.1,-0.5425,-0.3257,NONE,0.12,-3.9338,-10.7429,429178172.7,44.2598,LOW_PRIORITY,,trend_unconfirmed,trend_unconfirmed
520,002166,莱茵生物,C27医药制造业,baostock.query_stock_industry,2026-07-06,2026-07-10,6.34,0.008,0.024,2.2581,6.69,7.93,8.5,8.32,-4.1622,-2.8269,NONE,0.28,-15.5193,-33.5958,75709522.6,44.2556,LOW_PRIORITY,,falling_knife;trend_unconfirmed,falling_knife;trend_unconfirmed
521,000852,石化机械,C35专用设备制造业,baostock.query_stock_industry,2026-07-06,2026-07-10,5.0,0.0592,0.02,1.833,5.21,6.16,6.97,7.0,-3.0492,-2.7379,NONE,0.2,-10.895,-33.7124,68124725.8,44.2545,LOW_PRIORITY,,falling_knife;trend_unconfirmed,falling_knife;trend_unconfirmed
522,000819,岳阳兴长,C25石油、煤炭及其他燃料加工业,baostock.query_stock_industry,2026-07-06,2026-07-10,11.28,0.1456,0.016,4.2514,12.2,14.49,15.2,16.25,-4.9907,-2.0048,NONE,0.58,-16.435,-27.6991,66616330.7,44.2074,LOW_PRIORITY,,falling_knife;trend_unconfirmed,falling_knife;trend_unconfirmed
523,003029,吉大正元,I65软件和信息技术服务业,baostock.query_stock_industry,2026-07-06,2026-07-10,16.29,0.0232,0.036,3.1013,16.73,19.19,21.67,24.37,-2.849,-2.1838,NONE,0.76,-8.5432,-28.2054,55663236.35,44.2061,LOW_PRIORITY,,falling_knife;trend_unconfirmed,falling_knife;trend_unconfirmed
524,002558,巨人网络,I64互联网和相关服务,baostock.query_stock_industry,2026-07-06,2026-07-10,29.56,0.8592,0.296,28.243,26.57,28.41,33.77,34.88,3.7397,-1.396,WEAK,2.02,23.6786,-10.652,2650628041.5,44.2027,HARD_REJECT,price_too_high,,price_too_high
525,002706,良信股份,C38电气机械和器材制造业,baostock.query_stock_industry,2026-07-06,2026-07-10,10.18,0.3896,0.272,16.21,11.05,11.82,11.44,10.98,-4.2161,0.2871,NONE,0.58,-12.7121,2.9502,382860205.0,44.1558,LOW_PRIORITY,,trend_unconfirmed,trend_unconfirmed
526,002671,龙泉股份,C30非金属矿物制品业,baostock.query_stock_industry,2026-07-06,2026-07-10,3.88,0.1592,0.052,4.5822,3.86,4.37,4.98,5.03,-2.1535,-1.7946,NONE,0.15,-6.2128,-23.7685,46095589.3,44.1431,LOW_PRIORITY,,falling_knife;trend_unconfirmed,falling_knife;trend_unconfirmed
527,002736,国信证券,J67资本市场服务,baostock.query_stock_industry,2026-07-06,2026-07-10,10.05,0.4936,0.04,2.238,10.29,10.53,11.38,12.47,0.8036,-0.9953,NONE,0.32,-1.1115,-20.2629,476784250.25,44.1413,LOW_PRIORITY,,trend_unconfirmed,trend_unconfirmed
528,002771,真视通,I65软件和信息技术服务业,baostock.query_stock_industry,2026-07-06,2026-07-10,13.2,0.3496,0.028,7.8431,13.6,15.08,15.51,16.06,-4.298,-1.6443,NONE,0.84,-14.297,-25.9558,180749200.15,44.0952,LOW_PRIORITY,,trend_unconfirmed,trend_unconfirmed
529,002172,澳洋健康,Q84卫生,baostock.query_stock_industry,2026-07-06,2026-07-10,2.97,0.1048,0.04,5.3191,2.97,3.38,3.81,4.0,-2.0274,-2.4561,NONE,0.13,-5.5044,-27.4908,49167175.7,44.0902,LOW_PRIORITY,,falling_knife;trend_unconfirmed,falling_knife;trend_unconfirmed
530,002722,物产金轮,C33金属制品业,baostock.query_stock_industry,2026-07-06,2026-07-10,12.1,0.1088,0.028,2.6293,12.35,13.88,14.65,15.55,-1.4565,-1.4102,NONE,0.4,-5.4313,-21.9525,42301615.3,44.0793,LOW_PRIORITY,,falling_knife;trend_unconfirmed,falling_knife;trend_unconfirmed
531,000715,中兴商业,F52零售业,baostock.query_stock_industry,2026-07-06,2026-07-10,4.77,0.1216,0.052,3.6957,4.76,5.3,5.73,5.91,-1.1822,-1.5849,NONE,0.19,-1.1008,-20.8961,36442517.05,44.0776,LOW_PRIORITY,,falling_knife;trend_unconfirmed,falling_knife;trend_unconfirmed
532,002187,广百股份,F52零售业,baostock.query_stock_industry,2026-07-06,2026-07-10,4.8,0.0744,0.028,3.0043,4.9,5.55,6.43,6.66,-2.8526,-2.3177,NONE,0.18,-8.107,-28.364,53447474.05,44.0712,LOW_PRIORITY,,falling_knife;trend_unconfirmed,falling_knife;trend_unconfirmed
533,002911,佛燃能源,D45燃气生产和供应业,baostock.query_stock_industry,2026-07-06,2026-07-10,9.96,0.1864,0.028,4.9526,10.09,11.43,12.91,12.31,-1.4605,-2.8412,NONE,0.35,-5.3571,-33.5441,56684499.3,44.0642,LOW_PRIORITY,,falling_knife;trend_unconfirmed,falling_knife;trend_unconfirmed
534,002095,生 意 宝,I64互联网和相关服务,baostock.query_stock_industry,2026-07-06,2026-07-10,13.03,0.1592,0.036,3.004,13.28,14.73,16.45,18.33,-1.5168,-2.1256,NONE,0.53,-3.1934,-26.8742,45201138.65,44.0599,LOW_PRIORITY,,falling_knife;trend_unconfirmed,falling_knife;trend_unconfirmed
535,002828,贝肯能源,B11开采专业及辅助性活动,baostock.query_stock_industry,2026-07-06,2026-07-10,13.48,0.98,0.92,51.8018,10.51,10.72,11.91,11.38,8.1117,-0.458,WEAK,0.86,48.8005,-0.5817,252855489.5,44.0217,HARD_REJECT,price_too_high,,price_too_high
536,002210,飞马国际,L72商务服务业,baostock.query_stock_industry,2026-07-06,2026-07-10,2.17,0.2936,0.032,3.8278,2.25,2.62,2.82,3.23,-4.3423,-1.3806,NONE,0.11,-12.3764,-20.3252,152436891.45,44.0184,LOW_PRIORITY,,falling_knife;trend_unconfirmed,falling_knife;trend_unconfirmed
537,002344,海宁皮城,L72商务服务业,baostock.query_stock_industry,2026-07-06,2026-07-10,3.63,0.108,0.044,3.7143,3.66,4.04,4.4,4.51,-1.4143,-1.7712,NONE,0.13,-4.252,-23.2257,41661357.0,44.0134,LOW_PRIORITY,,falling_knife;trend_unconfirmed,falling_knife;trend_unconfirmed
538,000607,华媒控股,L72商务服务业,baostock.query_stock_industry,2026-07-06,2026-07-10,3.28,0.0704,0.052,6.8404,3.24,3.65,4.1,4.34,-2.1158,-1.8973,NONE,0.14,-4.8403,-23.0442,41901990.55,43.9941,LOW_PRIORITY,,falling_knife;trend_unconfirmed,falling_knife;trend_unconfirmed
539,002863,今飞凯达,C36汽车制造业,baostock.query_stock_industry,2026-07-06,2026-07-10,4.3,0.0896,0.02,2.1378,4.47,5.05,5.44,5.46,-2.983,-1.9527,NONE,0.18,-10.4018,-26.3938,52820781.6,43.9919,LOW_PRIORITY,,falling_knife;trend_unconfirmed,falling_knife;trend_unconfirmed
540,003022,联泓新科,C26化学原料和化学制品制造业,baostock.query_stock_industry,2026-07-06,2026-07-10,20.79,0.4816,0.576,33.9562,25.37,24.7,22.66,20.83,-2.0895,0.0831,NONE,1.48,-17.1408,-10.1908,693737784.8,43.9668,LOW_PRIORITY,,trend_unconfirmed,trend_unconfirmed
541,000912,泸天化,C26化学原料和化学制品制造业,baostock.query_stock_industry,2026-07-06,2026-07-10,3.37,0.0104,0.036,4.9844,3.4,4.04,4.51,4.47,-2.4096,-3.6599,NONE,0.13,-10.4753,-39.1237,71207101.75,43.9435,LOW_PRIORITY,,falling_knife;trend_unconfirmed,falling_knife;trend_unconfirmed
542,002387,维信诺,C39计算机、通信和其他电子设备制造业,baostock.query_stock_industry,2026-07-06,2026-07-10,8.08,0.4112,0.104,7.3041,8.43,8.35,8.44,8.89,-1.7029,0.1639,NONE,0.41,-2.8943,-3.8111,344297995.55,43.9108,LOW_PRIORITY,,trend_unconfirmed,trend_unconfirmed
543,000952,广济药业,C27医药制造业,baostock.query_stock_industry,2026-07-06,2026-07-10,5.64,0.136,0.028,4.059,5.79,6.58,7.11,7.11,-2.9012,-1.9574,NONE,0.31,-7.9334,-23.5155,44972129.55,43.9025,LOW_PRIORITY,,falling_knife;trend_unconfirmed,falling_knife;trend_unconfirmed
544,000498,山东路桥,E48土木工程建筑业,baostock.query_stock_industry,2026-07-06,2026-07-10,4.87,0.0128,0.032,2.9598,4.92,5.28,5.68,5.89,-1.0252,-1.2735,NONE,0.12,-4.2989,-19.2939,35959914.75,43.871,LOW_PRIORITY,,trend_unconfirmed,trend_unconfirmed
545,000877,天山股份,C30非金属矿物制品业,baostock.query_stock_industry,2026-07-06,2026-07-10,3.66,0.0048,0.024,1.105,3.8,4.28,4.78,5.33,-2.8484,-2.3216,NONE,0.12,-10.2661,-28.1838,52471438.5,43.8001,LOW_PRIORITY,,falling_knife;trend_unconfirmed,falling_knife;trend_unconfirmed
546,002879,长缆科技,C38电气机械和器材制造业,baostock.query_stock_industry,2026-07-06,2026-07-10,13.1,0.0696,0.012,1.9455,13.79,16.63,19.13,18.16,-2.6364,-3.5174,NONE,0.61,-9.8943,-41.3012,69383247.95,43.7928,LOW_PRIORITY,,falling_knife;trend_unconfirmed,falling_knife;trend_unconfirmed
547,002907,华森制药,C27医药制造业,baostock.query_stock_industry,2026-07-06,2026-07-10,14.18,0.5064,0.308,21.3003,13.3,13.19,13.87,15.38,3.486,-0.3677,WEAK,0.86,19.9894,-4.2925,116632510.9,43.7847,LOW_PRIORITY,,,
548,000652,泰达股份,F51批发业,baostock.query_stock_industry,2026-07-06,2026-07-10,3.37,0.0728,0.016,2.7439,3.45,3.82,3.99,4.17,-1.4574,-1.7249,NONE,0.12,-4.4718,-22.4386,38503043.2,43.7824,LOW_PRIORITY,,falling_knife;trend_unconfirmed,falling_knife;trend_unconfirmed
549,002973,侨银股份,N78公共设施管理业,baostock.query_stock_industry,2026-07-06,2026-07-10,10.15,0.1408,0.016,2.1127,11.16,12.43,13.24,13.85,-6.3232,-1.8024,NONE,0.64,-20.9467,-24.3864,61671278.25,43.7658,LOW_PRIORITY,,falling_knife;trend_unconfirmed,falling_knife;trend_unconfirmed
550,002059,云南旅游,N78公共设施管理业,baostock.query_stock_industry,2026-07-06,2026-07-10,4.32,0.012,0.052,4.3478,4.32,4.59,4.91,5.21,-1.6281,-1.4415,NONE,0.14,-5.9466,-19.5615,36744069.85,43.7556,LOW_PRIORITY,,trend_unconfirmed,trend_unconfirmed
551,002992,宝明科技,C39计算机、通信和其他电子设备制造业,baostock.query_stock_industry,2026-07-06,2026-07-10,40.2,0.3112,0.012,2.238,43.0,46.5,49.42,53.04,-1.0014,-1.8582,NONE,2.24,-2.3205,-26.992,134031543.1,43.7397,LOW_PRIORITY,,falling_knife;trend_unconfirmed,falling_knife;trend_unconfirmed
552,000422,湖北宜化,C26化学原料和化学制品制造业,baostock.query_stock_industry,2026-07-06,2026-07-10,13.22,0.4488,0.12,13.5739,13.79,14.69,15.63,14.76,0.4442,-1.4778,NONE,0.75,-7.2853,-22.4238,590916222.95,43.7291,LOW_PRIORITY,,trend_unconfirmed,trend_unconfirmed
553,002330,得利斯,C13农副食品加工业,baostock.query_stock_industry,2026-07-06,2026-07-10,3.66,0.0296,0.048,5.7803,3.66,4.17,4.58,4.79,-1.8906,-2.1611,NONE,0.15,-6.2459,-26.8914,44617542.5,43.7037,LOW_PRIORITY,,falling_knife;trend_unconfirmed,falling_knife;trend_unconfirmed
554,001213,中铁特货,G53铁路运输业,baostock.query_stock_industry,2026-07-06,2026-07-10,3.45,0.0086,0.04,2.9851,3.48,3.76,3.96,4.09,-1.5417,-1.3762,NONE,0.09,-4.9422,-19.2486,34845372.05,43.7011,LOW_PRIORITY,,trend_unconfirmed,trend_unconfirmed
555,000727,冠捷科技,C39计算机、通信和其他电子设备制造业,baostock.query_stock_industry,2026-07-06,2026-07-10,2.33,0.3704,0.016,1.3043,2.61,2.75,2.7,2.66,-4.5912,-1.1633,NONE,0.13,-10.6494,-19.3973,537733849.9,43.6953,LOW_PRIORITY,,trend_unconfirmed,trend_unconfirmed
556,002646,天佑德酒,C15酒、饮料和精制茶制造业,baostock.query_stock_industry,2026-07-06,2026-07-10,6.45,0.0056,0.028,3.2,6.56,7.36,8.0,8.86,-2.3507,-1.8001,NONE,0.25,-6.5972,-24.2099,41591696.75,43.6743,LOW_PRIORITY,,falling_knife;trend_unconfirmed,falling_knife;trend_unconfirmed
557,000897,津滨发展,K70房地产业,baostock.query_stock_industry,2026-07-06,2026-07-10,1.69,0.0088,0.044,3.681,1.72,1.93,2.08,2.23,-3.3708,-1.8351,NONE,0.07,-9.9595,-24.7168,45887630.4,43.6563,LOW_PRIORITY,,falling_knife;trend_unconfirmed,falling_knife;trend_unconfirmed
558,000978,桂林旅游,N78公共设施管理业,baostock.query_stock_industry,2026-07-06,2026-07-10,5.38,0.0736,0.028,3.0651,5.5,6.36,6.81,6.71,-3.8364,-3.0863,NONE,0.21,-9.502,-35.6358,59536621.4,43.6404,LOW_PRIORITY,,falling_knife;trend_unconfirmed,falling_knife;trend_unconfirmed
559,002758,浙农股份,F51批发业,baostock.query_stock_industry,2026-07-06,2026-07-10,7.55,0.024,0.004,0.0,8.06,8.59,9.46,9.47,-0.2784,-1.9136,NONE,0.25,-5.7412,-27.1564,43553808.75,43.6368,LOW_PRIORITY,,falling_knife;trend_unconfirmed,falling_knife;trend_unconfirmed
560,002663,普邦股份,E48土木工程建筑业,baostock.query_stock_industry,2026-07-06,2026-07-10,1.49,0.0864,0.04,4.1958,1.53,1.91,2.04,2.05,-4.6446,-3.7791,NONE,0.08,-11.5518,-41.8287,66211696.5,43.5952,LOW_PRIORITY,,falling_knife;trend_unconfirmed,falling_knife;trend_unconfirmed
561,000948,南天信息,I65软件和信息技术服务业,baostock.query_stock_industry,2026-07-06,2026-07-10,13.3,0.2568,0.112,15.0519,12.42,13.71,15.18,17.07,-0.4529,-1.5388,NONE,0.61,6.0338,-16.9338,87111128.5,43.5929,LOW_PRIORITY,,falling_knife;trend_unconfirmed,falling_knife;trend_unconfirmed
562,002517,恺英网络,I64互联网和相关服务,baostock.query_stock_industry,2026-07-06,2026-07-10,16.92,0.7928,0.14,19.323,15.82,16.56,19.27,20.82,3.4255,-1.1187,WEAK,0.93,18.0121,-11.3132,1325049967.45,43.5699,HARD_REJECT,price_too_high,,price_too_high
563,000822,山东海化,C26化学原料和化学制品制造业,baostock.query_stock_industry,2026-07-06,2026-07-10,4.02,0.004,0.02,2.8133,4.22,5.0,5.58,5.66,-3.4861,-3.2369,NONE,0.17,-13.7292,-35.9499,65213778.9,43.5635,LOW_PRIORITY,,falling_knife;trend_unconfirmed,falling_knife;trend_unconfirmed
564,000913,钱江摩托,C37铁路、船舶、航空航天和其他运输设备制造业,baostock.query_stock_industry,2026-07-06,2026-07-10,10.35,0.0104,0.016,1.0742,10.84,12.19,13.83,15.16,-1.758,-2.8455,NONE,0.34,-8.2353,-34.924,55640260.6,43.5634,LOW_PRIORITY,,falling_knife;trend_unconfirmed,falling_knife;trend_unconfirmed
565,002662,峰璟股份,C36汽车制造业,baostock.query_stock_industry,2026-07-06,2026-07-10,3.35,0.2584,0.028,5.3459,3.66,3.74,3.89,3.84,1.482,-1.3029,NONE,0.17,4.035,-23.5159,104303661.05,43.5494,LOW_PRIORITY,,trend_unconfirmed,trend_unconfirmed
566,002105,信隆健康,C37铁路、船舶、航空航天和其他运输设备制造业,baostock.query_stock_industry,2026-07-06,2026-07-10,5.04,0.1592,0.028,3.0675,5.15,5.9,6.47,6.94,-2.9401,-1.9046,NONE,0.27,-8.4932,-25.3129,43417818.85,43.5343,LOW_PRIORITY,,falling_knife;trend_unconfirmed,falling_knife;trend_unconfirmed
567,000812,陕西金叶,C23印刷和记录媒介复制业,baostock.query_stock_industry,2026-07-06,2026-07-10,3.2,0.0224,0.04,3.2258,3.25,3.67,4.03,4.43,-2.8964,-2.0481,NONE,0.13,-8.8253,-24.8318,43136721.5,43.5249,LOW_PRIORITY,,falling_knife;trend_unconfirmed,falling_knife;trend_unconfirmed
568,002183,怡 亚 通,L72商务服务业,baostock.query_stock_industry,2026-07-06,2026-07-10,4.85,0.3736,0.32,8.2589,5.24,6.01,5.69,5.27,-6.4651,-1.3937,NONE,0.32,-12.1565,-19.7915,531634856.9,43.5052,LOW_PRIORITY,,trend_unconfirmed,trend_unconfirmed
569,002678,珠江钢琴,C24文教、工美、体育和娱乐用品制造业,baostock.query_stock_industry,2026-07-06,2026-07-10,4.27,0.1008,0.02,2.1531,4.53,5.49,5.51,5.24,-8.0977,-2.222,NONE,0.19,-21.6467,-30.8131,64750863.0,43.5016,LOW_PRIORITY,,falling_knife;trend_unconfirmed,falling_knife;trend_unconfirmed
570,002540,亚太科技,C32有色金属冶炼和压延加工业,baostock.query_stock_industry,2026-07-06,2026-07-10,4.76,0.0344,0.02,1.9272,4.91,5.55,6.36,6.46,-1.8393,-2.8742,NONE,0.16,-7.2397,-34.7412,53130566.85,43.4966,LOW_PRIORITY,,falling_knife;trend_unconfirmed,falling_knife;trend_unconfirmed
571,000633,合金投资,C32有色金属冶炼和压延加工业,baostock.query_stock_industry,2026-07-06,2026-07-10,4.85,0.1232,0.024,1.8908,5.01,5.83,6.61,6.78,-2.4428,-2.7701,NONE,0.22,-9.4548,-34.2456,55370608.7,43.4897,LOW_PRIORITY,,falling_knife;trend_unconfirmed,falling_knife;trend_unconfirmed
572,002612,朗姿股份,C18纺织服装、服饰业,baostock.query_stock_industry,2026-07-06,2026-07-10,11.13,0.0032,0.016,2.2978,11.6,14.15,16.22,17.53,-2.0889,-3.0898,NONE,0.48,-7.466,-37.986,57817732.45,43.4894,LOW_PRIORITY,,falling_knife;trend_unconfirmed,falling_knife;trend_unconfirmed
573,002912,中新赛克,I65软件和信息技术服务业,baostock.query_stock_industry,2026-07-06,2026-07-10,18.47,0.0704,0.028,2.8396,18.85,22.21,26.3,27.55,-1.9706,-3.1931,NONE,0.84,-4.4064,-34.8669,48924286.3,43.4432,LOW_PRIORITY,,falling_knife;trend_unconfirmed,falling_knife;trend_unconfirmed
574,002162,悦心健康,C30非金属矿物制品业,baostock.query_stock_industry,2026-07-06,2026-07-10,3.59,0.1456,0.056,6.213,3.55,3.98,4.56,4.57,-0.9361,-2.4134,NONE,0.14,-3.7565,-28.3744,40444684.5,43.439,LOW_PRIORITY,,falling_knife;trend_unconfirmed,falling_knife;trend_unconfirmed
575,002391,长青股份,C26化学原料和化学制品制造业,baostock.query_stock_industry,2026-07-06,2026-07-10,5.09,0.1424,0.032,4.5175,5.14,5.76,6.05,6.09,-1.3433,-1.5806,NONE,0.17,-6.3482,-22.0713,36312568.15,43.4227,LOW_PRIORITY,,trend_unconfirmed,trend_unconfirmed
576,002817,黄山胶囊,C27医药制造业,baostock.query_stock_industry,2026-07-06,2026-07-10,6.11,0.0944,0.04,4.2662,6.14,7.09,7.61,7.74,-2.0798,-2.2474,NONE,0.29,-6.5822,-27.7713,42666523.55,43.4143,LOW_PRIORITY,,falling_knife;trend_unconfirmed,falling_knife;trend_unconfirmed
577,002644,佛慈制药,C27医药制造业,baostock.query_stock_industry,2026-07-06,2026-07-10,7.21,0.1016,0.04,5.8737,7.29,7.74,8.33,8.7,-0.6071,-1.5977,NONE,0.31,-3.4818,-19.9086,31019572.35,43.3855,LOW_PRIORITY,,trend_unconfirmed,trend_unconfirmed
578,002398,垒知集团,C26化学原料和化学制品制造业,baostock.query_stock_industry,2026-07-06,2026-07-10,3.78,0.0696,0.024,2.1622,3.9,4.5,5.06,5.29,-3.0551,-2.5471,NONE,0.14,-9.5633,-30.8929,49439828.55,43.3657,LOW_PRIORITY,,falling_knife;trend_unconfirmed,falling_knife;trend_unconfirmed
579,002327,富安娜,C17纺织业,baostock.query_stock_industry,2026-07-06,2026-07-10,6.14,0.004,0.02,3.367,6.37,6.89,6.89,7.04,-2.5315,-0.7994,NONE,0.19,-12.9655,-14.6677,34857589.2,43.3581,LOW_PRIORITY,,trend_unconfirmed,trend_unconfirmed
580,000030,富奥股份,C36汽车制造业,baostock.query_stock_industry,2026-07-06,2026-07-10,3.98,0.0064,0.028,2.8424,4.12,4.64,4.99,5.38,-2.9575,-1.7936,NONE,0.12,-8.537,-26.5473,42496089.4,43.3263,LOW_PRIORITY,,falling_knife;trend_unconfirmed,falling_knife;trend_unconfirmed
581,002807,江阴银行,J66货币金融服务,baostock.query_stock_industry,2026-07-06,2026-07-10,3.86,0.304,0.036,4.0431,3.89,4.23,4.4,4.6,-0.5372,-1.2071,NONE,0.1,-6.4706,-18.4649,111771145.8,43.3232,LOW_PRIORITY,,trend_unconfirmed,trend_unconfirmed
582,001300,三柏硕,C24文教、工美、体育和娱乐用品制造业,baostock.query_stock_industry,2026-07-06,2026-07-10,11.82,0.177,0.04,4.6018,12.41,15.59,16.24,15.39,-7.8268,-2.2913,NONE,0.64,-26.0722,-31.7847,61820873.65,43.3091,LOW_PRIORITY,,falling_knife;trend_unconfirmed,falling_knife;trend_unconfirmed
583,000750,国海证券,J67资本市场服务,baostock.query_stock_industry,2026-07-06,2026-07-10,3.72,0.4552,0.072,8.1395,3.74,3.77,3.94,4.17,1.5612,-0.1896,NONE,0.12,6.8287,-8.5575,276643657.75,43.2843,LOW_PRIORITY,,trend_unconfirmed,trend_unconfirmed
584,002566,益盛药业,C27医药制造业,baostock.query_stock_industry,2026-07-06,2026-07-10,6.11,0.0344,0.024,2.0033,6.35,7.22,7.69,7.92,-2.4875,-2.1292,NONE,0.32,-10.1168,-26.2007,43427165.05,43.2839,LOW_PRIORITY,,falling_knife;trend_unconfirmed,falling_knife;trend_unconfirmed
585,001211,双枪科技,C20木材加工和木、竹、藤、棕、草制品业,baostock.query_stock_industry,2026-07-06,2026-07-10,21.41,0.2506,0.008,0.0935,27.02,37.21,32.84,29.1,-10.2897,-1.6598,NONE,1.48,-42.0198,-36.8517,186761394.95,43.2819,LOW_PRIORITY,,falling_knife;trend_unconfirmed,falling_knife;trend_unconfirmed
586,002483,润邦股份,C34通用设备制造业,baostock.query_stock_industry,2026-07-06,2026-07-10,5.0,0.1736,0.032,2.2495,5.13,5.88,6.63,6.74,-2.1648,-2.5378,NONE,0.17,-7.5022,-32.1794,47359314.15,43.2767,LOW_PRIORITY,,falling_knife;trend_unconfirmed,falling_knife;trend_unconfirmed
587,000151,中成股份,F51批发业,baostock.query_stock_industry,2026-07-06,2026-07-10,9.34,0.2184,0.008,1.0823,11.58,11.96,12.38,12.52,-7.8197,-1.5821,NONE,0.56,-27.5934,-25.0795,186444467.65,43.2735,LOW_PRIORITY,,falling_knife;trend_unconfirmed,falling_knife;trend_unconfirmed
588,002224,三 力 士,C29橡胶和塑料制品业,baostock.query_stock_industry,2026-07-06,2026-07-10,3.35,0.0072,0.036,2.4465,3.41,3.84,4.25,4.4,-2.1356,-2.3133,NONE,0.12,-6.1404,-28.124,40826826.65,43.2602,LOW_PRIORITY,,falling_knife;trend_unconfirmed,falling_knife;trend_unconfirmed
589,000505,京粮控股,C13农副食品加工业,baostock.query_stock_industry,2026-07-06,2026-07-10,5.34,0.0472,0.056,6.163,5.29,5.98,6.58,6.85,-1.5254,-2.1776,NONE,0.19,-5.0947,-26.7045,38032225.4,43.2493,LOW_PRIORITY,,falling_knife;trend_unconfirmed,falling_knife;trend_unconfirmed
590,002812,恩捷股份,C29橡胶和塑料制品业,baostock.query_stock_industry,2026-07-06,2026-07-10,54.8,0.3936,0.536,108.8415,65.99,71.16,66.17,52.7,-0.149,-0.7075,NONE,4.47,-12.0601,-22.496,2362517025.05,43.2444,LOW_PRIORITY,,trend_unconfirmed,trend_unconfirmed
591,002454,松芝股份,C36汽车制造业,baostock.query_stock_industry,2026-07-06,2026-07-10,4.82,0.0056,0.024,0.8368,5.06,7.35,8.22,8.42,-2.7556,-5.3777,NONE,0.21,-9.5013,-57.3634,60777741.8,43.2389,LOW_PRIORITY,,falling_knife;trend_unconfirmed,falling_knife;trend_unconfirmed
592,000035,中国天楹,N77生态保护和环境治理业,baostock.query_stock_industry,2026-07-06,2026-07-10,4.58,0.288,0.204,7.26,4.88,5.81,6.24,5.68,-2.7706,-2.9388,NONE,0.17,-9.7109,-35.8709,168794970.85,43.2263,LOW_PRIORITY,,falling_knife;trend_unconfirmed,falling_knife;trend_unconfirmed
593,002991,甘源食品,C13农副食品加工业,baostock.query_stock_industry,2026-07-06,2026-07-10,41.03,0.0096,0.048,3.8471,41.13,46.02,51.05,54.65,-1.0858,-1.7012,NONE,1.4,-4.656,-24.0458,34560318.45,43.2215,LOW_PRIORITY,,falling_knife;trend_unconfirmed,falling_knife;trend_unconfirmed
594,000096,广聚能源,F51批发业,baostock.query_stock_industry,2026-07-06,2026-07-10,7.26,0.0088,0.044,4.1607,7.33,8.43,9.65,10.66,-2.2482,-2.6829,NONE,0.24,-7.9947,-31.8338,46586961.7,43.1989,LOW_PRIORITY,,falling_knife;trend_unconfirmed,falling_knife;trend_unconfirmed
595,002022,科华生物,C27医药制造业,baostock.query_stock_industry,2026-07-06,2026-07-10,4.87,0.008,0.04,6.3319,4.84,5.41,5.75,6.22,-1.7451,-1.6759,NONE,0.22,-4.8752,-21.1859,31709721.85,43.1919,LOW_PRIORITY,,falling_knife;trend_unconfirmed,falling_knife;trend_unconfirmed
596,002953,日丰股份,C38电气机械和器材制造业,baostock.query_stock_industry,2026-07-06,2026-07-10,8.8,0.0856,0.024,1.1494,9.18,10.61,11.57,11.91,-2.4861,-2.1072,NONE,0.35,-7.4942,-29.1557,42542630.1,43.1738,LOW_PRIORITY,,falling_knife;trend_unconfirmed,falling_knife;trend_unconfirmed
597,002238,天威视讯,I63电信、广播电视和卫星传输服务,baostock.query_stock_industry,2026-07-06,2026-07-10,5.61,0.0728,0.044,4.2751,5.66,6.54,7.35,8.05,-2.9233,-2.391,NONE,0.27,-7.0252,-28.3144,40869377.55,43.1565,LOW_PRIORITY,,falling_knife;trend_unconfirmed,falling_knife;trend_unconfirmed
598,002186,全 聚 德,H62餐饮业,baostock.query_stock_industry,2026-07-06,2026-07-10,8.59,0.1168,0.036,3.744,8.7,9.63,10.49,11.18,-1.4608,-1.5511,NONE,0.31,-5.1183,-21.9169,32000130.8,43.1252,LOW_PRIORITY,,falling_knife;trend_unconfirmed,falling_knife;trend_unconfirmed
599,002880,卫光生物,C27医药制造业,baostock.query_stock_industry,2026-07-06,2026-07-10,21.15,0.0072,0.036,8.5729,21.36,24.12,26.19,26.97,-1.7097,-2.0213,NONE,1.01,-4.8676,-25.2499,35012065.6,43.125,LOW_PRIORITY,,falling_knife;trend_unconfirmed,falling_knife;trend_unconfirmed
600,001299,美能能源,D45燃气生产和供应业,baostock.query_stock_industry,2026-07-06,2026-07-10,9.97,0.0056,0.012,0.4028,10.42,12.07,12.81,12.53,-1.5446,-3.0181,NONE,0.41,-3.7571,-45.2646,57218606.8,43.0902,LOW_PRIORITY,,falling_knife;trend_unconfirmed,falling_knife;trend_unconfirmed
601,000868,安凯客车,C36汽车制造业,baostock.query_stock_industry,2026-07-06,2026-07-10,3.4,0.0096,0.04,4.2945,3.48,3.95,4.35,4.97,-2.711,-2.2522,NONE,0.14,-10.6442,-28.7099,44408724.85,43.0643,LOW_PRIORITY,,falling_knife;trend_unconfirmed,falling_knife;trend_unconfirmed
602,002069,獐子岛,A04渔业,baostock.query_stock_industry,2026-07-06,2026-07-10,3.13,0.1984,0.064,6.4626,3.09,3.45,3.64,3.88,-1.5787,-1.5313,NONE,0.13,-4.1059,-20.0672,28794333.35,43.0632,LOW_PRIORITY,,falling_knife;trend_unconfirmed,falling_knife;trend_unconfirmed
603,002427,尤夫股份,C28化学纤维制造业,baostock.query_stock_industry,2026-07-06,2026-07-10,4.34,0.22,0.024,3.8278,4.65,5.17,6.15,6.69,0.2911,-2.9976,NONE,0.4,-2.4498,-37.7671,145636814.7,43.0467,LOW_PRIORITY,,trend_unconfirmed,trend_unconfirmed
604,002556,辉隆股份,F52零售业,baostock.query_stock_industry,2026-07-06,2026-07-10,4.59,0.0416,0.024,2.4554,4.74,5.41,5.89,5.86,-2.5883,-2.2663,NONE,0.16,-11.487,-28.9403,45457598.65,43.0454,LOW_PRIORITY,,falling_knife;trend_unconfirmed,falling_knife;trend_unconfirmed
605,003012,东鹏控股,C30非金属矿物制品业,baostock.query_stock_industry,2026-07-06,2026-07-10,4.56,0.0088,0.044,4.5872,4.57,5.23,6.03,6.39,-1.3493,-2.6594,NONE,0.15,-4.7007,-31.2395,40109427.1,43.0277,LOW_PRIORITY,,falling_knife;trend_unconfirmed,falling_knife;trend_unconfirmed
606,002574,明牌珠宝,C24文教、工美、体育和娱乐用品制造业,baostock.query_stock_industry,2026-07-06,2026-07-10,4.29,0.0832,0.04,3.6232,4.38,5.01,5.58,5.72,-2.859,-2.3,NONE,0.18,-8.6543,-27.9632,40696493.4,43.0131,LOW_PRIORITY,,falling_knife;trend_unconfirmed,falling_knife;trend_unconfirmed
607,002753,永东股份,C26化学原料和化学制品制造业,baostock.query_stock_industry,2026-07-06,2026-07-10,5.93,0.076,0.04,4.9558,6.04,6.68,7.16,7.21,-2.1531,-1.8591,NONE,0.29,-7.3331,-24.1902,35217671.85,43.0049,LOW_PRIORITY,,trend_unconfirmed,trend_unconfirmed
608,002862,实丰文化,C24文教、工美、体育和娱乐用品制造业,baostock.query_stock_industry,2026-07-06,2026-07-10,12.92,0.1768,0.032,2.2961,13.49,16.17,17.08,18.39,-4.4782,-2.0686,NONE,0.57,-14.1902,-29.4047,48729026.15,42.9955,LOW_PRIORITY,,falling_knife;trend_unconfirmed,falling_knife;trend_unconfirmed
609,002111,威海广泰,C35专用设备制造业,baostock.query_stock_industry,2026-07-06,2026-07-10,9.26,0.224,0.048,5.1078,9.25,10.09,10.3,10.31,-1.2751,-0.5619,NONE,0.32,-1.741,-12.1107,80901744.25,42.971,LOW_PRIORITY,,trend_unconfirmed,trend_unconfirmed
610,002709,天赐材料,C39计算机、通信和其他电子设备制造业,baostock.query_stock_industry,2026-07-06,2026-07-10,40.06,0.4776,0.416,123.1755,50.86,52.72,48.12,39.45,-1.3777,-0.0427,NONE,3.68,-18.6448,-18.6705,5993385753.95,42.9685,LOW_PRIORITY,,trend_unconfirmed,trend_unconfirmed
611,002999,天禾股份,F52零售业,baostock.query_stock_industry,2026-07-06,2026-07-10,5.52,0.0664,0.036,3.7594,5.61,6.38,6.85,6.92,-2.0682,-1.801,NONE,0.23,-8.5378,-24.8949,36611462.45,42.9504,LOW_PRIORITY,,falling_knife;trend_unconfirmed,falling_knife;trend_unconfirmed
612,003028,振邦智能,C39计算机、通信和其他电子设备制造业,baostock.query_stock_industry,2026-07-06,2026-07-10,22.32,0.0048,0.024,3.0947,23.37,26.39,28.21,30.01,-2.977,-1.4345,NONE,1.15,-10.246,-23.827,37088789.2,42.9323,LOW_PRIORITY,,falling_knife;trend_unconfirmed,falling_knife;trend_unconfirmed
613,003038,鑫铂股份,C32有色金属冶炼和压延加工业,baostock.query_stock_industry,2026-07-06,2026-07-10,10.93,0.0024,0.012,1.6744,11.63,13.08,14.72,16.0,-3.0845,-2.5303,NONE,0.42,-11.7941,-35.6916,52810433.65,42.9221,LOW_PRIORITY,,falling_knife;trend_unconfirmed,falling_knife;trend_unconfirmed
614,002088,鲁阳节能,C30非金属矿物制品业,baostock.query_stock_industry,2026-07-06,2026-07-10,7.66,0.0024,0.012,1.8617,8.21,9.05,10.23,10.95,-1.7818,-2.17,NONE,0.39,-7.2077,-29.4093,39635700.45,42.9167,LOW_PRIORITY,,falling_knife;trend_unconfirmed,falling_knife;trend_unconfirmed
615,002800,天顺股份,G54道路运输业,baostock.query_stock_industry,2026-07-06,2026-07-10,12.82,0.1976,0.016,5.2545,13.58,16.06,17.9,16.27,-4.6082,-2.3585,NONE,0.75,-13.3219,-28.4409,45359130.5,42.9036,LOW_PRIORITY,,falling_knife;trend_unconfirmed,falling_knife;trend_unconfirmed
616,002338,奥普光电,C40仪器仪表制造业,baostock.query_stock_industry,2026-07-06,2026-07-10,54.93,0.924,0.62,25.0968,54.3,57.6,55.65,54.09,1.0044,0.4485,WEAK,3.28,4.5681,2.2886,453170382.8,42.8979,HARD_REJECT,price_too_high,,price_too_high
617,000761,本钢板材,C31黑色金属冶炼和压延加工业,baostock.query_stock_industry,2026-07-06,2026-07-10,2.24,0.0112,0.048,4.6729,2.24,2.58,3.02,3.32,-2.3504,-2.7551,NONE,0.11,-7.1932,-31.2311,40987866.3,42.8587,LOW_PRIORITY,,falling_knife;trend_unconfirmed,falling_knife;trend_unconfirmed
618,002573,清新环境,N77生态保护和环境治理业,baostock.query_stock_industry,2026-07-06,2026-07-10,3.1,0.0104,0.052,5.4422,3.1,3.36,3.62,3.81,-1.6328,-1.3348,NONE,0.1,-4.4359,-19.0343,26159100.75,42.8296,LOW_PRIORITY,,falling_knife;trend_unconfirmed,falling_knife;trend_unconfirmed
619,002909,集泰股份,C26化学原料和化学制品制造业,baostock.query_stock_industry,2026-07-06,2026-07-10,4.8,0.0824,0.012,1.2658,5.13,5.91,6.52,6.61,-3.7624,-2.3573,NONE,0.24,-14.9799,-28.8432,46889765.2,42.8242,LOW_PRIORITY,,falling_knife;trend_unconfirmed,falling_knife;trend_unconfirmed
620,002660,茂硕电源,C39计算机、通信和其他电子设备制造业,baostock.query_stock_industry,2026-07-06,2026-07-10,6.46,0.0176,0.016,3.6918,6.75,7.86,8.55,9.16,-3.5982,-2.275,NONE,0.3,-11.3387,-29.3175,42799987.55,42.7957,LOW_PRIORITY,,falling_knife;trend_unconfirmed,falling_knife;trend_unconfirmed
621,001338,永顺泰,C15酒、饮料和精制茶制造业,baostock.query_stock_industry,2026-07-06,2026-07-10,8.59,0.0079,0.028,2.3838,8.94,11.02,11.93,11.93,-4.2309,-3.6416,NONE,0.29,-14.1912,-41.4572,54332362.95,42.7839,LOW_PRIORITY,,falling_knife;trend_unconfirmed,falling_knife;trend_unconfirmed
622,000713,国投丰乐,A05农、林、牧、渔专业及辅助性活动,baostock.query_stock_industry,2026-07-06,2026-07-10,5.51,0.0416,0.052,5.5556,5.52,5.99,6.41,6.73,-1.9178,-1.3043,NONE,0.16,-8.3935,-18.34,28343228.0,42.7563,LOW_PRIORITY,,falling_knife;trend_unconfirmed,falling_knife;trend_unconfirmed
623,003039,顺控发展,D46水的生产和供应业,baostock.query_stock_industry,2026-07-06,2026-07-10,11.06,0.0184,0.012,1.0969,11.6,13.08,14.68,14.35,-1.8286,-2.1808,NONE,0.35,-7.8987,-30.0058,38947647.9,42.7245,LOW_PRIORITY,,falling_knife;trend_unconfirmed,falling_knife;trend_unconfirmed
624,000720,新能泰山,C38电气机械和器材制造业,baostock.query_stock_industry,2026-07-06,2026-07-10,3.35,0.2136,0.104,3.0769,3.78,4.63,4.41,3.96,-7.9377,-4.6065,NONE,0.18,-21.927,-42.0501,166733117.7,42.7244,LOW_PRIORITY,,trend_unconfirmed,trend_unconfirmed
625,002729,好利科技,C39计算机、通信和其他电子设备制造业,baostock.query_stock_industry,2026-07-06,2026-07-10,14.19,0.2264,0.04,3.3503,17.58,19.1,18.88,16.95,-4.7985,-1.9411,NONE,1.3,-17.2843,-42.7832,166501676.9,42.7176,LOW_PRIORITY,,trend_unconfirmed,trend_unconfirmed
626,002802,洪汇新材,C26化学原料和化学制品制造业,baostock.query_stock_industry,2026-07-06,2026-07-10,10.59,0.1512,0.02,2.9155,11.17,13.0,13.15,13.23,-3.4855,-1.7131,NONE,0.53,-11.7927,-25.9893,38629010.2,42.707,LOW_PRIORITY,,falling_knife;trend_unconfirmed,falling_knife;trend_unconfirmed
627,002666,德联集团,C26化学原料和化学制品制造业,baostock.query_stock_industry,2026-07-06,2026-07-10,3.88,0.0696,0.012,1.5707,4.09,4.65,5.14,5.22,-2.7233,-2.643,NONE,0.16,-10.6567,-32.847,45063193.3,42.7047,LOW_PRIORITY,,falling_knife;trend_unconfirmed,falling_knife;trend_unconfirmed
628,002282,博深股份,C30非金属矿物制品业,baostock.query_stock_industry,2026-07-06,2026-07-10,5.71,0.0096,0.016,1.7825,5.85,6.36,6.93,7.23,-1.8699,-1.5468,NONE,0.2,-7.0864,-21.56,28894399.1,42.627,LOW_PRIORITY,,falling_knife;trend_unconfirmed,falling_knife;trend_unconfirmed
629,002805,丰元股份,C39计算机、通信和其他电子设备制造业,baostock.query_stock_industry,2026-07-06,2026-07-10,22.07,0.5944,0.868,74.3286,26.24,23.01,19.99,17.52,4.5006,2.8505,NONE,2.28,6.9816,20.1148,751989402.6,42.6096,LOW_PRIORITY,,trend_unconfirmed,trend_unconfirmed
630,002908,德生科技,I65软件和信息技术服务业,baostock.query_stock_industry,2026-07-06,2026-07-10,6.48,0.0056,0.028,2.3697,6.7,7.71,8.78,9.71,-2.8644,-2.735,NONE,0.3,-9.5262,-33.225,42829628.35,42.5888,LOW_PRIORITY,,falling_knife;trend_unconfirmed,falling_knife;trend_unconfirmed
631,002133,广宇集团,K70房地产业,baostock.query_stock_industry,2026-07-06,2026-07-10,2.5,0.1056,0.044,4.6025,2.53,2.92,3.27,3.35,-2.7666,-2.4417,NONE,0.11,-9.7358,-30.2498,39668186.45,42.5828,LOW_PRIORITY,,falling_knife;trend_unconfirmed,falling_knife;trend_unconfirmed
632,002915,中欣氟材,C26化学原料和化学制品制造业,baostock.query_stock_industry,2026-07-06,2026-07-10,18.41,0.4568,0.044,9.064,20.36,20.63,21.48,22.96,-2.1368,-0.7424,NONE,1.45,-17.7051,-17.3477,459031213.6,42.5743,LOW_PRIORITY,,falling_knife;trend_unconfirmed,falling_knife;trend_unconfirmed
633,002035,华帝股份,C38电气机械和器材制造业,baostock.query_stock_industry,2026-07-06,2026-07-10,4.61,0.0072,0.036,3.3632,4.69,5.32,5.8,6.1,-1.8323,-2.7283,NONE,0.15,-7.4208,-29.7174,36510568.85,42.57,LOW_PRIORITY,,falling_knife;trend_unconfirmed,falling_knife;trend_unconfirmed
634,000663,永安林业,A02林业,baostock.query_stock_industry,2026-07-06,2026-07-10,5.16,0.0856,0.028,2.994,5.32,6.01,6.74,7.05,-2.6012,-2.0307,NONE,0.26,-9.168,-26.0143,34420134.6,42.5594,LOW_PRIORITY,,falling_knife;trend_unconfirmed,falling_knife;trend_unconfirmed
635,003042,中农联合,C26化学原料和化学制品制造业,baostock.query_stock_industry,2026-07-06,2026-07-10,12.47,0.0576,0.028,3.2285,12.78,14.98,16.58,16.76,-2.98,-2.9305,NONE,0.54,-10.289,-33.1359,43117659.8,42.5464,LOW_PRIORITY,,falling_knife;trend_unconfirmed,falling_knife;trend_unconfirmed
636,002865,钧达股份,C38电气机械和器材制造业,baostock.query_stock_industry,2026-07-06,2026-07-10,55.94,0.376,0.524,54.7869,59.21,75.01,80.67,61.58,-5.7365,-2.1777,NONE,3.55,-13.7404,-27.898,830715632.15,42.5362,LOW_PRIORITY,,trend_unconfirmed,trend_unconfirmed
637,002218,拓日新能,C38电气机械和器材制造业,baostock.query_stock_industry,2026-07-06,2026-07-10,3.73,0.26,0.232,14.7692,3.91,4.78,5.5,4.66,-4.3399,-3.6523,NONE,0.18,-13.3392,-39.789,159638451.7,42.5125,LOW_PRIORITY,,falling_knife;trend_unconfirmed,falling_knife;trend_unconfirmed
638,000635,英 力 特,C26化学原料和化学制品制造业,baostock.query_stock_industry,2026-07-06,2026-07-10,6.03,0.052,0.012,1.5152,6.37,7.25,8.34,8.68,-3.1464,-2.5311,NONE,0.3,-16.9752,-31.5196,48735505.95,42.506,LOW_PRIORITY,,falling_knife;trend_unconfirmed,falling_knife;trend_unconfirmed
639,002614,奥佳华,C38电气机械和器材制造业,baostock.query_stock_industry,2026-07-06,2026-07-10,4.56,0.0088,0.044,3.1674,4.61,5.25,6.04,6.55,-2.082,-2.6422,NONE,0.16,-6.9009,-31.4738,36999925.6,42.4936,LOW_PRIORITY,,falling_knife;trend_unconfirmed,falling_knife;trend_unconfirmed
640,001217,华尔泰,C26化学原料和化学制品制造业,baostock.query_stock_industry,2026-07-06,2026-07-10,8.59,0.0069,0.02,1.898,9.0,10.35,11.73,12.19,-2.3556,-2.5049,NONE,0.38,-10.6034,-31.6988,41105022.75,42.4814,LOW_PRIORITY,,falling_knife;trend_unconfirmed,falling_knife;trend_unconfirmed
641,002335,科华数据,C38电气机械和器材制造业,baostock.query_stock_industry,2026-07-06,2026-07-10,36.1,0.4888,0.024,2.0639,38.89,51.68,56.36,55.26,-0.3242,-3.2975,NONE,2.58,0.753,-43.4128,1620926455.0,42.434,LOW_PRIORITY,,falling_knife;trend_unconfirmed,falling_knife;trend_unconfirmed
642,002724,海洋王,C38电气机械和器材制造业,baostock.query_stock_industry,2026-07-06,2026-07-10,4.9,0.0776,0.032,2.9412,4.99,5.74,6.53,7.04,-2.1873,-3.0289,NONE,0.21,-6.3496,-34.6332,38950116.05,42.4168,LOW_PRIORITY,,falling_knife;trend_unconfirmed,falling_knife;trend_unconfirmed
643,000561,烽火电子,C39计算机、通信和其他电子设备制造业,baostock.query_stock_industry,2026-07-06,2026-07-10,7.58,0.288,0.048,8.2857,7.52,8.56,9.8,10.56,-2.1671,-2.281,NONE,0.35,-3.2514,-26.7698,102341760.15,42.4083,LOW_PRIORITY,,falling_knife;trend_unconfirmed,falling_knife;trend_unconfirmed
644,000019,深粮控股,F51批发业,baostock.query_stock_industry,2026-07-06,2026-07-10,5.9,0.0392,0.04,4.0564,6.0,6.77,7.05,7.01,-1.9209,-2.5124,NONE,0.18,-11.2345,-33.3494,42710088.3,42.3951,LOW_PRIORITY,,trend_unconfirmed,trend_unconfirmed
645,000705,浙江震元,F51批发业,baostock.query_stock_industry,2026-07-06,2026-07-10,6.22,0.0088,0.044,6.3248,6.25,7.27,8.23,8.89,-2.2205,-3.1348,NONE,0.26,-7.0684,-34.2306,38995379.15,42.3894,LOW_PRIORITY,,falling_knife;trend_unconfirmed,falling_knife;trend_unconfirmed
646,000796,凯撒旅业,L72商务服务业,baostock.query_stock_industry,2026-07-06,2026-07-10,3.72,0.2032,0.016,2.4793,3.98,4.58,5.2,5.66,-4.3635,-2.8562,NONE,0.15,-15.1998,-36.1769,155036179.1,42.3704,LOW_PRIORITY,,falling_knife;trend_unconfirmed,falling_knife;trend_unconfirmed
647,002869,金溢科技,C39计算机、通信和其他电子设备制造业,baostock.query_stock_industry,2026-07-06,2026-07-10,15.48,0.1448,0.016,1.8421,17.15,19.08,21.3,24.06,-4.2828,-3.118,NONE,0.72,-15.454,-34.704,48877025.05,42.3668,LOW_PRIORITY,,falling_knife;trend_unconfirmed,falling_knife;trend_unconfirmed
648,000557,西部创业,G53铁路运输业,baostock.query_stock_industry,2026-07-06,2026-07-10,3.57,0.0584,0.036,3.1792,3.64,4.18,4.56,4.92,-3.0667,-2.2611,NONE,0.13,-10.4712,-29.1173,36921571.3,42.3647,LOW_PRIORITY,,falling_knife;trend_unconfirmed,falling_knife;trend_unconfirmed
649,001278,一彬科技,C36汽车制造业,baostock.query_stock_industry,2026-07-06,2026-07-10,15.02,0.0926,0.012,2.038,16.08,19.22,20.89,19.75,-3.2549,-2.7396,NONE,0.83,-11.7995,-35.1853,44898489.35,42.3427,LOW_PRIORITY,,falling_knife;trend_unconfirmed,falling_knife;trend_unconfirmed
650,002016,世荣兆业,K70房地产业,baostock.query_stock_industry,2026-07-06,2026-07-10,4.04,0.0056,0.024,2.0202,4.2,4.82,5.41,5.7,-4.0009,-2.9442,NONE,0.19,-12.7144,-34.8985,45549446.05,42.3345,LOW_PRIORITY,,falling_knife;trend_unconfirmed,falling_knife;trend_unconfirmed
651,002261,拓维信息,I65软件和信息技术服务业,baostock.query_stock_industry,2026-07-06,2026-07-10,32.08,0.8456,0.368,19.4341,29.59,32.37,33.61,33.56,1.7834,-1.2173,WEAK,1.74,9.6158,-15.2979,2351479770.1,42.3318,HARD_REJECT,price_too_high,,price_too_high
652,002090,金智科技,C38电气机械和器材制造业,baostock.query_stock_industry,2026-07-06,2026-07-10,8.98,0.2776,0.028,2.9817,9.21,10.27,11.15,11.09,-1.3757,-1.3357,NONE,0.48,-3.9139,-21.9728,90949794.65,42.2869,LOW_PRIORITY,,falling_knife;trend_unconfirmed,falling_knife;trend_unconfirmed
653,002695,煌上煌,C13农副食品加工业,baostock.query_stock_industry,2026-07-06,2026-07-10,10.58,0.3328,0.136,9.4105,10.66,11.57,11.36,11.96,-3.16,-0.1797,NONE,0.48,-10.4954,-6.38,73852269.1,42.2723,LOW_PRIORITY,,trend_unconfirmed,trend_unconfirmed
654,002959,小熊电器,C38电气机械和器材制造业,baostock.query_stock_industry,2026-07-06,2026-07-10,32.12,0.0048,0.024,4.2857,32.68,37.38,40.8,44.47,-1.7557,-2.4003,NONE,0.97,-6.1687,-28.7326,31273338.4,42.2615,LOW_PRIORITY,,falling_knife;trend_unconfirmed,falling_knife;trend_unconfirmed
655,001219,青岛食品,C14食品制造业,baostock.query_stock_industry,2026-07-06,2026-07-10,11.94,0.0699,0.036,4.1885,12.12,13.61,14.15,14.25,-2.3414,-1.5627,NONE,0.41,-8.609,-22.4283,27750881.85,42.2585,LOW_PRIORITY,,trend_unconfirmed,trend_unconfirmed
656,000655,金岭矿业,B08黑色金属矿采选业,baostock.query_stock_industry,2026-07-06,2026-07-10,6.3,0.164,0.008,0.9615,6.7,7.47,8.71,8.93,-2.0762,-2.7185,NONE,0.23,-10.6634,-34.0427,41261284.2,42.255,LOW_PRIORITY,,falling_knife;trend_unconfirmed,falling_knife;trend_unconfirmed
657,002114,罗平锌电,C32有色金属冶炼和压延加工业,baostock.query_stock_industry,2026-07-06,2026-07-10,6.48,0.2592,0.012,0.7776,7.27,8.18,8.84,8.34,-2.0867,-2.0303,NONE,0.44,-10.6815,-29.8653,124124308.0,42.2524,LOW_PRIORITY,,falling_knife;trend_unconfirmed,falling_knife;trend_unconfirmed
658,002381,双箭股份,C29橡胶和塑料制品业,baostock.query_stock_industry,2026-07-06,2026-07-10,5.23,0.0048,0.024,0.9653,5.35,5.95,6.4,6.63,-1.5818,-1.5789,NONE,0.2,-6.7358,-23.2226,26690666.4,42.2435,LOW_PRIORITY,,falling_knife;trend_unconfirmed,falling_knife;trend_unconfirmed
659,003005,竞业达,I65软件和信息技术服务业,baostock.query_stock_industry,2026-07-06,2026-07-10,12.64,0.0016,0.008,4.3765,13.64,15.93,17.95,19.97,-3.8352,-2.5506,NONE,0.69,-16.2503,-34.9068,47340782.4,42.2433,LOW_PRIORITY,,falling_knife;trend_unconfirmed,falling_knife;trend_unconfirmed
660,000619,海螺新材,C29橡胶和塑料制品业,baostock.query_stock_industry,2026-07-06,2026-07-10,4.4,0.0688,0.02,1.6166,4.63,5.42,5.84,6.07,-4.3267,-2.1439,NONE,0.21,-15.2052,-29.8575,40986426.45,42.1947,LOW_PRIORITY,,falling_knife;trend_unconfirmed,falling_knife;trend_unconfirmed
661,000707,双环科技,C26化学原料和化学制品制造业,baostock.query_stock_industry,2026-07-06,2026-07-10,4.25,0.0328,0.016,1.6746,4.47,5.15,5.76,6.13,-2.4254,-2.7056,NONE,0.17,-9.5182,-33.4822,38501056.75,42.1732,LOW_PRIORITY,,falling_knife;trend_unconfirmed,falling_knife;trend_unconfirmed
662,002543,万和电气,C38电气机械和器材制造业,baostock.query_stock_industry,2026-07-06,2026-07-10,6.48,0.0128,0.048,4.8544,6.47,7.47,8.43,10.04,-2.6397,-2.2445,NONE,0.23,-9.1345,-27.5654,32104181.75,42.1696,LOW_PRIORITY,,falling_knife;trend_unconfirmed,falling_knife;trend_unconfirmed
663,002813,路畅科技,C39计算机、通信和其他电子设备制造业,baostock.query_stock_industry,2026-07-06,2026-07-10,19.13,0.0064,0.028,2.1902,19.74,23.03,25.13,25.71,-2.9851,-1.8731,NONE,0.84,-9.3397,-26.2564,31015848.05,42.1645,LOW_PRIORITY,,falling_knife;trend_unconfirmed,falling_knife;trend_unconfirmed
664,002412,汉森制药,C27医药制造业,baostock.query_stock_industry,2026-07-06,2026-07-10,6.0,0.3432,0.052,9.0909,5.94,6.49,6.71,6.7,-1.0663,-0.8952,NONE,0.31,-3.4316,-12.6906,70411960.0,42.1432,LOW_PRIORITY,,trend_unconfirmed,trend_unconfirmed
665,000726,鲁  泰Ａ,C17纺织业,baostock.query_stock_industry,2026-07-06,2026-07-10,5.56,0.0448,0.016,2.3941,5.68,6.11,6.74,6.88,-0.985,-1.7932,NONE,0.17,-5.4488,-24.8916,26150254.7,42.1416,LOW_PRIORITY,,falling_knife;trend_unconfirmed,falling_knife;trend_unconfirmed
666,002561,徐家汇,F52零售业,baostock.query_stock_industry,2026-07-06,2026-07-10,6.42,0.008,0.04,4.902,6.52,7.28,7.97,8.45,-2.4463,-1.9386,NONE,0.22,-8.1323,-24.6822,28232108.6,42.1356,LOW_PRIORITY,,falling_knife;trend_unconfirmed,falling_knife;trend_unconfirmed
667,002852,道道全,C13农副食品加工业,baostock.query_stock_industry,2026-07-06,2026-07-10,7.42,0.064,0.044,4.6544,7.46,8.31,9.56,10.35,-0.9295,-2.3836,NONE,0.27,-3.6793,-29.1802,28262968.35,42.1346,LOW_PRIORITY,,falling_knife;trend_unconfirmed,falling_knife;trend_unconfirmed
668,002302,西部建设,C30非金属矿物制品业,baostock.query_stock_industry,2026-07-06,2026-07-10,4.43,0.0072,0.036,2.5463,4.52,5.1,5.63,6.13,-2.7539,-2.2032,NONE,0.14,-9.0192,-26.3032,30291988.35,42.1137,LOW_PRIORITY,,falling_knife;trend_unconfirmed,falling_knife;trend_unconfirmed
669,000011,深物业A,K70房地产业,baostock.query_stock_industry,2026-07-06,2026-07-10,6.43,0.0032,0.016,2.5518,6.86,7.51,8.13,8.79,-3.1281,-2.1667,NONE,0.25,-11.8811,-27.7035,34280757.25,42.1051,LOW_PRIORITY,,falling_knife;trend_unconfirmed,falling_knife;trend_unconfirmed
670,002743,富煌钢构,C33金属制品业,baostock.query_stock_industry,2026-07-06,2026-07-10,3.96,0.0744,0.028,3.6649,4.09,4.75,5.22,5.51,-3.4951,-2.5915,NONE,0.21,-11.3109,-31.371,37368038.85,42.0981,LOW_PRIORITY,,falling_knife;trend_unconfirmed,falling_knife;trend_unconfirmed
671,002404,嘉欣丝绸,C18纺织服装、服饰业,baostock.query_stock_industry,2026-07-06,2026-07-10,5.75,0.2208,0.02,1.5901,5.97,6.55,6.8,6.73,-3.3919,-1.4452,NONE,0.18,-11.1855,-21.1004,99581730.5,42.057,LOW_PRIORITY,,trend_unconfirmed,trend_unconfirmed
672,003008,开普检测,M74专业技术服务业,baostock.query_stock_industry,2026-07-06,2026-07-10,17.51,0.0768,0.032,2.5776,17.84,20.43,21.95,22.14,-1.7699,-2.2031,NONE,0.63,-5.9405,-29.2513,29624919.85,42.0537,LOW_PRIORITY,,falling_knife;trend_unconfirmed,falling_knife;trend_unconfirmed
673,000987,越秀资本,J69其他金融业,baostock.query_stock_industry,2026-07-06,2026-07-10,8.09,0.744,0.54,22.3903,7.97,8.3,8.85,8.24,2.186,-0.3063,WEAK,0.38,10.584,-12.6063,456787038.6,42.0517,LOW_PRIORITY,,,
674,003016,欣贺股份,C18纺织服装、服饰业,baostock.query_stock_industry,2026-07-06,2026-07-10,6.3,0.0528,0.028,2.7732,6.47,7.41,8.03,8.36,-2.5446,-1.9799,NONE,0.26,-8.9355,-26.5598,29262823.85,41.9832,LOW_PRIORITY,,falling_knife;trend_unconfirmed,falling_knife;trend_unconfirmed
675,002966,苏州银行,J66货币金融服务,baostock.query_stock_industry,2026-07-06,2026-07-10,7.32,0.4992,0.036,5.1724,7.47,8.1,8.16,8.3,-2.5171,-0.9432,NONE,0.2,-11.4949,-15.5988,351637140.2,41.9812,LOW_PRIORITY,,trend_unconfirmed,trend_unconfirmed
676,002799,环球印务,C22造纸和纸制品业,baostock.query_stock_industry,2026-07-06,2026-07-10,6.09,0.032,0.02,2.3529,6.33,7.5,8.27,8.43,-3.7625,-2.4296,NONE,0.26,-13.1777,-30.1655,36811008.8,41.9786,LOW_PRIORITY,,falling_knife;trend_unconfirmed,falling_knife;trend_unconfirmed
677,002950,奥美医疗,C27医药制造业,baostock.query_stock_industry,2026-07-06,2026-07-10,8.81,0.2184,0.036,1.3809,9.31,11.01,11.28,10.78,-0.3907,-3.0524,NONE,0.53,-3.5306,-44.0499,135617811.9,41.9689,LOW_PRIORITY,,falling_knife;trend_unconfirmed,falling_knife;trend_unconfirmed
678,002585,双星新材,C29橡胶和塑料制品业,baostock.query_stock_industry,2026-07-06,2026-07-10,9.99,0.5456,0.872,86.729,12.52,10.29,8.78,7.28,-3.2203,3.0846,NONE,1.14,-20.8761,41.1931,1591683021.05,41.9317,LOW_PRIORITY,,trend_unconfirmed,trend_unconfirmed
679,002037,保利联合,C26化学原料和化学制品制造业,baostock.query_stock_industry,2026-07-06,2026-07-10,6.07,0.052,0.016,1.8456,6.41,7.45,8.22,9.53,-3.318,-2.7838,NONE,0.25,-12.1772,-33.4396,38714471.05,41.9315,LOW_PRIORITY,,falling_knife;trend_unconfirmed,falling_knife;trend_unconfirmed
680,002206,海 利 得,C28化学纤维制造业,baostock.query_stock_industry,2026-07-06,2026-07-10,5.24,0.336,0.032,2.3438,5.39,5.67,6.21,6.07,0.335,-1.4605,NONE,0.17,0.2395,-21.2592,75013981.7,41.9252,LOW_PRIORITY,,trend_unconfirmed,trend_unconfirmed
681,002661,克明食品,C14食品制造业,baostock.query_stock_industry,2026-07-06,2026-07-10,7.23,0.0168,0.032,4.329,7.27,8.04,8.67,9.29,-1.6629,-1.6721,NONE,0.27,-7.4148,-23.5613,24718031.5,41.9055,LOW_PRIORITY,,falling_knife;trend_unconfirmed,falling_knife;trend_unconfirmed
682,000993,闽东电力,D44电力、热力生产和供应业,baostock.query_stock_industry,2026-07-06,2026-07-10,9.8,0.3128,0.02,3.8136,10.44,12.27,12.87,12.1,-6.0166,-1.8118,NONE,0.39,-16.0935,-28.3468,123559841.7,41.8416,LOW_PRIORITY,,falling_knife;trend_unconfirmed,falling_knife;trend_unconfirmed
683,000529,广弘控股,C13农副食品加工业,baostock.query_stock_industry,2026-07-06,2026-07-10,4.6,0.0104,0.052,7.9812,4.57,5.11,5.55,5.88,-1.5813,-1.8663,NONE,0.18,-5.4775,-24.4338,23190681.45,41.8218,LOW_PRIORITY,,falling_knife;trend_unconfirmed,falling_knife;trend_unconfirmed
684,000997,新 大 陆,I65软件和信息技术服务业,baostock.query_stock_industry,2026-07-06,2026-07-10,16.33,0.3544,0.028,3.6825,17.02,19.78,22.14,25.28,-2.8682,-1.5482,NONE,0.66,-7.0812,-21.2871,348471651.45,41.8069,LOW_PRIORITY,,falling_knife;trend_unconfirmed,falling_knife;trend_unconfirmed
685,001228,永泰运,L72商务服务业,baostock.query_stock_industry,2026-07-06,2026-07-10,26.9,0.4425,0.5,15.2034,26.76,29.31,30.27,27.88,0.4505,-1.4432,WEAK,1.22,-0.4106,-24.8715,38053280.8,41.803,LOW_PRIORITY,,,
686,002587,奥拓电子,C39计算机、通信和其他电子设备制造业,baostock.query_stock_industry,2026-07-06,2026-07-10,5.86,0.428,0.008,0.0,6.85,6.86,6.87,6.68,-2.9681,-0.5726,NONE,0.47,-15.6384,-15.2405,363607453.95,41.7761,LOW_PRIORITY,,trend_unconfirmed,trend_unconfirmed
687,002402,和而泰,C39计算机、通信和其他电子设备制造业,baostock.query_stock_industry,2026-07-06,2026-07-10,26.32,0.8168,0.204,21.9083,24.72,28.3,31.49,35.62,0.1823,-1.8154,WEAK,1.53,8.9993,-20.5854,1106362840.15,41.7414,HARD_REJECT,price_too_high,,price_too_high
688,002074,国轩高科,C38电气机械和器材制造业,baostock.query_stock_industry,2026-07-06,2026-07-10,25.36,0.3528,0.004,0.0,27.96,33.18,35.53,36.85,-2.7091,-2.5717,NONE,1.1,-11.8576,-40.2312,869592264.5,41.7,LOW_PRIORITY,,falling_knife;trend_unconfirmed,falling_knife;trend_unconfirmed
689,002125,湘潭电化,C26化学原料和化学制品制造业,baostock.query_stock_industry,2026-07-06,2026-07-10,11.76,0.4736,0.004,0.0,15.18,15.06,14.59,14.39,-7.973,-0.5854,NONE,0.91,-37.1187,-17.772,921788220.75,41.7,LOW_PRIORITY,,falling_knife;trend_unconfirmed,falling_knife;trend_unconfirmed
690,002201,九鼎新材,C30非金属矿物制品业,baostock.query_stock_industry,2026-07-06,2026-07-10,8.92,0.4464,0.476,32.9359,11.02,12.04,12.31,10.26,-4.0878,-1.7443,NONE,0.8,-22.022,-31.319,534784801.3,41.7,LOW_PRIORITY,,trend_unconfirmed,trend_unconfirmed
691,002460,赣锋锂业,C32有色金属冶炼和压延加工业,baostock.query_stock_industry,2026-07-06,2026-07-10,53.63,0.412,0.248,59.8033,65.52,73.99,72.5,62.31,-3.2365,-2.6379,NONE,3.76,-24.6309,-40.876,4077402415.25,41.7,LOW_PRIORITY,,trend_unconfirmed,trend_unconfirmed
692,002497,雅化集团,C32有色金属冶炼和压延加工业,baostock.query_stock_industry,2026-07-06,2026-07-10,18.7,0.4712,0.324,65.9272,21.83,24.61,24.56,20.76,0.0344,-0.7235,NONE,1.83,-18.384,-32.8685,1363956991.1,41.7,LOW_PRIORITY,,trend_unconfirmed,trend_unconfirmed
693,002657,中科金财,I65软件和信息技术服务业,baostock.query_stock_industry,2026-07-06,2026-07-10,16.38,0.48,0.008,8.982,20.39,20.44,23.35,27.58,-3.1056,-2.1108,NONE,1.48,-20.8195,-30.9808,626759280.65,41.7,LOW_PRIORITY,,falling_knife;trend_unconfirmed,falling_knife;trend_unconfirmed
694,002738,中矿资源,C32有色金属冶炼和压延加工业,baostock.query_stock_industry,2026-07-06,2026-07-10,51.8,0.48,0.3,64.6012,59.75,69.41,75.14,62.5,0.0193,-2.4549,NONE,5.04,-13.1407,-41.9639,2554581287.8,41.7,LOW_PRIORITY,,trend_unconfirmed,trend_unconfirmed
695,002756,永兴材料,C32有色金属冶炼和压延加工业,baostock.query_stock_industry,2026-07-06,2026-07-10,48.26,0.3752,0.436,53.7432,59.13,67.3,64.36,52.22,-2.399,-2.2413,NONE,4.83,-24.5004,-40.8668,1422791892.2,41.7,LOW_PRIORITY,,trend_unconfirmed,trend_unconfirmed
696,002866,传艺科技,C39计算机、通信和其他电子设备制造业,baostock.query_stock_industry,2026-07-06,2026-07-10,14.53,0.3024,0.008,0.3453,16.53,20.93,20.42,19.55,-4.7371,-2.7873,NONE,0.73,-17.0301,-40.5656,132336521.3,41.6104,LOW_PRIORITY,,falling_knife;trend_unconfirmed,falling_knife;trend_unconfirmed
697,002679,福建金森,A02林业,baostock.query_stock_industry,2026-07-06,2026-07-10,8.07,0.104,0.028,2.4112,8.24,9.54,10.54,11.02,-2.605,-2.3398,NONE,0.35,-8.9768,-29.0836,27831151.85,41.5653,LOW_PRIORITY,,falling_knife;trend_unconfirmed,falling_knife;trend_unconfirmed
698,002696,百洋股份,C13农副食品加工业,baostock.query_stock_industry,2026-07-06,2026-07-10,5.38,0.32,0.056,8.2495,5.31,6.05,6.71,6.69,-1.3751,-2.1896,NONE,0.29,-1.8654,-26.5756,81509912.7,41.5449,LOW_PRIORITY,,falling_knife;trend_unconfirmed,falling_knife;trend_unconfirmed
699,001222,源飞宠物,C41其他制造业,baostock.query_stock_industry,2026-07-06,2026-07-10,13.45,0.1964,0.02,2.6718,13.84,16.37,18.86,21.02,-2.3525,-2.9314,NONE,0.6,-9.1244,-35.6358,33731385.65,41.5319,LOW_PRIORITY,,falling_knife;trend_unconfirmed,falling_knife;trend_unconfirmed
700,002949,华阳国际,M74专业技术服务业,baostock.query_stock_industry,2026-07-06,2026-07-10,10.06,0.076,0.024,1.7189,10.44,12.5,13.73,14.12,-3.4055,-2.3958,NONE,0.43,-11.8886,-32.6279,33257116.2,41.5077,LOW_PRIORITY,,falling_knife;trend_unconfirmed,falling_knife;trend_unconfirmed
701,000401,金隅冀东,C30非金属矿物制品业,baostock.query_stock_industry,2026-07-06,2026-07-10,3.49,0.0072,0.036,4.491,3.56,4.02,4.49,4.66,-2.6661,-2.629,NONE,0.11,-9.4688,-30.8051,29128132.1,41.4904,LOW_PRIORITY,,falling_knife;trend_unconfirmed,falling_knife;trend_unconfirmed
702,002798,帝欧水华,C30非金属矿物制品业,baostock.query_stock_industry,2026-07-06,2026-07-10,5.17,0.2584,0.02,3.6072,5.51,6.73,6.58,6.47,-3.9958,-0.9219,NONE,0.33,-17.9238,-19.6797,98522802.3,41.4766,LOW_PRIORITY,,falling_knife;trend_unconfirmed,falling_knife;trend_unconfirmed
703,000828,东莞控股,G54道路运输业,baostock.query_stock_industry,2026-07-06,2026-07-10,9.54,0.224,0.016,1.9231,9.67,9.99,10.34,10.86,-0.5041,-0.2065,NONE,0.26,-3.7649,-7.9727,53759122.6,41.4677,LOW_PRIORITY,,trend_unconfirmed,trend_unconfirmed
704,002968,新大正,K70房地产业,baostock.query_stock_industry,2026-07-06,2026-07-10,8.44,0.0264,0.016,2.1792,8.78,10.28,11.44,11.45,-3.1776,-2.5742,NONE,0.38,-11.7143,-32.4815,32415963.6,41.4527,LOW_PRIORITY,,falling_knife;trend_unconfirmed,falling_knife;trend_unconfirmed
705,002926,华西证券,J67资本市场服务,baostock.query_stock_industry,2026-07-06,2026-07-10,8.29,0.4696,0.128,8.0834,8.31,8.35,8.59,9.25,1.8823,-0.008,NONE,0.26,5.519,-7.1333,191810258.9,41.4525,LOW_PRIORITY,,trend_unconfirmed,trend_unconfirmed
706,001255,博菲电气,C26化学原料和化学制品制造业,baostock.query_stock_industry,2026-07-06,2026-07-10,24.39,0.1404,0.012,1.1194,26.55,31.5,35.69,34.36,-4.0025,-3.1011,NONE,1.27,-15.6116,-38.1926,38082193.6,41.434,LOW_PRIORITY,,falling_knife;trend_unconfirmed,falling_knife;trend_unconfirmed
707,003011,海象新材,C29橡胶和塑料制品业,baostock.query_stock_industry,2026-07-06,2026-07-10,18.66,0.2768,0.028,3.6667,19.26,21.74,23.14,22.27,-1.8674,-1.7156,NONE,1.36,-5.8633,-24.4852,82942591.95,41.4309,LOW_PRIORITY,,trend_unconfirmed,trend_unconfirmed
708,000957,中通客车,C36汽车制造业,baostock.query_stock_industry,2026-07-06,2026-07-10,9.32,0.2936,0.008,0.6479,9.8,10.82,11.14,11.27,-1.2448,-1.4515,NONE,0.35,-10.2063,-25.9826,93844335.55,41.3977,LOW_PRIORITY,,trend_unconfirmed,trend_unconfirmed
709,002658,雪迪龙,C40仪器仪表制造业,baostock.query_stock_industry,2026-07-06,2026-07-10,7.28,0.3448,0.012,1.3928,8.0,8.44,9.09,8.76,-1.3192,-0.8983,NONE,0.34,-13.9159,-17.6638,84116299.95,41.3698,LOW_PRIORITY,,trend_unconfirmed,trend_unconfirmed
710,002232,启明信息,I65软件和信息技术服务业,baostock.query_stock_industry,2026-07-06,2026-07-10,14.35,0.3336,0.028,6.6914,14.5,16.27,17.38,18.55,-1.4378,-1.6867,NONE,0.61,-3.8906,-23.9063,76336941.3,41.3231,LOW_PRIORITY,,falling_knife;trend_unconfirmed,falling_knife;trend_unconfirmed
711,002148,北纬科技,I65软件和信息技术服务业,baostock.query_stock_industry,2026-07-06,2026-07-10,6.33,0.6488,0.068,9.7054,6.25,7.01,7.66,8.49,0.4664,-1.2791,WEAK,0.41,1.2823,-21.5804,148025092.4,41.3169,LOW_PRIORITY,,,
712,000017,深中华A,C24文教、工美、体育和娱乐用品制造业,baostock.query_stock_industry,2026-07-06,2026-07-10,5.99,0.6264,0.132,19.3227,5.62,5.85,6.63,6.85,4.7561,-0.9678,WEAK,0.38,18.0118,-16.8607,93341569.35,41.3074,LOW_PRIORITY,,,
713,002843,泰嘉股份,C34通用设备制造业,baostock.query_stock_industry,2026-07-06,2026-07-10,23.3,0.828,0.672,33.985,21.95,24.21,23.14,22.26,1.6813,-0.0365,WEAK,1.44,8.2331,-7.5925,376319498.25,41.3065,HARD_REJECT,price_too_high,,price_too_high
714,000506,招金黄金,B09有色金属矿采选业,baostock.query_stock_industry,2026-07-06,2026-07-10,13.74,0.9136,0.568,46.9519,13.4,14.68,16.76,14.0,-0.1192,-2.7436,WEAK,1.04,8.7853,-25.4228,744354399.2,41.2362,HARD_REJECT,price_too_high,,price_too_high
715,001207,联科科技,C26化学原料和化学制品制造业,baostock.query_stock_industry,2026-07-06,2026-07-10,15.49,0.2132,0.032,4.6622,16.07,18.09,22.77,23.35,-3.7487,-3.2342,NONE,0.87,-11.0428,-28.3158,95064889.45,41.139,LOW_PRIORITY,,falling_knife;trend_unconfirmed,falling_knife;trend_unconfirmed
716,001332,锡装股份,C33金属制品业,baostock.query_stock_industry,2026-07-06,2026-07-10,31.89,0.2022,0.004,0.0,39.82,52.38,54.68,51.86,-7.3734,-3.2746,NONE,1.7,-32.1202,-45.4983,118799938.25,41.1011,LOW_PRIORITY,,falling_knife;trend_unconfirmed,falling_knife;trend_unconfirmed
717,000550,江铃汽车,C36汽车制造业,baostock.query_stock_industry,2026-07-06,2026-07-10,16.28,0.2848,0.016,0.618,16.86,17.69,17.88,19.09,-0.3575,-0.9378,NONE,0.52,-3.1203,-19.0193,63247543.4,41.0897,LOW_PRIORITY,,trend_unconfirmed,trend_unconfirmed
718,000910,大亚圣象,C20木材加工和木、竹、藤、棕、草制品业,baostock.query_stock_industry,2026-07-06,2026-07-10,5.37,0.0064,0.032,4.6784,5.46,6.25,6.87,7.37,-2.9568,-2.0877,NONE,0.21,-8.884,-27.8289,22730591.35,41.083,LOW_PRIORITY,,falling_knife;trend_unconfirmed,falling_knife;trend_unconfirmed
719,002942,新农股份,C26化学原料和化学制品制造业,baostock.query_stock_industry,2026-07-06,2026-07-10,14.47,0.1536,0.012,2.1893,15.13,17.42,19.09,19.34,-2.4558,-2.203,NONE,0.63,-11.8242,-29.9229,26338283.6,41.0232,LOW_PRIORITY,,falling_knife;trend_unconfirmed,falling_knife;trend_unconfirmed
720,000528,柳    工,C35专用设备制造业,baostock.query_stock_industry,2026-07-06,2026-07-10,7.9,0.4616,0.032,4.6358,8.0,8.89,9.85,10.65,-1.4361,-1.3844,NONE,0.3,-5.0868,-22.1421,289149015.4,40.9603,LOW_PRIORITY,,falling_knife;trend_unconfirmed,falling_knife;trend_unconfirmed
721,002732,燕塘乳业,C14食品制造业,baostock.query_stock_industry,2026-07-06,2026-07-10,12.75,0.0064,0.032,2.8226,13.04,14.64,15.92,16.68,-2.3774,-1.9002,NONE,0.46,-8.9196,-25.7301,20178954.2,40.9524,LOW_PRIORITY,,falling_knife;trend_unconfirmed,falling_knife;trend_unconfirmed
722,002331,皖通科技,I65软件和信息技术服务业,baostock.query_stock_industry,2026-07-06,2026-07-10,7.02,0.26,0.016,3.2353,7.58,8.56,8.79,8.7,-5.1499,-1.3156,NONE,0.35,-17.3396,-20.2611,86382666.95,40.8855,LOW_PRIORITY,,falling_knife;trend_unconfirmed,falling_knife;trend_unconfirmed
723,002300,太阳电缆,C38电气机械和器材制造业,baostock.query_stock_industry,2026-07-06,2026-07-10,6.38,0.3168,0.116,4.7619,6.95,8.6,9.13,8.2,-4.7958,-2.866,NONE,0.27,-16.1306,-36.9205,112689207.85,40.8548,LOW_PRIORITY,,falling_knife;trend_unconfirmed,falling_knife;trend_unconfirmed
724,002617,露笑科技,C38电气机械和器材制造业,baostock.query_stock_industry,2026-07-06,2026-07-10,8.44,0.5456,0.536,18.3731,9.34,8.81,8.64,8.48,2.3676,1.6591,NONE,0.7,2.5022,6.7652,2469215014.2,40.8267,LOW_PRIORITY,,trend_unconfirmed,trend_unconfirmed
725,001318,阳光乳业,C14食品制造业,baostock.query_stock_industry,2026-07-06,2026-07-10,10.18,0.0418,0.02,2.7245,10.42,11.93,13.28,14.01,-2.2648,-2.2609,NONE,0.37,-8.3428,-29.5257,21558100.2,40.8152,LOW_PRIORITY,,falling_knife;trend_unconfirmed,falling_knife;trend_unconfirmed
726,002233,塔牌集团,C30非金属矿物制品业,baostock.query_stock_industry,2026-07-06,2026-07-10,7.47,0.24,0.044,7.1736,7.42,8.22,8.86,8.8,-0.6758,-1.7425,NONE,0.26,-1.5779,-25.0501,65668594.8,40.7978,LOW_PRIORITY,,trend_unconfirmed,trend_unconfirmed
727,002608,江苏国信,D44电力、热力生产和供应业,baostock.query_stock_industry,2026-07-06,2026-07-10,6.83,0.3912,0.016,1.6369,7.56,8.15,8.08,7.96,-7.3936,-1.2401,NONE,0.26,-23.1644,-19.7993,373173960.1,40.7024,LOW_PRIORITY,,trend_unconfirmed,trend_unconfirmed
728,002790,瑞尔特,C29橡胶和塑料制品业,baostock.query_stock_industry,2026-07-06,2026-07-10,5.54,0.036,0.04,4.1353,5.65,6.58,7.42,7.8,-2.2741,-2.7468,NONE,0.24,-9.2843,-32.7649,23900793.35,40.6973,LOW_PRIORITY,,falling_knife;trend_unconfirmed,falling_knife;trend_unconfirmed
729,001316,润贝航科,F51批发业,baostock.query_stock_industry,2026-07-06,2026-07-10,31.25,0.2161,0.02,1.626,34.34,42.72,45.86,40.24,-2.5693,-3.2908,NONE,1.73,-16.4385,-42.1828,108644833.15,40.6854,LOW_PRIORITY,,falling_knife;trend_unconfirmed,falling_knife;trend_unconfirmed
730,002093,国脉科技,I65软件和信息技术服务业,baostock.query_stock_industry,2026-07-06,2026-07-10,6.46,0.2984,0.036,4.8701,6.59,7.75,9.27,10.73,-2.5209,-3.3262,NONE,0.27,-5.8899,-37.3517,91648854.65,40.5858,LOW_PRIORITY,,falling_knife;trend_unconfirmed,falling_knife;trend_unconfirmed
731,002228,合兴包装,C22造纸和纸制品业,baostock.query_stock_industry,2026-07-06,2026-07-10,3.06,0.2136,0.036,4.0816,3.09,3.47,3.88,3.84,-1.6386,-2.0555,NONE,0.12,-4.168,-25.5678,66993160.0,40.571,LOW_PRIORITY,,falling_knife;trend_unconfirmed,falling_knife;trend_unconfirmed
732,002020,京新药业,C27医药制造业,baostock.query_stock_industry,2026-07-06,2026-07-10,14.32,0.796,0.16,21.562,13.13,13.86,15.24,17.02,3.9845,-0.9412,WEAK,0.99,15.1119,-14.0868,320789406.95,40.5189,HARD_REJECT,price_too_high,,price_too_high
733,002702,海欣食品,C13农副食品加工业,baostock.query_stock_industry,2026-07-06,2026-07-10,4.53,0.3016,0.288,8.6331,4.67,5.31,5.83,5.63,-3.3054,-1.7285,NONE,0.17,-10.7109,-23.5409,71437010.55,40.392,LOW_PRIORITY,,falling_knife;trend_unconfirmed,falling_knife;trend_unconfirmed
734,000886,海南高速,G54道路运输业,baostock.query_stock_industry,2026-07-06,2026-07-10,4.28,0.2696,0.064,5.1597,4.22,4.86,5.55,6.3,-1.4142,-2.5546,NONE,0.15,-0.8414,-30.1282,65527961.65,40.3546,LOW_PRIORITY,,falling_knife;trend_unconfirmed,falling_knife;trend_unconfirmed
735,000420,吉林化纤,C28化学纤维制造业,baostock.query_stock_industry,2026-07-06,2026-07-10,3.78,0.4016,0.008,0.8,4.11,4.65,4.67,4.41,-2.5124,-1.8966,NONE,0.18,-9.3401,-29.7302,318647214.55,40.2748,LOW_PRIORITY,,trend_unconfirmed,trend_unconfirmed
736,000524,岭南控股,L72商务服务业,baostock.query_stock_industry,2026-07-06,2026-07-10,9.87,0.504,0.132,11.778,9.22,9.85,11.22,12.12,0.4029,-1.9461,WEAK,0.52,11.4972,-26.6153,106187860.65,40.268,LOW_PRIORITY,,,
737,002742,冀衡医药,C30非金属矿物制品业,baostock.query_stock_industry,2026-07-06,2026-07-10,3.69,0.2624,0.06,13.1902,3.61,4.22,4.29,4.59,-2.3906,-1.7433,NONE,0.22,-3.9494,-24.9344,60876357.45,40.2572,LOW_PRIORITY,,falling_knife;trend_unconfirmed,falling_knife;trend_unconfirmed
738,002386,天原股份,C26化学原料和化学制品制造业,baostock.query_stock_industry,2026-07-06,2026-07-10,5.65,0.44,0.516,14.3725,5.98,6.18,6.09,5.73,1.0141,-0.3465,NONE,0.26,-2.0139,-13.0098,196588716.95,40.2337,LOW_PRIORITY,,trend_unconfirmed,trend_unconfirmed
739,002967,广电计量,M74专业技术服务业,baostock.query_stock_industry,2026-07-06,2026-07-10,18.47,0.4456,0.18,7.7596,18.48,20.33,21.46,20.68,0.5305,-0.8236,NONE,0.68,5.9481,-14.3362,171223906.3,40.2156,LOW_PRIORITY,,trend_unconfirmed,trend_unconfirmed
740,000659,珠海中富,C29橡胶和塑料制品业,baostock.query_stock_industry,2026-07-06,2026-07-10,2.75,0.2376,0.08,2.9963,3.18,3.76,4.05,3.49,-5.8684,-2.8985,NONE,0.15,-23.1859,-40.4803,97962418.6,40.211,LOW_PRIORITY,,falling_knife;trend_unconfirmed,falling_knife;trend_unconfirmed
741,002294,信立泰,C27医药制造业,baostock.query_stock_industry,2026-07-06,2026-07-10,37.13,0.7792,0.152,23.1509,33.53,39.75,46.72,50.71,4.5999,-5.1869,WEAK,2.92,17.9248,-44.921,1315993108.1,40.2004,HARD_REJECT,price_too_high,,price_too_high
742,000039,中集集团,C33金属制品业,baostock.query_stock_industry,2026-07-06,2026-07-10,8.2,0.4632,0.308,5.8065,8.49,10.36,10.78,9.55,-3.8927,-2.7817,NONE,0.38,-12.758,-35.0598,371480128.95,40.1934,LOW_PRIORITY,,trend_unconfirmed,trend_unconfirmed
743,002596,海南瑞泽,C30非金属矿物制品业,baostock.query_stock_industry,2026-07-06,2026-07-10,2.85,0.2544,0.016,2.8881,3.11,3.51,3.86,4.17,-6.2246,-1.8965,NONE,0.19,-22.1442,-26.1371,93193269.5,40.157,LOW_PRIORITY,,falling_knife;trend_unconfirmed,falling_knife;trend_unconfirmed
744,000423,东阿阿胶,C27医药制造业,baostock.query_stock_industry,2026-07-06,2026-07-10,46.79,0.3664,0.04,7.6127,46.45,49.97,51.62,50.37,-1.3705,-1.3571,NONE,1.38,-7.787,-18.7378,238842969.1,40.0588,LOW_PRIORITY,,trend_unconfirmed,trend_unconfirmed
745,002339,积成电子,C38电气机械和器材制造业,baostock.query_stock_industry,2026-07-06,2026-07-10,6.7,0.3184,0.016,2.1341,7.16,8.73,10.07,9.16,-3.9938,-3.273,NONE,0.29,-12.5691,-39.322,94685821.6,40.0568,LOW_PRIORITY,,falling_knife;trend_unconfirmed,falling_knife;trend_unconfirmed
746,001319,铭科精技,C36汽车制造业,baostock.query_stock_industry,2026-07-06,2026-07-10,20.97,0.2661,0.032,8.3721,21.6,23.43,25.45,26.18,-2.6765,-1.238,NONE,1.01,-11.6188,-20.8213,63179067.55,40.0552,LOW_PRIORITY,,falling_knife;trend_unconfirmed,falling_knife;trend_unconfirmed
747,001323,慕思股份,C21家具制造业,baostock.query_stock_industry,2026-07-06,2026-07-10,16.24,0.0051,0.02,2.7848,17.0,20.69,23.47,26.2,-4.1769,-3.1637,NONE,0.68,-13.05,-37.4094,24780042.6,40.0107,LOW_PRIORITY,,falling_knife;trend_unconfirmed,falling_knife;trend_unconfirmed
748,002749,国光股份,C26化学原料和化学制品制造业,baostock.query_stock_industry,2026-07-06,2026-07-10,7.97,0.0048,0.024,1.3995,8.16,10.24,11.87,13.4,-2.3446,-4.079,NONE,0.26,-8.5286,-43.9634,23915056.4,39.904,LOW_PRIORITY,,falling_knife;trend_unconfirmed,falling_knife;trend_unconfirmed
749,002286,保龄宝,C13农副食品加工业,baostock.query_stock_industry,2026-07-06,2026-07-10,8.13,0.292,0.008,1.3716,8.69,9.31,9.71,9.95,-1.8573,-1.549,NONE,0.33,-11.6747,-23.8589,65515060.75,39.8974,LOW_PRIORITY,,falling_knife;trend_unconfirmed,falling_knife;trend_unconfirmed
750,002229,鸿博股份,C23印刷和记录媒介复制业,baostock.query_stock_industry,2026-07-06,2026-07-10,10.02,0.3824,0.02,5.8078,11.02,14.67,15.81,16.77,-9.4371,-4.5158,NONE,0.58,-27.5802,-48.4874,364151417.2,39.8718,LOW_PRIORITY,,falling_knife;trend_unconfirmed,falling_knife;trend_unconfirmed
751,002116,中国海诚,E48土木工程建筑业,baostock.query_stock_industry,2026-07-06,2026-07-10,6.78,0.1064,0.016,2.2624,7.45,8.85,9.79,10.17,-6.576,-3.2108,NONE,0.22,-24.3529,-38.4162,23347857.45,39.8328,LOW_PRIORITY,,falling_knife;trend_unconfirmed,falling_knife;trend_unconfirmed
752,002637,赞宇科技,C26化学原料和化学制品制造业,baostock.query_stock_industry,2026-07-06,2026-07-10,10.67,0.396,0.256,7.5605,11.17,11.81,12.38,11.57,-2.8432,-1.0322,NONE,0.56,-8.7697,-16.903,221558891.7,39.7658,LOW_PRIORITY,,trend_unconfirmed,trend_unconfirmed
753,002997,瑞鹄模具,C35专用设备制造业,baostock.query_stock_industry,2026-07-06,2026-07-10,28.85,0.4552,0.044,9.0737,29.42,30.77,32.35,35.42,1.4148,-0.5442,NONE,1.3,6.7011,-12.5255,147737616.0,39.7549,LOW_PRIORITY,,trend_unconfirmed,trend_unconfirmed
754,002933,新兴装备,C37铁路、船舶、航空航天和其他运输设备制造业,baostock.query_stock_industry,2026-07-06,2026-07-10,26.5,0.2368,0.036,3.5156,27.26,29.46,32.13,33.55,-2.175,-1.7593,NONE,1.28,-6.1241,-24.3491,54723645.7,39.6653,LOW_PRIORITY,,falling_knife;trend_unconfirmed,falling_knife;trend_unconfirmed
755,002921,联诚精密,C34通用设备制造业,baostock.query_stock_industry,2026-07-06,2026-07-10,26.94,0.972,0.86,91.3352,26.11,27.21,25.5,20.51,3.2757,0.2899,WEAK,2.29,14.7098,-7.597,240867740.95,39.6652,HARD_REJECT,price_too_high,,price_too_high
756,002345,潮宏基,C24文教、工美、体育和娱乐用品制造业,baostock.query_stock_industry,2026-07-06,2026-07-10,10.06,0.8048,0.152,17.5234,9.73,9.85,10.85,12.47,3.9464,-0.3573,WEAK,0.54,12.1051,-8.7154,257548378.6,39.6321,HARD_REJECT,price_too_high,,price_too_high
757,002173,创新医疗,Q84卫生,baostock.query_stock_industry,2026-07-06,2026-07-10,17.57,0.8384,0.192,26.0402,17.49,20.75,24.67,22.8,0.399,-2.8641,WEAK,1.48,2.2248,-34.9871,693939170.05,39.6238,HARD_REJECT,price_too_high,,price_too_high
758,002107,沃华医药,C27医药制造业,baostock.query_stock_industry,2026-07-06,2026-07-10,6.27,0.5288,0.268,11.9643,6.05,6.7,6.87,6.69,1.0525,-1.2507,WEAK,0.33,4.7805,-16.372,84272129.8,39.5768,LOW_PRIORITY,,,
759,002200,交投生态,E48土木工程建筑业,baostock.query_stock_industry,2026-07-06,2026-07-10,6.35,0.2568,0.048,11.014,6.37,7.1,7.18,7.39,-0.3675,-0.9926,NONE,0.47,1.2739,-19.6875,38793546.1,39.5592,LOW_PRIORITY,,trend_unconfirmed,trend_unconfirmed
760,002820,桂发祥,C14食品制造业,baostock.query_stock_industry,2026-07-06,2026-07-10,8.65,0.2272,0.032,2.9762,8.78,9.99,10.84,11.77,-2.3836,-1.4504,NONE,0.39,-8.3001,-20.9396,50116280.5,39.4404,LOW_PRIORITY,,falling_knife;trend_unconfirmed,falling_knife;trend_unconfirmed
761,002659,凯文教育,P83教育,baostock.query_stock_industry,2026-07-06,2026-07-10,3.96,0.264,0.052,6.4516,3.92,4.55,5.24,5.45,-2.2682,-2.3602,NONE,0.19,-4.4894,-27.9859,53970275.4,39.4096,LOW_PRIORITY,,falling_knife;trend_unconfirmed,falling_knife;trend_unconfirmed
762,002159,三特索道,N78公共设施管理业,baostock.query_stock_industry,2026-07-06,2026-07-10,12.64,0.2976,0.02,2.2654,13.1,14.95,16.43,15.95,-2.1293,-2.9621,NONE,0.55,-7.6118,-33.2626,65963876.15,39.392,LOW_PRIORITY,,falling_knife;trend_unconfirmed,falling_knife;trend_unconfirmed
763,002437,誉衡药业,C27医药制造业,baostock.query_stock_industry,2026-07-06,2026-07-10,3.13,0.8464,0.252,28.8066,2.77,3.1,3.25,3.28,2.5969,-1.7382,WEAK,0.19,16.3583,-18.2079,268259145.95,39.3153,HARD_REJECT,price_too_high,,price_too_high
764,000685,中山公用,D46水的生产和供应业,baostock.query_stock_industry,2026-07-06,2026-07-10,11.22,0.8832,0.416,27.6451,11.22,11.39,11.56,11.3,1.8386,0.2391,WEAK,0.39,8.1525,-2.7112,230339954.65,39.2726,HARD_REJECT,price_too_high,,price_too_high
765,000721,西安饮食,H62餐饮业,baostock.query_stock_industry,2026-07-06,2026-07-10,5.6,0.2912,0.028,2.9412,5.75,6.61,7.61,8.43,-2.5737,-2.7303,NONE,0.27,-6.8758,-32.6389,61755180.1,39.2532,LOW_PRIORITY,,falling_knife;trend_unconfirmed,falling_knife;trend_unconfirmed
766,002599,盛通股份,C23印刷和记录媒介复制业,baostock.query_stock_industry,2026-07-06,2026-07-10,5.3,0.2648,0.036,5.7884,5.4,6.29,7.07,7.84,-3.3456,-2.2879,NONE,0.23,-10.0888,-29.6806,61690021.8,39.2234,LOW_PRIORITY,,falling_knife;trend_unconfirmed,falling_knife;trend_unconfirmed
767,002845,同兴达,C39计算机、通信和其他电子设备制造业,baostock.query_stock_industry,2026-07-06,2026-07-10,15.56,0.5176,0.828,19.4167,15.63,15.22,14.95,14.82,-0.1788,0.8726,NONE,1.18,0.5216,7.4282,384376374.75,39.1475,LOW_PRIORITY,,trend_unconfirmed,trend_unconfirmed
768,000722,湖南发展,D44电力、热力生产和供应业,baostock.query_stock_industry,2026-07-06,2026-07-10,11.0,0.4792,0.012,2.4209,12.64,13.89,13.64,13.13,-6.537,-1.0821,NONE,0.6,-24.2261,-21.727,291406421.0,39.1276,LOW_PRIORITY,,trend_unconfirmed,trend_unconfirmed
769,001210,金房能源,D44电力、热力生产和供应业,baostock.query_stock_industry,2026-07-06,2026-07-10,20.34,0.4341,0.532,48.0349,22.37,24.65,23.47,19.75,-4.4695,-0.3127,NONE,1.43,-19.5256,-7.2991,198921239.15,39.1122,LOW_PRIORITY,,trend_unconfirmed,trend_unconfirmed
770,002576,通达动力,C38电气机械和器材制造业,baostock.query_stock_industry,2026-07-06,2026-07-10,13.92,0.3368,0.012,1.016,14.88,17.15,17.77,17.72,-3.245,-2.0521,NONE,0.64,-13.2096,-29.8357,64697540.75,39.0937,LOW_PRIORITY,,falling_knife;trend_unconfirmed,falling_knife;trend_unconfirmed
771,002350,北京科锐,C38电气机械和器材制造业,baostock.query_stock_industry,2026-07-06,2026-07-10,14.74,0.9736,0.868,119.0193,14.27,14.92,13.4,10.44,-0.1015,-0.0592,WEAK,0.76,0.8374,-2.0015,250784369.4,39.0417,HARD_REJECT,price_too_high,,price_too_high
772,002318,久立特材,C33金属制品业,baostock.query_stock_industry,2026-07-06,2026-07-10,18.81,0.4576,0.004,0.0,23.09,25.7,29.0,26.61,-1.4472,-3.1308,NONE,1.12,-15.9273,-42.149,308273091.65,39.0116,LOW_PRIORITY,,falling_knife;trend_unconfirmed,falling_knife;trend_unconfirmed
773,000521,长虹美菱,C38电气机械和器材制造业,baostock.query_stock_industry,2026-07-06,2026-07-10,5.48,0.3816,0.048,9.8196,5.61,5.63,6.01,6.58,0.1606,-0.0592,NONE,0.37,-7.3143,-8.6296,155188968.3,38.9808,LOW_PRIORITY,,trend_unconfirmed,trend_unconfirmed
774,002905,金逸影视,R87广播、电视、电影和录音制作业,baostock.query_stock_industry,2026-07-06,2026-07-10,7.47,0.3456,0.08,10.6667,7.16,8.33,9.66,10.15,-1.3093,-2.2951,NONE,0.35,0.4602,-27.344,41397167.6,38.9493,LOW_PRIORITY,,falling_knife;trend_unconfirmed,falling_knife;trend_unconfirmed
775,003023,彩虹集团,C38电气机械和器材制造业,baostock.query_stock_industry,2026-07-06,2026-07-10,19.08,0.2912,0.008,1.2202,20.65,25.85,24.75,24.0,-4.3403,-1.6588,NONE,1.0,-18.7135,-30.4803,72199351.6,38.9432,LOW_PRIORITY,,falling_knife;trend_unconfirmed,falling_knife;trend_unconfirmed
776,002476,新叶股份,C26化学原料和化学制品制造业,baostock.query_stock_industry,2026-07-06,2026-07-10,4.52,0.3008,0.012,0.2217,4.99,5.44,5.92,5.8,-2.6436,-2.2004,NONE,0.23,-11.6283,-30.9378,61631744.5,38.9398,LOW_PRIORITY,,falling_knife;trend_unconfirmed,falling_knife;trend_unconfirmed
777,002188,中天服务,K70房地产业,baostock.query_stock_industry,2026-07-06,2026-07-10,4.86,0.3304,0.016,1.8868,5.13,6.04,6.41,6.19,-3.7769,-2.1174,NONE,0.27,-13.4266,-29.5493,61884789.75,38.9158,LOW_PRIORITY,,falling_knife;trend_unconfirmed,falling_knife;trend_unconfirmed
778,002560,通达股份,C38电气机械和器材制造业,baostock.query_stock_industry,2026-07-06,2026-07-10,6.86,0.4808,0.012,0.7342,7.72,10.45,10.66,9.48,-4.1972,-5.0192,NONE,0.41,-16.3047,-56.3945,301188018.45,38.8922,LOW_PRIORITY,,falling_knife;trend_unconfirmed,falling_knife;trend_unconfirmed
779,002247,聚力文化,C22造纸和纸制品业,baostock.query_stock_industry,2026-07-06,2026-07-10,2.17,0.2016,0.032,2.8436,2.22,2.56,2.74,2.81,-2.7009,-2.1808,NONE,0.11,-8.9704,-28.0253,52454146.0,38.8442,LOW_PRIORITY,,falling_knife;trend_unconfirmed,falling_knife;trend_unconfirmed
780,000965,天保基建,K70房地产业,baostock.query_stock_industry,2026-07-06,2026-07-10,3.05,0.312,0.048,4.4521,3.09,3.38,3.66,3.99,-2.7677,-1.5597,NONE,0.11,-8.3231,-20.8721,41827658.3,38.7564,LOW_PRIORITY,,falling_knife;trend_unconfirmed,falling_knife;trend_unconfirmed
781,002142,宁波银行,J66货币金融服务,baostock.query_stock_industry,2026-07-06,2026-07-10,30.7,0.648,0.692,17.2651,30.93,31.49,31.04,29.52,-0.8576,0.1224,NONE,0.78,-7.8558,-3.811,1019083293.5,38.7333,LOW_PRIORITY,,trend_unconfirmed,trend_unconfirmed
782,002140,东华科技,E48土木工程建筑业,baostock.query_stock_industry,2026-07-06,2026-07-10,8.83,0.2496,0.008,0.5695,9.47,10.66,11.65,11.32,-2.3508,-2.7323,NONE,0.27,-10.6538,-33.5101,60794835.2,38.7237,LOW_PRIORITY,,falling_knife;trend_unconfirmed,falling_knife;trend_unconfirmed
783,000626,远大控股,F51批发业,baostock.query_stock_industry,2026-07-06,2026-07-10,6.45,0.2488,0.044,2.381,6.68,7.79,7.86,7.7,-3.5995,-1.8921,NONE,0.26,-11.2271,-30.0393,56344849.2,38.7034,LOW_PRIORITY,,trend_unconfirmed,trend_unconfirmed
784,002401,中远海科,I65软件和信息技术服务业,baostock.query_stock_industry,2026-07-06,2026-07-10,11.68,0.2976,0.024,2.6362,12.15,13.45,14.77,16.35,-2.2013,-2.2161,NONE,0.41,-7.269,-26.8258,46324396.35,38.6506,LOW_PRIORITY,,falling_knife;trend_unconfirmed,falling_knife;trend_unconfirmed
785,002877,智能自控,C34通用设备制造业,baostock.query_stock_industry,2026-07-06,2026-07-10,7.12,0.3288,0.028,1.7143,7.35,8.29,8.86,8.93,-3.7022,-1.7177,NONE,0.28,-12.3109,-25.1465,50305730.15,38.6334,LOW_PRIORITY,,falling_knife;trend_unconfirmed,falling_knife;trend_unconfirmed
786,000950,重药控股,F51批发业,baostock.query_stock_industry,2026-07-06,2026-07-10,5.18,0.4528,0.14,5.071,5.18,5.72,5.85,5.64,-0.4902,-1.6935,NONE,0.21,-1.3109,-16.3385,147806730.4,38.5747,LOW_PRIORITY,,trend_unconfirmed,trend_unconfirmed
787,003027,同兴科技,N77生态保护和环境治理业,baostock.query_stock_industry,2026-07-06,2026-07-10,16.13,0.208,0.012,1.0652,18.02,21.63,21.9,20.85,-5.3977,-2.006,NONE,0.89,-23.1995,-34.0278,67139460.5,38.5537,LOW_PRIORITY,,falling_knife;trend_unconfirmed,falling_knife;trend_unconfirmed
788,002769,普路通,L72商务服务业,baostock.query_stock_industry,2026-07-06,2026-07-10,6.49,0.2648,0.012,1.7241,6.89,8.39,10.03,9.77,-5.0761,-3.5984,NONE,0.3,-17.0252,-41.9097,66983545.2,38.5439,LOW_PRIORITY,,falling_knife;trend_unconfirmed,falling_knife;trend_unconfirmed
789,003017,大洋生物,C26化学原料和化学制品制造业,baostock.query_stock_industry,2026-07-06,2026-07-10,22.35,0.2464,0.016,4.0019,24.48,28.26,30.11,30.9,-4.2866,-2.4524,NONE,1.48,-17.7595,-32.2904,66029009.75,38.4835,LOW_PRIORITY,,falling_knife;trend_unconfirmed,falling_knife;trend_unconfirmed
790,002935,天奥电子,C39计算机、通信和其他电子设备制造业,baostock.query_stock_industry,2026-07-06,2026-07-10,21.64,0.624,0.8,45.4301,21.75,21.01,20.84,18.99,2.767,1.2775,NONE,1.32,5.924,12.476,273271461.85,38.4346,LOW_PRIORITY,,trend_unconfirmed,trend_unconfirmed
791,000037,深南电A,D44电力、热力生产和供应业,baostock.query_stock_industry,2026-07-06,2026-07-10,8.4,0.4768,0.044,2.8152,9.51,10.44,10.14,9.55,-6.63,-1.0064,NONE,0.41,-28.5206,-18.3682,256517992.4,38.3839,LOW_PRIORITY,,trend_unconfirmed,trend_unconfirmed
792,002855,捷荣技术,C39计算机、通信和其他电子设备制造业,baostock.query_stock_industry,2026-07-06,2026-07-10,9.47,0.3384,0.028,4.6409,9.88,11.26,12.83,15.57,-4.2161,-1.8619,NONE,0.52,-11.0344,-24.8539,45201478.3,38.3778,LOW_PRIORITY,,falling_knife;trend_unconfirmed,falling_knife;trend_unconfirmed
793,002876,三利谱,C39计算机、通信和其他电子设备制造业,baostock.query_stock_industry,2026-07-06,2026-07-10,31.56,0.5392,0.94,38.6643,32.47,30.87,28.76,26.78,-0.4385,0.8029,NONE,2.11,2.0967,-1.2965,379010857.85,38.3595,LOW_PRIORITY,,trend_unconfirmed,trend_unconfirmed
794,000798,中水渔业,A04渔业,baostock.query_stock_industry,2026-07-06,2026-07-10,7.34,0.2744,0.044,4.8571,7.38,8.49,9.75,9.45,-1.8159,-2.865,NONE,0.28,-6.1098,-33.8568,49792081.8,38.3423,LOW_PRIORITY,,falling_knife;trend_unconfirmed,falling_knife;trend_unconfirmed
795,002496,辉丰股份,C26化学原料和化学制品制造业,baostock.query_stock_industry,2026-07-06,2026-07-10,2.08,0.3576,0.8,35.0649,2.1,2.25,2.1,1.89,-2.2521,0.7537,NONE,0.14,-6.0736,3.1815,102713403.8,38.3379,LOW_PRIORITY,,trend_unconfirmed,trend_unconfirmed
796,000686,东北证券,J67资本市场服务,baostock.query_stock_industry,2026-07-06,2026-07-10,8.15,0.6432,0.196,10.1351,8.38,8.26,8.51,8.66,2.9545,0.2953,NONE,0.33,8.8243,-6.5946,367117634.3,38.3368,LOW_PRIORITY,,trend_unconfirmed,trend_unconfirmed
797,001366,播恩集团,C13农副食品加工业,baostock.query_stock_industry,2026-07-06,2026-07-10,11.18,0.2096,0.028,3.8069,11.62,13.88,13.98,13.55,-4.5247,-1.6731,NONE,0.58,-14.1714,-25.2553,48837745.5,38.321,LOW_PRIORITY,,trend_unconfirmed,trend_unconfirmed
798,002539,云图控股,C26化学原料和化学制品制造业,baostock.query_stock_industry,2026-07-06,2026-07-10,10.21,0.484,0.132,5.9129,11.64,13.01,13.7,12.2,-1.8963,-2.1999,NONE,0.61,-15.4404,-36.4577,268888375.75,38.3122,LOW_PRIORITY,,trend_unconfirmed,trend_unconfirmed
799,000755,山西高速,G54道路运输业,baostock.query_stock_industry,2026-07-06,2026-07-10,4.52,0.288,0.044,6.6038,4.51,4.91,5.1,5.11,-1.161,-0.9522,NONE,0.2,-3.05,-15.1057,26064881.3,38.2499,LOW_PRIORITY,,trend_unconfirmed,trend_unconfirmed
800,000921,海信家电,C38电气机械和器材制造业,baostock.query_stock_industry,2026-07-06,2026-07-10,24.78,0.5856,0.404,17.0524,26.85,25.2,24.25,25.03,-1.6337,1.1782,NONE,1.17,-16.7375,8.3051,441864633.1,38.2367,LOW_PRIORITY,,trend_unconfirmed,trend_unconfirmed
801,002773,康弘药业,C27医药制造业,baostock.query_stock_industry,2026-07-06,2026-07-10,22.31,0.7312,0.148,14.3516,21.14,22.54,25.88,30.81,2.7891,-1.9918,WEAK,1.39,10.7434,-24.2108,272281288.0,38.2294,LOW_PRIORITY,,,
802,000908,石药景峰,C27医药制造业,baostock.query_stock_industry,2026-07-06,2026-07-10,6.75,0.8912,0.476,47.3799,6.15,6.86,6.89,6.79,-0.1462,-0.3609,WEAK,0.59,1.8089,-11.4018,251769397.05,38.2187,HARD_REJECT,price_too_high,,price_too_high
803,000514,渝 开 发,K70房地产业,baostock.query_stock_industry,2026-07-06,2026-07-10,3.78,0.2864,0.04,5.5866,3.83,4.41,4.69,5.13,-3.4379,-1.8018,NONE,0.17,-10.8802,-25.6838,43375192.2,38.1548,LOW_PRIORITY,,falling_knife;trend_unconfirmed,falling_knife;trend_unconfirmed
804,002546,新联电子,C40仪器仪表制造业,baostock.query_stock_industry,2026-07-06,2026-07-10,7.69,0.928,0.64,41.8819,7.26,7.82,8.61,7.48,1.708,-1.7506,WEAK,0.42,16.4533,-18.799,214598153.15,38.1385,HARD_REJECT,price_too_high,,price_too_high
805,000702,正虹科技,C13农副食品加工业,baostock.query_stock_industry,2026-07-06,2026-07-10,5.09,0.284,0.028,3.2454,5.21,6.11,6.47,6.95,-2.8268,-1.8278,NONE,0.27,-10.418,-26.3663,43387728.0,38.1339,LOW_PRIORITY,,falling_knife;trend_unconfirmed,falling_knife;trend_unconfirmed
806,002786,银宝山新,C35专用设备制造业,baostock.query_stock_industry,2026-07-06,2026-07-10,7.59,0.4912,0.124,10.1597,7.87,8.01,8.07,8.8,-2.8321,0.5188,NONE,0.38,-10.0849,1.424,110979312.8,38.1177,LOW_PRIORITY,,trend_unconfirmed,trend_unconfirmed
807,000636,风华高科,C39计算机、通信和其他电子设备制造业,baostock.query_stock_industry,2026-07-06,2026-07-10,60.01,0.9832,0.916,341.25,68.96,47.16,34.12,24.44,0.3383,7.8706,NONE,6.56,-7.9827,188.4408,8572836034.75,38.1,HARD_REJECT,price_too_high,trend_unconfirmed,price_too_high;trend_unconfirmed
808,000672,上峰材料,C30非金属矿物制品业,baostock.query_stock_industry,2026-07-06,2026-07-10,19.65,0.88,0.948,144.7073,20.32,17.29,15.55,12.68,5.849,3.6462,NONE,1.73,20.4363,45.3376,731981088.4,38.1,HARD_REJECT,price_too_high,trend_unconfirmed,price_too_high;trend_unconfirmed
809,000962,东方钽业,C32有色金属冶炼和压延加工业,baostock.query_stock_industry,2026-07-06,2026-07-10,65.02,0.9888,0.944,299.3857,72.59,59.34,52.18,37.75,3.742,3.0718,NONE,7.89,10.9474,44.2174,2975687581.2,38.1,HARD_REJECT,price_too_high,trend_unconfirmed,price_too_high;trend_unconfirmed
810,001309,德明利,C39计算机、通信和其他电子设备制造业,baostock.query_stock_industry,2026-07-06,2026-07-10,799.98,0.9877,0.952,910.9693,812.56,673.36,486.4,318.83,7.7353,5.6612,NONE,86.28,25.1982,61.713,13510995350.9,38.1,HARD_REJECT,price_too_high,trend_unconfirmed,price_too_high;trend_unconfirmed
811,002008,大族激光,C35专用设备制造业,baostock.query_stock_industry,2026-07-06,2026-07-10,130.3,0.9752,0.876,444.9603,135.92,125.28,92.26,62.73,1.2387,3.9636,NONE,13.03,5.9761,67.5113,11036294966.3,38.1,HARD_REJECT,price_too_high,trend_unconfirmed,price_too_high;trend_unconfirmed
812,002167,东方锆业,C32有色金属冶炼和压延加工业,baostock.query_stock_industry,2026-07-06,2026-07-10,19.65,0.9912,0.956,85.5524,20.06,15.44,14.46,13.67,10.3733,4.9228,NONE,2.44,40.5664,50.4126,2731907554.65,38.1,HARD_REJECT,price_too_high,trend_unconfirmed,price_too_high;trend_unconfirmed
813,002281,光迅科技,C39计算机、通信和其他电子设备制造业,baostock.query_stock_industry,2026-07-06,2026-07-10,233.45,0.9904,0.952,405.9601,238.5,199.33,139.47,98.22,1.4173,5.2743,NONE,20.41,12.3454,100.8331,11740437188.35,38.1,HARD_REJECT,price_too_high,trend_unconfirmed,price_too_high;trend_unconfirmed
814,002297,博云新材,C33金属制品业,baostock.query_stock_industry,2026-07-06,2026-07-10,24.03,0.9768,0.884,212.0779,27.64,24.01,18.02,13.45,4.3431,5.0804,NONE,2.71,11.0313,94.4901,2754774335.6,38.1,HARD_REJECT,price_too_high,trend_unconfirmed,price_too_high;trend_unconfirmed
815,002384,东山精密,C39计算机、通信和其他电子设备制造业,baostock.query_stock_industry,2026-07-06,2026-07-10,242.3,0.9904,0.952,511.8687,248.49,217.11,155.1,108.97,2.4836,4.4193,NONE,22.85,13.5287,60.587,21344071098.05,38.1,HARD_REJECT,price_too_high,trend_unconfirmed,price_too_high;trend_unconfirmed
816,002428,云南锗业,C32有色金属冶炼和压延加工业,baostock.query_stock_industry,2026-07-06,2026-07-10,100.26,0.9856,0.928,420.5607,108.96,90.49,66.36,45.5,4.8235,4.6858,NONE,10.38,12.3111,77.4273,9668651596.2,38.1,HARD_REJECT,price_too_high,trend_unconfirmed,price_too_high;trend_unconfirmed
817,002436,兴森科技,C39计算机、通信和其他电子设备制造业,baostock.query_stock_industry,2026-07-06,2026-07-10,41.13,0.9864,0.932,221.5794,46.6,37.5,30.31,24.58,2.9188,4.7111,NONE,4.64,10.6075,58.5865,7448141781.1,38.1,HARD_REJECT,price_too_high,trend_unconfirmed,price_too_high;trend_unconfirmed
818,002484,江海股份,C39计算机、通信和其他电子设备制造业,baostock.query_stock_industry,2026-07-06,2026-07-10,86.7,0.9824,0.912,332.6347,97.85,69.82,50.05,38.53,0.5064,7.5879,NONE,9.2,3.3993,178.4374,4674286536.25,38.1,HARD_REJECT,price_too_high,trend_unconfirmed,price_too_high;trend_unconfirmed
819,002552,宝鼎科技,C39计算机、通信和其他电子设备制造业,baostock.query_stock_industry,2026-07-06,2026-07-10,60.34,0.9872,0.936,324.3319,65.34,46.69,32.71,24.25,0.1832,8.0847,NONE,7.6,11.7489,208.533,1048595832.4,38.1,HARD_REJECT,price_too_high,trend_unconfirmed,price_too_high;trend_unconfirmed
820,002636,金安国纪,C39计算机、通信和其他电子设备制造业,baostock.query_stock_industry,2026-07-06,2026-07-10,96.64,0.9872,0.936,931.3767,105.21,67.6,47.26,29.99,6.6926,8.3156,NONE,11.96,12.6514,159.61,4580317420.6,38.1,HARD_REJECT,price_too_high,trend_unconfirmed,price_too_high;trend_unconfirmed
821,002655,共达电声,C39计算机、通信和其他电子设备制造业,baostock.query_stock_industry,2026-07-06,2026-07-10,36.77,0.9768,0.884,214.2735,42.2,35.89,25.85,19.23,1.9338,4.381,NONE,3.96,7.1552,68.9279,1396059042.6,38.1,HARD_REJECT,price_too_high,trend_unconfirmed,price_too_high;trend_unconfirmed
822,002741,光华科技,C39计算机、通信和其他电子设备制造业,baostock.query_stock_industry,2026-07-06,2026-07-10,30.42,0.9848,0.924,84.252,35.06,27.71,24.07,22.57,2.9569,4.3535,NONE,3.27,8.7869,56.3485,1870288288.2,38.1,HARD_REJECT,price_too_high,trend_unconfirmed,price_too_high;trend_unconfirmed
823,002787,华源控股,C33金属制品业,baostock.query_stock_industry,2026-07-06,2026-07-10,27.17,0.9824,0.912,235.0185,29.02,25.22,19.02,14.22,0.7551,5.1972,NONE,2.65,2.7887,86.3668,644892271.85,38.1,HARD_REJECT,price_too_high,trend_unconfirmed,price_too_high;trend_unconfirmed
824,002859,洁美科技,C39计算机、通信和其他电子设备制造业,baostock.query_stock_industry,2026-07-06,2026-07-10,78.4,0.98,0.9,331.9559,93.02,70.75,53.89,40.25,-0.2317,4.9744,NONE,9.25,-0.8109,79.0868,2604017664.65,38.1,HARD_REJECT,price_too_high,trend_unconfirmed,price_too_high;trend_unconfirmed
825,002916,深南电路,C39计算机、通信和其他电子设备制造业,baostock.query_stock_industry,2026-07-06,2026-07-10,426.0,0.9904,0.952,305.097,431.29,371.95,308.35,243.63,2.6828,4.183,NONE,39.97,11.9388,54.1133,6173876870.7,38.1,HARD_REJECT,price_too_high,trend_unconfirmed,price_too_high;trend_unconfirmed
826,002938,鹏鼎控股,C39计算机、通信和其他电子设备制造业,baostock.query_stock_industry,2026-07-06,2026-07-10,98.47,0.9776,0.888,203.0779,103.78,93.7,74.33,61.68,-3.6419,3.6403,NONE,8.37,-8.8508,65.6353,5511186011.1,38.1,HARD_REJECT,price_too_high,trend_unconfirmed,price_too_high;trend_unconfirmed
827,002971,和远气体,C26化学原料和化学制品制造业,baostock.query_stock_industry,2026-07-06,2026-07-10,53.49,0.9848,0.924,138.2628,64.8,44.96,38.01,34.29,5.8552,5.563,NONE,7.23,0.092,72.3927,1976244163.7,38.1,HARD_REJECT,price_too_high,trend_unconfirmed,price_too_high;trend_unconfirmed
828,002990,盛视科技,I65软件和信息技术服务业,baostock.query_stock_industry,2026-07-06,2026-07-10,58.96,0.972,0.892,132.2174,64.75,57.03,43.02,36.18,8.8246,5.0206,NONE,5.86,34.9498,64.9915,918956343.7,38.1,HARD_REJECT,price_too_high,trend_unconfirmed,price_too_high;trend_unconfirmed
829,003018,金富科技,C29橡胶和塑料制品业,baostock.query_stock_industry,2026-07-06,2026-07-10,64.6,0.984,0.92,470.6714,67.56,58.72,41.23,26.98,4.6749,5.0278,NONE,6.16,10.5119,77.6406,886616168.95,38.1,HARD_REJECT,price_too_high,trend_unconfirmed,price_too_high;trend_unconfirmed
830,003036,泰坦股份,C35专用设备制造业,baostock.query_stock_industry,2026-07-06,2026-07-10,79.13,0.9824,0.912,467.2401,89.77,62.75,41.04,28.57,0.2636,7.9585,NONE,7.91,-2.6327,180.7194,827070609.5,38.1,HARD_REJECT,price_too_high,trend_unconfirmed,price_too_high;trend_unconfirmed
831,002797,第一创业,J67资本市场服务,baostock.query_stock_industry,2026-07-06,2026-07-10,6.48,0.5224,0.028,5.3659,6.6,7.11,7.19,7.32,0.8399,-1.2358,NONE,0.22,4.055,-22.3045,566284715.25,38.0751,LOW_PRIORITY,,trend_unconfirmed,trend_unconfirmed
832,002579,中京电子,C39计算机、通信和其他电子设备制造业,baostock.query_stock_industry,2026-07-06,2026-07-10,17.74,0.984,0.92,66.8862,19.1,16.07,14.1,13.21,1.1546,2.5449,NONE,1.95,14.7127,34.9221,2302030463.55,38.0635,HARD_REJECT,price_too_high,trend_unconfirmed,price_too_high;trend_unconfirmed
833,000058,深 赛 格,L72商务服务业,baostock.query_stock_industry,2026-07-06,2026-07-10,6.12,0.3064,0.02,2.1703,6.37,7.27,8.04,8.68,-3.1787,-2.197,NONE,0.22,-10.3748,-28.4089,44840329.8,38.0579,LOW_PRIORITY,,falling_knife;trend_unconfirmed,falling_knife;trend_unconfirmed
834,002492,恒基达鑫,G59装卸搬运和仓储业,baostock.query_stock_industry,2026-07-06,2026-07-10,5.31,0.2568,0.016,2.5097,5.56,6.68,7.51,7.56,-2.4579,-2.8849,NONE,0.28,-9.2831,-36.3568,53186665.7,38.0349,LOW_PRIORITY,,falling_knife;trend_unconfirmed,falling_knife;trend_unconfirmed
835,000014,沙河股份,K70房地产业,baostock.query_stock_industry,2026-07-06,2026-07-10,9.2,0.3,0.024,3.3708,9.54,11.22,12.5,14.11,-3.3484,-3.0781,NONE,0.39,-10.6705,-35.1044,53232147.8,38.0248,LOW_PRIORITY,,falling_knife;trend_unconfirmed,falling_knife;trend_unconfirmed
836,000428,华天酒店,H61住宿业,baostock.query_stock_industry,2026-07-06,2026-07-10,3.11,0.2024,0.036,2.3026,3.17,3.53,3.65,3.54,-2.4784,-2.0983,NONE,0.13,-6.4938,-26.0962,37286564.25,37.9995,LOW_PRIORITY,,trend_unconfirmed,trend_unconfirmed
837,000935,四川双马,C30非金属矿物制品业,baostock.query_stock_industry,2026-07-06,2026-07-10,26.68,0.9352,0.68,47.8116,26.11,28.09,27.56,24.25,0.8479,0.2337,WEAK,1.44,0.134,-5.0299,218214701.95,37.9672,HARD_REJECT,price_too_high,,price_too_high
838,002135,东南网架,C33金属制品业,baostock.query_stock_industry,2026-07-06,2026-07-10,6.3,0.492,0.64,51.4423,6.85,7.59,6.99,5.7,-2.0182,-0.9615,NONE,0.32,-4.2384,-21.973,155574824.35,37.9661,LOW_PRIORITY,,trend_unconfirmed,trend_unconfirmed
839,002550,千红制药,C27医药制造业,baostock.query_stock_industry,2026-07-06,2026-07-10,6.87,0.7992,0.156,18.8581,6.32,6.67,7.22,8.36,3.2176,-1.295,WEAK,0.43,16.3261,-15.6741,195055122.2,37.9624,HARD_REJECT,price_too_high,,price_too_high
840,001202,炬申股份,G58多式联运和运输代理业,baostock.query_stock_industry,2026-07-06,2026-07-10,14.19,0.2472,0.164,10.0853,13.99,15.58,16.68,15.93,-0.98,-1.5053,NONE,0.5,-1.4516,-20.9632,27224798.0,37.9601,LOW_PRIORITY,,trend_unconfirmed,trend_unconfirmed
841,002849,威星智能,C40仪器仪表制造业,baostock.query_stock_industry,2026-07-06,2026-07-10,14.96,0.4696,0.232,13.8508,16.51,17.05,17.56,16.2,-1.0723,-1.0052,NONE,0.88,-6.5073,-19.7225,155279082.4,37.955,LOW_PRIORITY,,trend_unconfirmed,trend_unconfirmed
842,002138,顺络电子,C39计算机、通信和其他电子设备制造业,baostock.query_stock_industry,2026-07-06,2026-07-10,54.11,0.9808,0.904,95.9088,65.47,49.69,43.81,38.57,0.3356,4.2472,NONE,5.5,-4.0432,52.0892,3658218223.5,37.9046,HARD_REJECT,price_too_high,trend_unconfirmed,price_too_high;trend_unconfirmed
843,002119,康强电子,C39计算机、通信和其他电子设备制造业,baostock.query_stock_industry,2026-07-06,2026-07-10,32.23,0.9856,0.928,105.156,35.03,27.19,24.75,20.79,5.3841,3.9712,NONE,3.88,1.9904,45.8927,2864901149.75,37.8883,HARD_REJECT,price_too_high,trend_unconfirmed,price_too_high;trend_unconfirmed
844,002363,隆基机械,C36汽车制造业,baostock.query_stock_industry,2026-07-06,2026-07-10,6.26,0.3056,0.04,4.6823,6.32,7.37,8.14,8.28,-2.5216,-2.2229,NONE,0.26,-6.4624,-30.1752,40402527.05,37.8846,LOW_PRIORITY,,falling_knife;trend_unconfirmed,falling_knife;trend_unconfirmed
845,002178,延华智能,I65软件和信息技术服务业,baostock.query_stock_industry,2026-07-06,2026-07-10,4.39,0.3456,0.024,3.7825,4.66,5.45,5.97,6.44,-5.8164,-2.7947,NONE,0.19,-18.0092,-33.5129,57048429.55,37.8802,LOW_PRIORITY,,falling_knife;trend_unconfirmed,falling_knife;trend_unconfirmed
846,002151,北斗星通,C39计算机、通信和其他电子设备制造业,baostock.query_stock_industry,2026-07-06,2026-07-10,32.61,0.632,0.5,18.9712,32.08,36.36,40.25,35.69,-2.1129,-1.5203,NONE,1.67,-2.4927,-17.8892,552755795.9,37.8618,LOW_PRIORITY,,trend_unconfirmed,trend_unconfirmed
847,002079,苏州固锝,C39计算机、通信和其他电子设备制造业,baostock.query_stock_industry,2026-07-06,2026-07-10,13.6,0.7864,0.944,47.8261,13.83,12.52,11.46,10.75,3.4603,2.8327,NONE,0.95,12.9748,34.4835,864951871.5,37.8458,HARD_REJECT,price_too_high,trend_unconfirmed,price_too_high;trend_unconfirmed
848,002108,沧州明珠,C29橡胶和塑料制品业,baostock.query_stock_industry,2026-07-06,2026-07-10,4.1,0.3624,0.276,14.2061,4.4,5.07,5.01,4.63,-3.137,-1.2274,NONE,0.18,-12.758,-21.4378,176187716.55,37.7751,LOW_PRIORITY,,trend_unconfirmed,trend_unconfirmed
849,001368,通达创智,C29橡胶和塑料制品业,baostock.query_stock_industry,2026-07-06,2026-07-10,21.12,0.2478,0.032,2.6738,21.63,25.47,26.23,25.68,-2.6022,-1.2109,NONE,0.86,-9.2045,-23.8538,35370897.95,37.7665,LOW_PRIORITY,,trend_unconfirmed,trend_unconfirmed
850,002467,二六三,I64互联网和相关服务,baostock.query_stock_industry,2026-07-06,2026-07-10,4.67,0.4592,0.036,9.6244,4.85,5.96,6.5,6.41,-3.8953,-3.8526,NONE,0.24,-9.2004,-45.0945,241237230.9,37.7617,LOW_PRIORITY,,falling_knife;trend_unconfirmed,falling_knife;trend_unconfirmed
851,002080,中材科技,C30非金属矿物制品业,baostock.query_stock_industry,2026-07-06,2026-07-10,70.89,0.9824,0.912,240.3265,80.49,67.79,55.23,43.17,3.6286,3.7244,NONE,7.98,9.6628,36.9504,4826150713.4,37.7613,HARD_REJECT,price_too_high,trend_unconfirmed,price_too_high;trend_unconfirmed
852,002535,林州重机,C35专用设备制造业,baostock.query_stock_industry,2026-07-06,2026-07-10,2.3,0.2928,0.04,4.5455,2.32,2.86,3.33,3.69,-2.6669,-3.6071,NONE,0.13,-7.4333,-39.645,51355111.9,37.7523,LOW_PRIORITY,,falling_knife;trend_unconfirmed,falling_knife;trend_unconfirmed
853,001333,光华股份,C26化学原料和化学制品制造业,baostock.query_stock_industry,2026-07-06,2026-07-10,19.0,0.2846,0.02,3.9956,19.65,22.61,24.01,23.29,-2.5825,-1.9778,NONE,0.83,-11.1353,-28.1285,41674689.35,37.736,LOW_PRIORITY,,falling_knife;trend_unconfirmed,falling_knife;trend_unconfirmed
854,002755,奥赛康,C27医药制造业,baostock.query_stock_industry,2026-07-06,2026-07-10,14.75,0.7696,0.168,18.0,13.67,14.95,15.45,18.21,3.4266,-0.6489,WEAK,0.81,14.7395,-12.0731,178431748.85,37.7236,HARD_REJECT,price_too_high,,price_too_high
855,002642,荣联科技,I65软件和信息技术服务业,baostock.query_stock_industry,2026-07-06,2026-07-10,6.84,0.44,0.056,12.6853,6.57,7.69,8.0,8.34,-2.3919,-1.3761,NONE,0.31,-1.8923,-17.1889,127412596.55,37.7224,LOW_PRIORITY,,falling_knife;trend_unconfirmed,falling_knife;trend_unconfirmed
856,002310,东方新能,D44电力、热力生产和供应业,baostock.query_stock_industry,2026-07-06,2026-07-10,2.15,0.4336,0.152,4.3689,2.27,2.72,2.71,2.53,-4.2562,-2.948,NONE,0.11,-13.1961,-36.6104,235268839.2,37.6545,LOW_PRIORITY,,trend_unconfirmed,trend_unconfirmed
857,001339,智微智能,C39计算机、通信和其他电子设备制造业,baostock.query_stock_industry,2026-07-06,2026-07-10,97.03,0.9566,0.836,105.311,109.69,99.96,80.19,66.95,-0.4903,3.0523,NONE,9.78,-0.9696,46.4683,1362971399.15,37.6499,HARD_REJECT,price_too_high,trend_unconfirmed,price_too_high;trend_unconfirmed
858,000953,中哲精化,C27医药制造业,baostock.query_stock_industry,2026-07-06,2026-07-10,5.29,0.3224,0.024,3.3203,5.45,6.25,6.73,7.13,-2.8508,-2.0978,NONE,0.24,-10.8835,-26.2949,38310555.95,37.6376,LOW_PRIORITY,,falling_knife;trend_unconfirmed,falling_knife;trend_unconfirmed
859,000157,中联重科,C35专用设备制造业,baostock.query_stock_industry,2026-07-06,2026-07-10,7.26,0.5504,0.084,4.1607,7.32,7.58,8.32,8.1,-0.867,-1.5498,NONE,0.27,-1.7224,-20.9855,583276454.2,37.6292,LOW_PRIORITY,,trend_unconfirmed,trend_unconfirmed
860,000839,国安股份,I65软件和信息技术服务业,baostock.query_stock_industry,2026-07-06,2026-07-10,2.47,0.4552,0.012,2.9167,2.63,2.95,3.07,2.9,-2.4662,-2.043,NONE,0.13,-6.6749,-27.0043,169178268.1,37.6277,LOW_PRIORITY,,trend_unconfirmed,trend_unconfirmed
861,002407,多氟多,C26化学原料和化学制品制造业,baostock.query_stock_industry,2026-07-06,2026-07-10,41.1,0.8144,0.94,244.7987,44.19,37.87,33.63,27.46,5.2896,3.5583,NONE,4.17,6.3089,38.9217,8831918473.2,37.6231,HARD_REJECT,price_too_high,trend_unconfirmed,price_too_high;trend_unconfirmed
862,000657,中钨高新,C33金属制品业,baostock.query_stock_industry,2026-07-06,2026-07-10,74.71,0.9848,0.924,525.7119,90.92,71.16,60.78,39.69,1.2405,3.3498,NONE,8.19,-5.4674,50.0854,9111023961.65,37.5618,HARD_REJECT,price_too_high,trend_unconfirmed,price_too_high;trend_unconfirmed
863,000637,茂化实华,C26化学原料和化学制品制造业,baostock.query_stock_industry,2026-07-06,2026-07-10,3.56,0.2616,0.028,1.7143,3.68,4.21,4.47,4.43,-3.6533,-1.899,NONE,0.18,-12.7537,-25.8466,38517612.1,37.5148,LOW_PRIORITY,,falling_knife;trend_unconfirmed,falling_knife;trend_unconfirmed
864,003035,南网能源,M75科技推广和应用服务业,baostock.query_stock_industry,2026-07-06,2026-07-10,5.51,0.4328,0.564,20.3057,5.89,6.95,7.17,5.94,-3.6416,-2.325,NONE,0.19,-12.0078,-32.2188,200386365.05,37.4085,LOW_PRIORITY,,trend_unconfirmed,trend_unconfirmed
865,001234,泰慕士,C18纺织服装、服饰业,baostock.query_stock_industry,2026-07-06,2026-07-10,20.03,0.2794,0.024,1.9857,21.14,25.17,26.36,26.55,-3.2048,-1.8285,NONE,0.91,-11.8113,-29.2743,40039587.25,37.4068,LOW_PRIORITY,,falling_knife;trend_unconfirmed,falling_knife;trend_unconfirmed
866,002463,沪电股份,C39计算机、通信和其他电子设备制造业,baostock.query_stock_industry,2026-07-06,2026-07-10,129.44,0.9792,0.896,204.4931,139.08,121.95,99.2,80.96,-0.5481,3.2476,NONE,12.19,0.6827,41.5457,11583849925.25,37.3228,HARD_REJECT,price_too_high,trend_unconfirmed,price_too_high;trend_unconfirmed
867,002980,华盛昌,C40仪器仪表制造业,baostock.query_stock_industry,2026-07-06,2026-07-10,96.43,0.9696,0.848,389.9898,111.92,101.91,66.91,44.04,-3.9532,3.9766,NONE,10.08,-18.758,60.941,1304167566.0,37.3183,HARD_REJECT,price_too_high,trend_unconfirmed,price_too_high;trend_unconfirmed
868,000856,冀东装备,C35专用设备制造业,baostock.query_stock_industry,2026-07-06,2026-07-10,7.39,0.236,0.036,3.3566,7.56,9.12,10.06,10.61,-3.5532,-3.113,NONE,0.35,-10.301,-37.9769,47267806.7,37.3096,LOW_PRIORITY,,falling_knife;trend_unconfirmed,falling_knife;trend_unconfirmed
869,000419,通程控股,F52零售业,baostock.query_stock_industry,2026-07-06,2026-07-10,4.68,0.244,0.048,3.7694,4.71,5.22,5.74,5.93,-1.4952,-1.9527,NONE,0.17,-5.2123,-28.3362,31277320.05,37.2972,LOW_PRIORITY,,falling_knife;trend_unconfirmed,falling_knife;trend_unconfirmed
870,000530,冰山冷热,C34通用设备制造业,baostock.query_stock_industry,2026-07-06,2026-07-10,5.05,0.476,0.016,1.4056,5.31,5.79,6.21,6.49,-5.7784,-1.2683,NONE,0.27,-13.9406,-18.8405,152539408.75,37.2137,LOW_PRIORITY,,falling_knife;trend_unconfirmed,falling_knife;trend_unconfirmed
871,002937,兴瑞科技,C39计算机、通信和其他电子设备制造业,baostock.query_stock_industry,2026-07-06,2026-07-10,41.8,0.9896,0.948,157.5478,42.57,36.63,31.08,24.83,4.5456,3.157,NONE,2.85,11.7844,29.0273,587112761.55,37.1812,HARD_REJECT,price_too_high,trend_unconfirmed,price_too_high;trend_unconfirmed
872,000700,模塑科技,C36汽车制造业,baostock.query_stock_industry,2026-07-06,2026-07-10,15.61,0.9888,0.944,111.2314,15.36,14.28,13.75,11.7,-0.5085,2.6519,NONE,1.33,5.0968,35.3156,1322623657.0,37.1412,HARD_REJECT,price_too_high,trend_unconfirmed,price_too_high;trend_unconfirmed
873,002337,赛象科技,C35专用设备制造业,baostock.query_stock_industry,2026-07-06,2026-07-10,4.46,0.3304,0.028,2.2936,4.63,5.4,5.98,6.03,-3.3695,-2.5634,NONE,0.19,-11.0275,-31.7953,38906331.75,37.1288,LOW_PRIORITY,,falling_knife;trend_unconfirmed,falling_knife;trend_unconfirmed
874,000032,深桑达Ａ,E49建筑安装业,baostock.query_stock_industry,2026-07-06,2026-07-10,21.68,0.6888,0.716,43.5762,22.85,19.54,19.59,20.59,6.6264,1.6472,NONE,1.97,24.7356,15.4777,2016606295.95,37.1213,LOW_PRIORITY,,trend_unconfirmed,trend_unconfirmed
875,002515,金字火腿,C13农副食品加工业,baostock.query_stock_industry,2026-07-06,2026-07-10,8.39,0.9864,0.932,55.948,9.59,7.72,6.84,6.77,4.6156,3.4134,NONE,0.73,10.1101,30.0214,971886899.05,37.1131,HARD_REJECT,price_too_high,trend_unconfirmed,price_too_high;trend_unconfirmed
876,000605,渤海股份,D46水的生产和供应业,baostock.query_stock_industry,2026-07-06,2026-07-10,5.52,0.264,0.028,3.1776,5.65,6.36,6.71,6.94,-2.6615,-1.6733,NONE,0.23,-9.4639,-23.2573,28373079.9,37.0609,LOW_PRIORITY,,falling_knife;trend_unconfirmed,falling_knife;trend_unconfirmed
877,002056,横店东磁,C38电气机械和器材制造业,baostock.query_stock_industry,2026-07-06,2026-07-10,26.75,0.9832,0.92,90.6629,28.82,24.11,22.5,20.43,2.2424,3.8008,NONE,2.76,6.9011,32.4649,2760033580.35,37.0366,HARD_REJECT,price_too_high,trend_unconfirmed,price_too_high;trend_unconfirmed
878,002628,成都路桥,E48土木工程建筑业,baostock.query_stock_industry,2026-07-06,2026-07-10,5.17,0.9248,0.744,28.2878,5.04,5.3,5.09,4.89,1.5611,0.2393,WEAK,0.28,4.1993,-2.2598,156145938.2,36.999,HARD_REJECT,price_too_high,,price_too_high
879,002374,中锐股份,C33金属制品业,baostock.query_stock_industry,2026-07-06,2026-07-10,3.01,0.3744,0.32,11.8959,3.26,3.32,3.41,3.26,-2.1625,-0.4047,NONE,0.18,-7.2484,-10.9555,106841495.8,36.9877,LOW_PRIORITY,,trend_unconfirmed,trend_unconfirmed
880,000548,湖南投资,G54道路运输业,baostock.query_stock_industry,2026-07-06,2026-07-10,4.18,0.22,0.032,2.451,4.27,4.8,5.2,5.4,-2.643,-1.9197,NONE,0.16,-8.6279,-24.2034,27668500.65,36.9696,LOW_PRIORITY,,falling_knife;trend_unconfirmed,falling_knife;trend_unconfirmed
881,000837,秦川机床,C34通用设备制造业,baostock.query_stock_industry,2026-07-06,2026-07-10,10.72,0.5392,0.072,6.0336,11.55,11.66,11.82,12.4,-3.1537,0.2953,NONE,0.75,-13.872,-4.9903,423309817.55,36.9693,LOW_PRIORITY,,trend_unconfirmed,trend_unconfirmed
882,002046,国机精工,C34通用设备制造业,baostock.query_stock_industry,2026-07-06,2026-07-10,62.76,0.988,0.94,295.4631,67.62,58.68,52.88,40.83,2.3268,2.9151,NONE,6.07,7.4021,31.2342,1587973841.0,36.9636,HARD_REJECT,price_too_high,trend_unconfirmed,price_too_high;trend_unconfirmed
883,000681,视觉中国,I64互联网和相关服务,baostock.query_stock_industry,2026-07-06,2026-07-10,18.5,0.6408,0.016,1.2035,20.37,21.23,23.0,22.3,-5.7314,-0.7412,NONE,1.12,-15.5038,-14.1017,960056612.0,36.9394,LOW_PRIORITY,,trend_unconfirmed,trend_unconfirmed
884,002192,融捷股份,B09有色金属矿采选业,baostock.query_stock_industry,2026-07-06,2026-07-10,71.15,0.572,0.724,134.0461,88.42,87.5,73.51,57.23,2.1682,1.2058,NONE,8.21,-16.1523,-13.5885,2742849951.85,36.9259,LOW_PRIORITY,,trend_unconfirmed,trend_unconfirmed
885,002326,永太科技,C26化学原料和化学制品制造业,baostock.query_stock_industry,2026-07-06,2026-07-10,20.01,0.5232,0.372,69.5763,23.66,23.5,24.16,20.97,-0.4837,-0.4069,NONE,1.9,-11.1757,-19.5737,1815557866.95,36.8251,LOW_PRIORITY,,trend_unconfirmed,trend_unconfirmed
886,002057,中钢天源,C26化学原料和化学制品制造业,baostock.query_stock_industry,2026-07-06,2026-07-10,9.13,0.5416,0.04,4.7018,11.89,10.43,10.43,10.43,0.1939,0.9857,NONE,1.01,-20.9412,-9.8224,638598832.3,36.8236,LOW_PRIORITY,,trend_unconfirmed,trend_unconfirmed
887,002121,科陆电子,C40仪器仪表制造业,baostock.query_stock_industry,2026-07-06,2026-07-10,5.34,0.4232,0.064,10.1031,5.5,6.7,7.8,7.69,-5.899,-3.1196,NONE,0.25,-11.2603,-35.1731,183235635.15,36.7445,LOW_PRIORITY,,falling_knife;trend_unconfirmed,falling_knife;trend_unconfirmed
888,002491,通鼎互联,C38电气机械和器材制造业,baostock.query_stock_industry,2026-07-06,2026-07-10,22.08,0.968,0.84,356.1983,28.76,23.61,16.75,10.92,-1.6399,2.9589,NONE,2.71,-9.5403,44.5541,4587434907.7,36.6014,HARD_REJECT,price_too_high,trend_unconfirmed,price_too_high;trend_unconfirmed
889,002322,理工能科,I65软件和信息技术服务业,baostock.query_stock_industry,2026-07-06,2026-07-10,9.86,0.2368,0.032,1.6495,10.1,11.48,12.58,12.62,-2.0084,-2.5077,NONE,0.34,-7.137,-32.9327,30842437.4,36.5985,LOW_PRIORITY,,falling_knife;trend_unconfirmed,falling_knife;trend_unconfirmed
890,002835,同为股份,C39计算机、通信和其他电子设备制造业,baostock.query_stock_industry,2026-07-06,2026-07-10,11.56,0.2328,0.028,2.3009,11.98,13.75,15.2,16.45,-2.8277,-2.4484,NONE,0.51,-9.1259,-31.0369,30443503.75,36.5461,LOW_PRIORITY,,falling_knife;trend_unconfirmed,falling_knife;trend_unconfirmed
891,002353,杰瑞股份,C35专用设备制造业,baostock.query_stock_industry,2026-07-06,2026-07-10,151.2,0.9848,0.924,345.3608,158.99,144.22,121.72,85.41,2.4908,3.1217,NONE,11.79,2.9578,30.8925,2783169592.5,36.485,HARD_REJECT,price_too_high,trend_unconfirmed,price_too_high;trend_unconfirmed
892,002068,黑猫股份,C26化学原料和化学制品制造业,baostock.query_stock_industry,2026-07-06,2026-07-10,10.97,0.652,0.788,33.9438,12.51,10.58,9.86,10.13,3.1834,2.7971,NONE,1.27,8.609,25.2353,790824763.65,36.4844,LOW_PRIORITY,,trend_unconfirmed,trend_unconfirmed
893,003030,祖名股份,C13农副食品加工业,baostock.query_stock_industry,2026-07-06,2026-07-10,21.66,0.4896,0.736,19.5364,22.49,22.82,21.88,20.85,0.0979,0.6979,NONE,1.28,-8.5486,2.1607,72084289.3,36.417,LOW_PRIORITY,,trend_unconfirmed,trend_unconfirmed
894,000783,长江证券,J67资本市场服务,baostock.query_stock_industry,2026-07-06,2026-07-10,8.74,0.9736,0.868,28.7187,9.11,8.29,8.05,8.05,5.0271,2.1138,NONE,0.68,17.1173,15.9519,2499973153.65,36.4069,HARD_REJECT,price_too_high,trend_unconfirmed,price_too_high;trend_unconfirmed
895,000590,古汉医药,C27医药制造业,baostock.query_stock_industry,2026-07-06,2026-07-10,8.19,0.2776,0.02,3.0189,8.69,9.93,10.88,11.39,-3.6047,-2.7572,NONE,0.39,-13.3409,-33.2164,35169925.2,36.3967,LOW_PRIORITY,,falling_knife;trend_unconfirmed,falling_knife;trend_unconfirmed
896,002795,永和智控,C34通用设备制造业,baostock.query_stock_industry,2026-07-06,2026-07-10,6.45,0.3656,0.448,37.5267,6.97,8.09,7.78,6.68,-3.2081,-1.5577,NONE,0.41,-15.8804,-25.0003,151057989.75,36.3566,LOW_PRIORITY,,trend_unconfirmed,trend_unconfirmed
897,000593,德龙汇能,D45燃气生产和供应业,baostock.query_stock_industry,2026-07-06,2026-07-10,22.26,0.9744,0.872,272.2408,23.28,22.37,18.85,13.35,3.285,2.3944,NONE,2.32,6.5902,25.9705,628452840.9,36.3561,HARD_REJECT,price_too_high,trend_unconfirmed,price_too_high;trend_unconfirmed
898,002313,日海智能,C39计算机、通信和其他电子设备制造业,baostock.query_stock_industry,2026-07-06,2026-07-10,8.03,0.3608,0.052,11.2188,7.86,8.85,9.2,10.15,-2.6808,-0.8365,NONE,0.46,-3.5033,-11.9222,87044460.25,36.337,LOW_PRIORITY,,falling_knife;trend_unconfirmed,falling_knife;trend_unconfirmed
899,001231,农心科技,C26化学原料和化学制品制造业,baostock.query_stock_industry,2026-07-06,2026-07-10,18.74,0.3209,0.032,3.0803,19.15,22.12,23.32,22.57,-2.5911,-1.9602,NONE,0.78,-8.6762,-28.5018,25755238.95,36.3108,LOW_PRIORITY,,trend_unconfirmed,trend_unconfirmed
900,002825,纳尔股份,C29橡胶和塑料制品业,baostock.query_stock_industry,2026-07-06,2026-07-10,8.17,0.2392,0.016,1.7435,8.58,9.85,10.33,10.62,-4.1911,-2.2178,NONE,0.31,-13.0819,-32.0047,32842133.2,36.3079,LOW_PRIORITY,,falling_knife;trend_unconfirmed,falling_knife;trend_unconfirmed
901,003015,日久光电,C39计算机、通信和其他电子设备制造业,baostock.query_stock_industry,2026-07-06,2026-07-10,11.59,0.4904,0.008,1.9349,12.32,13.68,14.91,15.98,-1.6796,-1.8505,NONE,0.61,-8.5166,-26.2286,131123017.05,36.2921,LOW_PRIORITY,,falling_knife;trend_unconfirmed,falling_knife;trend_unconfirmed
902,002715,登云股份,C36汽车制造业,baostock.query_stock_industry,2026-07-06,2026-07-10,14.45,0.4296,0.072,9.3041,14.11,15.56,15.89,18.24,-0.3673,-0.0385,NONE,1.06,-1.0333,-10.8457,79421273.75,36.2874,LOW_PRIORITY,,falling_knife;trend_unconfirmed,falling_knife;trend_unconfirmed
903,000510,新金路,C26化学原料和化学制品制造业,baostock.query_stock_industry,2026-07-06,2026-07-10,18.9,0.9744,0.872,301.2739,22.55,18.05,17.3,11.74,2.8504,2.2367,NONE,2.24,6.0145,25.8212,1457440573.95,36.2836,HARD_REJECT,price_too_high,trend_unconfirmed,price_too_high;trend_unconfirmed
904,002881,美格智能,C39计算机、通信和其他电子设备制造业,baostock.query_stock_industry,2026-07-06,2026-07-10,37.71,0.616,0.052,10.1665,38.61,41.18,42.86,44.81,-4.1781,-0.2039,NONE,2.28,-9.4025,-6.4857,347051338.8,36.2338,LOW_PRIORITY,,trend_unconfirmed,trend_unconfirmed
905,002258,利尔化学,C26化学原料和化学制品制造业,baostock.query_stock_industry,2026-07-06,2026-07-10,13.43,0.5088,0.656,18.6396,13.47,13.14,14.44,13.45,1.1796,-0.794,NONE,0.65,2.4758,-15.0791,322781170.2,36.1879,LOW_PRIORITY,,trend_unconfirmed,trend_unconfirmed
906,002161,远 望 谷,C39计算机、通信和其他电子设备制造业,baostock.query_stock_industry,2026-07-06,2026-07-10,5.28,0.4424,0.016,1.5385,5.63,6.35,7.25,7.45,-1.9519,-2.7624,NONE,0.32,-5.136,-32.105,134948815.4,36.1793,LOW_PRIORITY,,falling_knife;trend_unconfirmed,falling_knife;trend_unconfirmed
907,002893,京能热力,D44电力、热力生产和供应业,baostock.query_stock_industry,2026-07-06,2026-07-10,9.52,0.3832,0.032,3.0303,9.78,10.69,11.21,11.46,-2.4688,-1.1239,NONE,0.36,-5.052,-12.8072,87442262.6,36.1139,LOW_PRIORITY,,trend_unconfirmed,trend_unconfirmed
908,002975,博杰股份,C35专用设备制造业,baostock.query_stock_industry,2026-07-06,2026-07-10,120.8,0.9752,0.876,264.7343,133.41,123.15,100.57,79.08,-1.2246,2.4108,NONE,10.9,-2.7951,32.4346,1689168818.7,36.0639,HARD_REJECT,price_too_high,trend_unconfirmed,price_too_high;trend_unconfirmed
909,002654,万润科技,L72商务服务业,baostock.query_stock_industry,2026-07-06,2026-07-10,17.76,0.9856,0.936,53.5004,18.6,16.66,15.73,14.75,4.3926,2.2431,NONE,1.67,8.5901,20.5486,1650939990.85,36.0139,HARD_REJECT,price_too_high,trend_unconfirmed,price_too_high;trend_unconfirmed
910,003031,中瓷电子,C39计算机、通信和其他电子设备制造业,baostock.query_stock_industry,2026-07-06,2026-07-10,142.04,0.9688,0.852,181.9932,165.96,148.2,114.09,85.31,0.8183,2.9127,NONE,14.26,-3.3387,32.012,2218108017.1,35.9673,HARD_REJECT,price_too_high,trend_unconfirmed,price_too_high;trend_unconfirmed
911,002190,成飞集成,C36汽车制造业,baostock.query_stock_industry,2026-07-06,2026-07-10,22.77,0.4104,0.012,2.9851,24.63,27.94,31.46,35.75,-2.4924,-2.4563,NONE,1.07,-8.7875,-34.7155,145736085.55,35.9214,LOW_PRIORITY,,falling_knife;trend_unconfirmed,falling_knife;trend_unconfirmed
912,002397,梦洁股份,C17纺织业,baostock.query_stock_industry,2026-07-06,2026-07-10,3.73,0.4288,0.204,5.3672,4.05,4.54,4.37,4.13,-3.4988,-0.2858,NONE,0.28,-13.1312,-14.5542,103439098.5,35.8908,LOW_PRIORITY,,trend_unconfirmed,trend_unconfirmed
913,002559,亚威股份,C34通用设备制造业,baostock.query_stock_industry,2026-07-06,2026-07-10,11.79,0.9744,0.952,29.5604,11.91,11.02,10.61,10.49,5.664,1.9673,NONE,1.13,16.8254,10.703,974789160.0,35.8528,HARD_REJECT,price_too_high,trend_unconfirmed,price_too_high;trend_unconfirmed
914,001260,坤泰股份,C36汽车制造业,baostock.query_stock_industry,2026-07-06,2026-07-10,16.26,0.2294,0.032,3.8978,16.69,19.39,20.78,20.42,-2.8981,-1.9988,NONE,0.82,-10.0651,-27.2258,22055661.35,35.8381,LOW_PRIORITY,,falling_knife;trend_unconfirmed,falling_knife;trend_unconfirmed
915,002078,太阳纸业,C22造纸和纸制品业,baostock.query_stock_industry,2026-07-06,2026-07-10,13.1,0.548,0.08,8.985,12.72,13.55,14.77,14.71,-0.9268,-1.3203,NONE,0.48,-3.257,-14.2134,331057230.15,35.8317,LOW_PRIORITY,,trend_unconfirmed,trend_unconfirmed
916,002225,濮耐股份,C30非金属矿物制品业,baostock.query_stock_industry,2026-07-06,2026-07-10,4.32,0.52,0.108,15.508,4.41,4.5,5.27,5.72,0.3985,-2.1787,NONE,0.32,5.3558,-26.1729,351465753.35,35.8063,LOW_PRIORITY,,trend_unconfirmed,trend_unconfirmed
917,002998,优彩资源,C28化学纤维制造业,baostock.query_stock_industry,2026-07-06,2026-07-10,7.13,0.4232,0.044,10.8865,7.08,8.34,8.37,8.2,-1.7752,-1.7091,NONE,0.41,-3.5057,-23.9597,100860753.0,35.7973,LOW_PRIORITY,,trend_unconfirmed,trend_unconfirmed
918,002097,山河智能,C35专用设备制造业,baostock.query_stock_industry,2026-07-06,2026-07-10,7.13,0.4664,0.012,2.4425,7.58,8.8,10.01,11.58,-3.7037,-2.6864,NONE,0.27,-12.9589,-33.2761,148787740.3,35.748,LOW_PRIORITY,,falling_knife;trend_unconfirmed,falling_knife;trend_unconfirmed
919,000100,TCL科技,C39计算机、通信和其他电子设备制造业,baostock.query_stock_industry,2026-07-06,2026-07-10,5.12,0.8208,0.96,26.4198,5.21,4.68,4.69,4.55,2.3489,1.6516,NONE,0.4,12.2146,13.811,8461805242.4,35.7026,HARD_REJECT,price_too_high,trend_unconfirmed,price_too_high;trend_unconfirmed
920,000988,华工科技,C39计算机、通信和其他电子设备制造业,baostock.query_stock_industry,2026-07-06,2026-07-10,158.07,0.984,0.92,255.4531,163.9,147.73,121.75,94.47,0.2073,2.2758,NONE,11.96,3.719,21.8606,12029958281.65,35.658,HARD_REJECT,price_too_high,trend_unconfirmed,price_too_high;trend_unconfirmed
921,000985,大庆华科,C26化学原料和化学制品制造业,baostock.query_stock_industry,2026-07-06,2026-07-10,14.46,0.2864,0.024,1.9746,14.98,17.28,18.95,18.92,-3.4077,-2.2503,NONE,0.68,-11.9965,-28.727,23029229.55,35.6201,LOW_PRIORITY,,falling_knife;trend_unconfirmed,falling_knife;trend_unconfirmed
922,000617,中油资本,J66货币金融服务,baostock.query_stock_industry,2026-07-06,2026-07-10,6.77,0.6208,0.032,2.7314,6.96,8.08,8.81,9.32,-1.8742,-3.8088,NONE,0.27,-6.2266,-37.2711,610665306.35,35.5502,LOW_PRIORITY,,falling_knife;trend_unconfirmed,falling_knife;trend_unconfirmed
923,000670,盈方微,F51批发业,baostock.query_stock_industry,2026-07-06,2026-07-10,7.11,0.5992,0.06,9.3846,7.82,8.25,8.29,8.14,-7.458,-0.7419,NONE,0.44,-25.8332,-17.8321,562771427.4,35.5335,LOW_PRIORITY,,trend_unconfirmed,trend_unconfirmed
924,002962,五方光电,C39计算机、通信和其他电子设备制造业,baostock.query_stock_industry,2026-07-06,2026-07-10,14.4,0.576,0.096,8.2707,17.74,18.29,16.67,15.85,-7.2927,-0.0419,NONE,1.53,-26.3889,-17.5821,668034367.7,35.5029,LOW_PRIORITY,,trend_unconfirmed,trend_unconfirmed
925,002522,浙江众成,C29橡胶和塑料制品业,baostock.query_stock_industry,2026-07-06,2026-07-10,5.2,0.5208,0.352,13.0435,6.86,6.71,6.33,5.72,-5.8468,-0.5996,NONE,0.53,-26.5982,-17.4772,595799213.45,35.4925,LOW_PRIORITY,,trend_unconfirmed,trend_unconfirmed
926,002897,意华股份,C38电气机械和器材制造业,baostock.query_stock_industry,2026-07-06,2026-07-10,82.33,0.9824,0.92,121.4958,85.68,77.2,68.64,56.3,-0.2822,2.1001,NONE,7.92,1.4218,22.3839,1600686909.2,35.4806,HARD_REJECT,price_too_high,trend_unconfirmed,price_too_high;trend_unconfirmed
927,000729,燕京啤酒,C15酒、饮料和精制茶制造业,baostock.query_stock_industry,2026-07-06,2026-07-10,10.85,0.592,0.056,8.9357,10.64,11.91,12.33,12.33,-1.4628,-2.1642,NONE,0.42,-6.6337,-26.7117,417644546.5,35.4506,LOW_PRIORITY,,trend_unconfirmed,trend_unconfirmed
928,002370,亚太药业,C27医药制造业,baostock.query_stock_industry,2026-07-06,2026-07-10,5.44,0.7536,0.152,43.9153,5.36,6.05,6.55,6.61,0.2148,-2.6662,WEAK,0.44,3.5061,-28.4561,196150384.85,35.4299,HARD_REJECT,price_too_high,,price_too_high
929,002085,万丰奥威,C36汽车制造业,baostock.query_stock_industry,2026-07-06,2026-07-10,10.56,0.5504,0.012,1.6362,11.79,12.82,14.19,15.53,-3.2966,-2.0286,NONE,0.56,-15.8048,-29.2201,650202842.8,35.3975,LOW_PRIORITY,,falling_knife;trend_unconfirmed,falling_knife;trend_unconfirmed
930,000417,合百集团,F52零售业,baostock.query_stock_industry,2026-07-06,2026-07-10,7.78,0.944,0.72,40.4332,8.01,7.63,7.64,7.13,1.9275,1.3882,NONE,0.59,9.3577,13.445,561884702.25,35.3803,HARD_REJECT,price_too_high,trend_unconfirmed,price_too_high;trend_unconfirmed
931,002681,奋达科技,C39计算机、通信和其他电子设备制造业,baostock.query_stock_industry,2026-07-06,2026-07-10,4.98,0.6248,0.084,17.4528,4.69,5.12,5.61,6.32,-3.1001,-1.2112,NONE,0.28,1.5817,-9.9366,252036269.7,35.3478,LOW_PRIORITY,,falling_knife;trend_unconfirmed,falling_knife;trend_unconfirmed
932,000892,欢瑞世纪,R87广播、电视、电影和录音制作业,baostock.query_stock_industry,2026-07-06,2026-07-10,4.2,0.6616,0.128,27.6596,3.59,4.37,5.77,5.97,0.1393,-4.7578,WEAK,0.29,16.6667,-38.7061,179952519.05,35.2948,LOW_PRIORITY,,,
933,002065,东华软件,I65软件和信息技术服务业,baostock.query_stock_industry,2026-07-06,2026-07-10,7.16,0.5256,0.06,5.9172,7.16,7.76,8.46,9.26,-0.5835,-1.3053,NONE,0.25,2.6079,-18.6853,289850590.75,35.2878,LOW_PRIORITY,,falling_knife;trend_unconfirmed,falling_knife;trend_unconfirmed
934,002054,德美化工,C26化学原料和化学制品制造业,baostock.query_stock_industry,2026-07-06,2026-07-10,7.02,0.4288,0.204,9.5164,7.13,7.82,8.53,7.92,-1.953,-1.8463,NONE,0.34,-6.1889,-23.5582,94577444.85,35.277,LOW_PRIORITY,,trend_unconfirmed,trend_unconfirmed
935,002279,久其软件,I65软件和信息技术服务业,baostock.query_stock_industry,2026-07-06,2026-07-10,5.75,0.4144,0.032,5.1188,6.05,7.05,8.06,7.77,-5.4544,-2.9547,NONE,0.23,-16.5026,-34.3118,145267206.4,35.2562,LOW_PRIORITY,,falling_knife;trend_unconfirmed,falling_knife;trend_unconfirmed
936,002885,京泉华,C39计算机、通信和其他电子设备制造业,baostock.query_stock_industry,2026-07-06,2026-07-10,34.07,0.8864,0.816,146.1705,40.36,39.27,33.43,26.85,-2.2371,2.6571,NONE,3.89,-12.8633,34.1185,1062841432.6,35.2255,HARD_REJECT,price_too_high,trend_unconfirmed,price_too_high;trend_unconfirmed
937,002315,焦点科技,I64互联网和相关服务,baostock.query_stock_industry,2026-07-06,2026-07-10,23.56,0.3792,0.032,3.6972,23.94,29.02,37.65,42.81,-1.9717,-4.6375,NONE,0.88,-3.5515,-46.5894,144172822.8,35.2198,LOW_PRIORITY,,falling_knife;trend_unconfirmed,falling_knife;trend_unconfirmed
938,002765,蓝黛科技,C36汽车制造业,baostock.query_stock_industry,2026-07-06,2026-07-10,7.37,0.3792,0.036,6.3492,7.55,8.73,10.06,11.6,-1.4232,-2.4611,NONE,0.35,-4.8449,-33.5002,111491008.45,35.1706,LOW_PRIORITY,,falling_knife;trend_unconfirmed,falling_knife;trend_unconfirmed
939,002803,吉宏股份,F52零售业,baostock.query_stock_industry,2026-07-06,2026-07-10,22.81,0.9104,0.932,61.0876,24.17,21.9,20.09,18.41,2.7044,2.7282,NONE,1.57,6.9473,34.9065,344007587.0,35.1624,HARD_REJECT,price_too_high,trend_unconfirmed,price_too_high;trend_unconfirmed
940,002554,惠博普,B11开采专业及辅助性活动,baostock.query_stock_industry,2026-07-06,2026-07-10,3.02,0.4064,0.26,10.219,3.11,3.26,3.6,3.37,-1.1759,-1.8453,NONE,0.14,-4.516,-23.4686,88243291.3,35.142,LOW_PRIORITY,,trend_unconfirmed,trend_unconfirmed
941,000776,广发证券,J67资本市场服务,baostock.query_stock_industry,2026-07-06,2026-07-10,21.75,0.8864,0.684,30.6306,22.53,20.71,20.6,20.85,4.2917,1.6472,NONE,1.21,12.2662,7.8533,3080228929.1,35.1119,HARD_REJECT,price_too_high,trend_unconfirmed,price_too_high;trend_unconfirmed
942,000801,四川九洲,C39计算机、通信和其他电子设备制造业,baostock.query_stock_industry,2026-07-06,2026-07-10,11.77,0.6384,0.048,7.3905,11.81,12.86,14.23,15.3,-1.1465,-1.284,NONE,0.8,-2.3201,-18.9581,307874211.7,35.0771,LOW_PRIORITY,,falling_knife;trend_unconfirmed,falling_knife;trend_unconfirmed
943,002520,日发精机,C34通用设备制造业,baostock.query_stock_industry,2026-07-06,2026-07-10,6.72,0.6712,0.732,28.4895,7.03,6.41,6.28,6.36,2.4556,2.2293,NONE,0.58,2.8752,16.6473,556444026.55,35.0522,LOW_PRIORITY,,trend_unconfirmed,trend_unconfirmed
944,002989,中天精装,E50建筑装饰、装修和其他建筑业,baostock.query_stock_industry,2026-07-06,2026-07-10,31.26,0.8776,0.656,33.4187,32.76,30.42,29.58,29.98,1.6446,1.2185,NONE,2.83,14.2102,18.4436,397557150.8,34.9934,HARD_REJECT,price_too_high,trend_unconfirmed,price_too_high;trend_unconfirmed
945,000716,黑芝麻,C14食品制造业,baostock.query_stock_industry,2026-07-06,2026-07-10,4.39,0.3672,0.06,8.6634,4.33,4.95,5.41,5.89,-3.3162,-1.4524,NONE,0.17,-5.8761,-20.1727,81350609.05,34.9756,LOW_PRIORITY,,falling_knife;trend_unconfirmed,falling_knife;trend_unconfirmed
946,002383,合众思壮,C39计算机、通信和其他电子设备制造业,baostock.query_stock_industry,2026-07-06,2026-07-10,7.14,0.4216,0.06,7.855,6.98,8.21,9.68,9.83,-2.1439,-2.7084,NONE,0.33,-2.1442,-30.3674,93295274.35,34.9389,LOW_PRIORITY,,falling_knife;trend_unconfirmed,falling_knife;trend_unconfirmed
947,000628,高新发展,E47房屋建筑业,baostock.query_stock_industry,2026-07-06,2026-07-10,41.95,0.5376,0.028,1.353,49.62,56.19,54.09,51.02,-3.1679,-1.1699,NONE,2.8,-28.3163,-29.4159,541810142.85,34.9,LOW_PRIORITY,,trend_unconfirmed,trend_unconfirmed
948,002240,盛新锂能,C32有色金属冶炼和压延加工业,baostock.query_stock_industry,2026-07-06,2026-07-10,34.1,0.5472,0.472,170.6349,44.11,48.07,43.26,32.62,-4.3511,-0.393,NONE,3.41,-34.4219,-28.4195,3128646310.1,34.9,LOW_PRIORITY,,trend_unconfirmed,trend_unconfirmed
949,002263,大东南,C29橡胶和塑料制品业,baostock.query_stock_industry,2026-07-06,2026-07-10,2.9,0.5096,0.008,0.6944,3.61,3.98,3.84,3.76,-5.7895,-3.6491,NONE,0.21,-25.79,-46.3175,539872439.65,34.9,LOW_PRIORITY,,falling_knife;trend_unconfirmed,falling_knife;trend_unconfirmed
950,002759,天际股份,C26化学原料和化学制品制造业,baostock.query_stock_industry,2026-07-06,2026-07-10,21.08,0.5992,0.276,134.7439,25.4,30.68,34.26,28.71,-4.1037,-3.5016,NONE,1.64,-22.8882,-45.8457,1050130200.65,34.9,LOW_PRIORITY,,falling_knife;trend_unconfirmed,falling_knife;trend_unconfirmed
951,000536,华映科技,C39计算机、通信和其他电子设备制造业,baostock.query_stock_industry,2026-07-06,2026-07-10,3.4,0.6048,0.024,10.0324,3.53,3.89,4.27,4.67,-2.5967,-1.7181,NONE,0.28,-4.168,-25.5474,348420313.85,34.8714,LOW_PRIORITY,,falling_knife;trend_unconfirmed,falling_knife;trend_unconfirmed
952,002815,崇达技术,C39计算机、通信和其他电子设备制造业,baostock.query_stock_industry,2026-07-06,2026-07-10,18.08,0.9944,0.972,62.4438,17.41,16.53,15.69,14.76,-1.6352,1.0329,NONE,1.32,0.6632,16.8271,1456481582.8,34.849,HARD_REJECT,price_too_high,trend_unconfirmed,price_too_high;trend_unconfirmed
953,002643,万润股份,C26化学原料和化学制品制造业,baostock.query_stock_industry,2026-07-06,2026-07-10,17.92,0.7528,0.928,58.5841,18.83,17.21,16.9,15.1,6.6818,1.4519,NONE,1.41,14.6012,2.8074,807561853.6,34.8409,HARD_REJECT,price_too_high,trend_unconfirmed,price_too_high;trend_unconfirmed
954,002925,盈趣科技,C39计算机、通信和其他电子设备制造业,baostock.query_stock_industry,2026-07-06,2026-07-10,22.5,0.7968,0.912,35.054,22.98,21.37,21.11,19.71,0.8095,1.0607,NONE,1.61,5.4254,10.7147,534685642.15,34.714,HARD_REJECT,price_too_high,trend_unconfirmed,price_too_high;trend_unconfirmed
955,000691,亚太实业,C26化学原料和化学制品制造业,baostock.query_stock_industry,2026-07-06,2026-07-10,11.38,0.976,0.88,173.5577,11.71,9.42,8.99,8.69,4.9534,3.3071,NONE,0.84,13.2913,36.5667,269001410.05,34.7002,HARD_REJECT,price_too_high,trend_unconfirmed,price_too_high;trend_unconfirmed
956,002400,省广集团,L72商务服务业,baostock.query_stock_industry,2026-07-06,2026-07-10,6.19,0.648,0.024,5.9932,6.51,7.86,9.03,8.65,-4.5264,-2.5997,NONE,0.28,-11.0776,-32.5406,439784240.8,34.6934,LOW_PRIORITY,,falling_knife;trend_unconfirmed,falling_knife;trend_unconfirmed
957,002600,领益智造,C39计算机、通信和其他电子设备制造业,baostock.query_stock_industry,2026-07-06,2026-07-10,15.16,0.9272,0.636,73.4554,16.31,15.4,15.01,14.14,1.9281,1.2467,NONE,1.44,9.9144,5.8208,5216107232.85,34.6735,HARD_REJECT,price_too_high,trend_unconfirmed,price_too_high;trend_unconfirmed
958,000063,中兴通讯,C39计算机、通信和其他电子设备制造业,baostock.query_stock_industry,2026-07-06,2026-07-10,40.53,0.912,0.74,27.0931,37.31,37.06,36.94,38.79,-0.202,0.7408,NONE,2.04,5.883,9.0321,8291637212.0,34.5915,HARD_REJECT,price_too_high,trend_unconfirmed,price_too_high;trend_unconfirmed
959,002290,禾盛新材,C38电气机械和器材制造业,baostock.query_stock_industry,2026-07-06,2026-07-10,82.52,0.968,0.84,181.0627,85.52,86.13,73.57,54.64,0.8515,1.7352,NONE,7.56,4.0787,10.8337,810862927.25,34.5912,HARD_REJECT,price_too_high,trend_unconfirmed,price_too_high;trend_unconfirmed
960,000925,众合科技,C37铁路、船舶、航空航天和其他运输设备制造业,baostock.query_stock_industry,2026-07-06,2026-07-10,8.43,0.732,0.696,22.7074,8.87,8.75,8.44,8.26,0.5439,1.3932,NONE,0.71,0.995,13.3037,602554578.7,34.5299,LOW_PRIORITY,,trend_unconfirmed,trend_unconfirmed
961,002584,西陇科学,C26化学原料和化学制品制造业,baostock.query_stock_industry,2026-07-06,2026-07-10,8.76,0.764,0.476,22.3464,9.43,8.42,8.54,8.79,4.356,1.5074,NONE,1.01,5.2585,8.8909,889790267.75,34.5149,HARD_REJECT,price_too_high,trend_unconfirmed,price_too_high;trend_unconfirmed
962,002824,和胜股份,C36汽车制造业,baostock.query_stock_industry,2026-07-06,2026-07-10,30.69,0.668,0.936,87.3626,34.17,29.16,25.24,21.81,2.6897,2.147,NONE,2.47,5.0301,8.8135,782393569.2,34.4844,LOW_PRIORITY,,trend_unconfirmed,trend_unconfirmed
963,002203,海亮股份,C32有色金属冶炼和压延加工业,baostock.query_stock_industry,2026-07-06,2026-07-10,19.5,0.968,0.84,90.4297,22.67,20.55,17.44,14.55,0.9237,2.1109,NONE,1.58,-9.8045,23.4351,1687146535.6,34.4631,HARD_REJECT,price_too_high,trend_unconfirmed,price_too_high;trend_unconfirmed
964,002134,天津普林,C39计算机、通信和其他电子设备制造业,baostock.query_stock_industry,2026-07-06,2026-07-10,27.25,0.964,0.82,51.3889,28.95,27.84,25.41,23.73,0.5279,2.2133,NONE,2.14,-5.4614,22.9027,479621109.65,34.454,HARD_REJECT,price_too_high,trend_unconfirmed,price_too_high;trend_unconfirmed
965,002946,新乳业,C14食品制造业,baostock.query_stock_industry,2026-07-06,2026-07-10,13.92,0.4296,0.012,0.6508,14.89,16.93,17.77,17.65,-3.3528,-1.912,NONE,0.73,-14.7975,-26.8418,102271849.85,34.4434,LOW_PRIORITY,,falling_knife;trend_unconfirmed,falling_knife;trend_unconfirmed
966,002810,山东赫达,C26化学原料和化学制品制造业,baostock.query_stock_industry,2026-07-06,2026-07-10,20.65,0.5632,0.712,65.8635,24.21,24.91,22.06,17.59,0.9255,-0.3228,NONE,1.46,-7.9986,-20.5929,313406036.5,34.4373,LOW_PRIORITY,,trend_unconfirmed,trend_unconfirmed
967,002635,安洁科技,C39计算机、通信和其他电子设备制造业,baostock.query_stock_industry,2026-07-06,2026-07-10,17.36,0.96,0.884,35.625,19.09,17.7,16.03,14.98,2.5875,1.8322,NONE,1.8,5.3886,7.3499,908172427.6,34.3738,HARD_REJECT,price_too_high,trend_unconfirmed,price_too_high;trend_unconfirmed
968,002562,兄弟科技,C27医药制造业,baostock.query_stock_industry,2026-07-06,2026-07-10,4.3,0.384,0.008,1.4151,4.55,5.21,6.01,6.34,-2.4134,-2.5464,NONE,0.18,-10.4018,-31.4287,100762810.15,34.3563,LOW_PRIORITY,,falling_knife;trend_unconfirmed,falling_knife;trend_unconfirmed
969,000803,山高环能,N77生态保护和环境治理业,baostock.query_stock_industry,2026-07-06,2026-07-10,6.61,0.3912,0.1,8.0065,6.99,7.75,8.44,7.7,-2.5918,-1.8589,NONE,0.31,-10.7629,-24.4095,86294051.75,34.3238,LOW_PRIORITY,,trend_unconfirmed,trend_unconfirmed
970,000608,阳光股份,K70房地产业,baostock.query_stock_industry,2026-07-06,2026-07-10,6.04,0.9864,0.932,239.3258,6.6,5.07,4.34,3.17,-0.752,3.3576,NONE,0.49,-4.6709,42.5254,313256150.2,34.2795,HARD_REJECT,price_too_high,trend_unconfirmed,price_too_high;trend_unconfirmed
971,002752,昇兴股份,C33金属制品业,baostock.query_stock_industry,2026-07-06,2026-07-10,6.17,0.8408,0.44,14.684,6.05,6.64,6.58,6.35,0.2899,-0.5538,WEAK,0.29,2.2126,-8.0275,102238187.45,34.2243,HARD_REJECT,price_too_high,,price_too_high
972,000990,诚志股份,C26化学原料和化学制品制造业,baostock.query_stock_industry,2026-07-06,2026-07-10,8.75,0.5584,0.652,20.8564,8.69,10.05,9.59,8.62,-1.132,-1.6117,NONE,0.38,-2.5524,-23.1896,283913130.9,34.2155,LOW_PRIORITY,,trend_unconfirmed,trend_unconfirmed
973,000960,锡业股份,C32有色金属冶炼和压延加工业,baostock.query_stock_industry,2026-07-06,2026-07-10,36.45,0.9392,0.696,135.3131,41.24,39.07,38.09,29.73,1.1354,1.0771,NONE,3.55,3.2502,7.2733,4683536217.15,34.1523,HARD_REJECT,price_too_high,trend_unconfirmed,price_too_high;trend_unconfirmed
974,002369,卓翼科技,C39计算机、通信和其他电子设备制造业,baostock.query_stock_industry,2026-07-06,2026-07-10,5.36,0.3784,0.024,4.0777,5.6,6.51,7.25,8.34,-3.6129,-2.4471,NONE,0.25,-9.8433,-31.1095,94239096.35,34.1402,LOW_PRIORITY,,falling_knife;trend_unconfirmed,falling_knife;trend_unconfirmed
975,002762,金发拉比,C18纺织服装、服饰业,baostock.query_stock_industry,2026-07-06,2026-07-10,8.03,0.496,0.684,48.7037,8.4,8.56,7.77,7.49,-0.8854,0.9578,NONE,0.43,-2.4528,4.5476,31409691.45,34.0757,LOW_PRIORITY,,trend_unconfirmed,trend_unconfirmed
976,002972,科安达,C39计算机、通信和其他电子设备制造业,baostock.query_stock_industry,2026-07-06,2026-07-10,16.96,0.7168,0.948,58.9503,17.27,14.32,13.35,12.91,7.3824,2.6784,NONE,1.12,28.4519,26.7341,236915990.7,34.0704,LOW_PRIORITY,,trend_unconfirmed,trend_unconfirmed
977,000062,深圳华强,F51批发业,baostock.query_stock_industry,2026-07-06,2026-07-10,31.51,0.9512,0.844,36.7028,31.58,32.63,29.11,28.13,0.6774,1.067,NONE,2.39,3.7575,5.3954,1833960813.9,34.0153,HARD_REJECT,price_too_high,trend_unconfirmed,price_too_high;trend_unconfirmed
978,002826,易明医药,C27医药制造业,baostock.query_stock_industry,2026-07-06,2026-07-10,16.7,0.8016,0.072,11.2592,16.64,18.02,19.08,19.38,2.4571,-1.4349,WEAK,1.16,9.9483,-20.9338,108607526.4,33.9852,HARD_REJECT,price_too_high,,price_too_high
979,002929,润建股份,I65软件和信息技术服务业,baostock.query_stock_industry,2026-07-06,2026-07-10,61.5,0.9584,0.848,60.7003,63.47,68.29,58.45,51.47,-0.6356,0.9813,NONE,5.63,4.2323,3.4988,1577561568.35,33.8731,HARD_REJECT,price_too_high,trend_unconfirmed,price_too_high;trend_unconfirmed
980,000929,兰州黄河,C15酒、饮料和精制茶制造业,baostock.query_stock_industry,2026-07-06,2026-07-10,8.76,0.4808,0.424,12.8866,9.27,10.12,10.04,9.23,-1.7909,-0.2513,NONE,0.47,-5.505,-12.5514,51382041.1,33.8566,LOW_PRIORITY,,trend_unconfirmed,trend_unconfirmed
981,000823,超声电子,C39计算机、通信和其他电子设备制造业,baostock.query_stock_industry,2026-07-06,2026-07-10,18.05,0.9832,0.916,57.0931,22.17,18.37,16.48,14.8,1.1035,2.2671,NONE,2.38,-6.8083,14.2382,2289141893.6,33.843,HARD_REJECT,price_too_high,trend_unconfirmed,price_too_high;trend_unconfirmed
982,000809,和展能源,C38电气机械和器材制造业,baostock.query_stock_industry,2026-07-06,2026-07-10,3.06,0.4392,0.184,5.5172,3.41,3.72,3.65,3.43,-5.307,-1.0602,NONE,0.15,-22.6476,-19.197,89804556.7,33.8344,LOW_PRIORITY,,trend_unconfirmed,trend_unconfirmed
983,002780,三夫户外,F52零售业,baostock.query_stock_industry,2026-07-06,2026-07-10,12.59,0.396,0.028,3.7068,12.86,14.36,14.88,14.57,-1.4524,-1.405,NONE,0.54,-5.4236,-20.0504,60508995.9,33.7733,LOW_PRIORITY,,trend_unconfirmed,trend_unconfirmed
984,002772,众兴菌业,A01农业,baostock.query_stock_industry,2026-07-06,2026-07-10,12.72,0.8648,0.44,62.4521,12.55,14.57,15.77,13.12,0.1516,-2.379,WEAK,0.82,-1.4679,-27.8995,151763396.45,33.7304,HARD_REJECT,price_too_high,,price_too_high
985,002683,广东宏大,B11开采专业及辅助性活动,baostock.query_stock_industry,2026-07-06,2026-07-10,28.61,0.5288,0.028,4.4161,29.38,34.25,40.18,39.48,-1.2237,-2.3855,NONE,1.49,-4.7533,-36.1847,346119509.2,33.7149,LOW_PRIORITY,,falling_knife;trend_unconfirmed,falling_knife;trend_unconfirmed
986,000888,峨眉山Ａ,N78公共设施管理业,baostock.query_stock_industry,2026-07-06,2026-07-10,9.25,0.428,0.04,3.4676,9.34,10.53,11.95,12.74,-1.3109,-2.5247,NONE,0.29,-4.5535,-29.535,72455449.6,33.6689,LOW_PRIORITY,,falling_knife;trend_unconfirmed,falling_knife;trend_unconfirmed
987,001259,利仁科技,C38电气机械和器材制造业,baostock.query_stock_industry,2026-07-06,2026-07-10,59.81,0.9582,0.844,141.559,66.32,58.37,45.67,36.29,-2.5609,4.4751,NONE,3.87,-13.5357,88.2531,216186923.45,33.61,HARD_REJECT,price_too_high,trend_unconfirmed,price_too_high;trend_unconfirmed
988,000887,中鼎股份,C29橡胶和塑料制品业,baostock.query_stock_industry,2026-07-06,2026-07-10,20.68,0.8384,0.468,22.4393,19.24,19.3,19.84,20.55,-3.5921,0.1661,NONE,1.1,-2.1262,6.8687,1077570193.55,33.5742,HARD_REJECT,price_too_high,trend_unconfirmed,price_too_high;trend_unconfirmed
989,002456,欧菲光,C39计算机、通信和其他电子设备制造业,baostock.query_stock_industry,2026-07-06,2026-07-10,9.47,0.66,0.276,11.9385,9.21,9.17,9.44,10.74,-0.2006,0.0837,NONE,0.57,7.9164,-3.7961,1417129920.9,33.512,LOW_PRIORITY,,trend_unconfirmed,trend_unconfirmed
990,002590,万安科技,C36汽车制造业,baostock.query_stock_industry,2026-07-06,2026-07-10,9.55,0.3792,0.004,0.0,10.32,11.66,12.8,13.54,-4.0786,-1.7976,NONE,0.4,-13.1299,-27.7269,81158089.35,33.4843,LOW_PRIORITY,,falling_knife;trend_unconfirmed,falling_knife;trend_unconfirmed
991,002564,天沃科技,C35专用设备制造业,baostock.query_stock_industry,2026-07-06,2026-07-10,4.33,0.468,0.028,2.8504,4.48,5.35,6.25,7.19,-3.1341,-2.696,NONE,0.2,-10.7251,-33.9126,87573700.8,33.4428,LOW_PRIORITY,,falling_knife;trend_unconfirmed,falling_knife;trend_unconfirmed
992,002452,长高电气,C38电气机械和器材制造业,baostock.query_stock_industry,2026-07-06,2026-07-10,11.18,0.9576,0.8,60.1719,11.99,11.53,11.04,9.34,2.6635,1.4904,NONE,0.85,2.786,4.2154,480544829.9,33.4201,HARD_REJECT,price_too_high,trend_unconfirmed,price_too_high;trend_unconfirmed
993,000598,兴蓉环境,D46水的生产和供应业,baostock.query_stock_industry,2026-07-06,2026-07-10,6.73,0.632,0.176,4.8287,6.69,6.76,6.9,6.99,-0.4465,0.0592,NONE,0.17,-3.9158,-2.4641,164393689.1,33.4174,LOW_PRIORITY,,trend_unconfirmed,trend_unconfirmed
994,002026,山东威达,C38电气机械和器材制造业,baostock.query_stock_industry,2026-07-06,2026-07-10,10.57,0.4448,0.004,0.0,11.33,12.32,13.41,13.73,-2.9095,-1.4304,NONE,0.44,-12.4873,-24.7203,73457704.6,33.416,LOW_PRIORITY,,falling_knife;trend_unconfirmed,falling_knife;trend_unconfirmed
995,000917,电广传媒,I63电信、广播电视和卫星传输服务,baostock.query_stock_industry,2026-07-06,2026-07-10,6.8,0.6424,0.044,7.7655,6.9,8.03,9.35,8.85,-1.8279,-3.0947,NONE,0.34,0.9448,-34.6186,278551840.7,33.3249,LOW_PRIORITY,,falling_knife;trend_unconfirmed,falling_knife;trend_unconfirmed
996,002023,海特高新,C43金属制品、机械和设备修理业,baostock.query_stock_industry,2026-07-06,2026-07-10,11.57,0.7112,0.292,17.1053,12.58,12.46,12.24,12.17,1.1011,0.8842,NONE,0.76,2.7359,-1.1302,573571720.4,33.2606,LOW_PRIORITY,,trend_unconfirmed,trend_unconfirmed
997,002651,利君股份,C35专用设备制造业,baostock.query_stock_industry,2026-07-06,2026-07-10,7.56,0.4744,0.032,4.5643,7.67,8.57,9.55,10.82,-1.4637,-1.8489,NONE,0.28,-4.7591,-25.1053,58231855.25,33.1772,LOW_PRIORITY,,falling_knife;trend_unconfirmed,falling_knife;trend_unconfirmed
998,002682,龙洲股份,G54道路运输业,baostock.query_stock_industry,2026-07-06,2026-07-10,4.3,0.3832,0.028,3.6145,4.45,5.24,5.99,5.86,-3.6058,-2.7463,NONE,0.21,-10.4018,-33.5936,81214835.85,33.1736,LOW_PRIORITY,,falling_knife;trend_unconfirmed,falling_knife;trend_unconfirmed
999,002117,东港股份,C23印刷和记录媒介复制业,baostock.query_stock_industry,2026-07-06,2026-07-10,7.99,0.3512,0.028,3.23,8.27,9.35,10.28,11.28,-3.5947,-1.5534,NONE,0.29,-11.5356,-24.2933,66400380.9,33.1242,LOW_PRIORITY,,falling_knife;trend_unconfirmed,falling_knife;trend_unconfirmed
1000,000045,深纺织Ａ,C39计算机、通信和其他电子设备制造业,baostock.query_stock_industry,2026-07-06,2026-07-10,9.62,0.4144,0.016,1.2632,10.27,11.3,12.11,12.07,-3.2328,-1.8824,NONE,0.41,-10.5562,-24.5334,64308732.9,33.0641,LOW_PRIORITY,,falling_knife;trend_unconfirmed,falling_knife;trend_unconfirmed
1001,002289,宇顺电子,C39计算机、通信和其他电子设备制造业,baostock.query_stock_industry,2026-07-06,2026-07-10,43.03,0.9864,0.932,172.3418,44.15,39.65,33.52,31.55,4.1227,4.2963,NONE,4.11,12.3503,57.1643,193626776.15,33.0607,HARD_REJECT,price_too_high,trend_unconfirmed,price_too_high;trend_unconfirmed
1002,001317,三羊马,G58多式联运和运输代理业,baostock.query_stock_industry,2026-07-06,2026-07-10,44.79,0.6259,0.14,14.8167,43.77,50.51,50.11,48.94,-6.0135,-0.7541,NONE,2.99,-15.654,-13.3416,240469724.6,33.046,LOW_PRIORITY,,trend_unconfirmed,trend_unconfirmed
1003,002446,盛路通信,C39计算机、通信和其他电子设备制造业,baostock.query_stock_industry,2026-07-06,2026-07-10,10.52,0.9072,0.708,51.3669,10.88,10.54,10.78,9.56,-0.7619,0.4063,NONE,0.68,-3.7227,2.9132,727557309.8,33.019,HARD_REJECT,price_too_high,trend_unconfirmed,price_too_high;trend_unconfirmed
1004,002316,亚联发展,I65软件和信息技术服务业,baostock.query_stock_industry,2026-07-06,2026-07-10,4.11,0.444,0.028,2.75,4.24,4.92,5.23,5.29,-3.506,-2.1288,NONE,0.24,-10.9812,-27.6113,68608234.3,32.9859,LOW_PRIORITY,,falling_knife;trend_unconfirmed,falling_knife;trend_unconfirmed
1005,002521,齐峰新材,C22造纸和纸制品业,baostock.query_stock_industry,2026-07-06,2026-07-10,6.7,0.4032,0.016,4.1991,7.02,7.68,8.01,8.56,0.0642,-1.255,NONE,0.34,-4.3499,-23.6135,51577267.9,32.8808,LOW_PRIORITY,,trend_unconfirmed,trend_unconfirmed
1006,002688,金河生物,C27医药制造业,baostock.query_stock_industry,2026-07-06,2026-07-10,4.91,0.3888,0.044,6.2771,4.92,5.43,5.81,6.26,-0.3848,-1.5591,NONE,0.2,-0.6961,-21.0721,43591431.5,32.853,LOW_PRIORITY,,falling_knife;trend_unconfirmed,falling_knife;trend_unconfirmed
1007,000338,潍柴动力,C36汽车制造业,baostock.query_stock_industry,2026-07-06,2026-07-10,27.57,0.9536,0.768,100.2179,28.56,30.51,27.56,21.46,-0.7989,0.7412,NONE,1.82,-1.3109,-1.8668,3260481527.4,32.7822,HARD_REJECT,price_too_high,trend_unconfirmed,price_too_high;trend_unconfirmed
1008,002955,鸿合科技,C39计算机、通信和其他电子设备制造业,baostock.query_stock_industry,2026-07-06,2026-07-10,31.92,0.9608,0.932,38.4816,33.98,28.38,27.64,27.5,3.8431,2.3743,NONE,2.31,2.5616,19.9622,315014160.9,32.7752,HARD_REJECT,price_too_high,trend_unconfirmed,price_too_high;trend_unconfirmed
1009,002475,立讯精密,C39计算机、通信和其他电子设备制造业,baostock.query_stock_industry,2026-07-06,2026-07-10,62.14,0.9456,0.728,83.1958,66.71,68.71,60.13,55.48,-1.4121,1.0466,NONE,5.06,-5.0891,1.6072,13961016222.15,32.7518,HARD_REJECT,price_too_high,trend_unconfirmed,price_too_high;trend_unconfirmed
1010,002647,仁东控股,J69其他金融业,baostock.query_stock_industry,2026-07-06,2026-07-10,11.65,0.9632,0.876,108.7814,11.17,11.8,10.6,8.48,-1.133,1.7444,NONE,0.81,-1.8233,17.9983,354524787.9,32.7504,HARD_REJECT,price_too_high,trend_unconfirmed,price_too_high;trend_unconfirmed
1011,002768,国恩股份,C29橡胶和塑料制品业,baostock.query_stock_industry,2026-07-06,2026-07-10,56.85,0.9624,0.812,114.1243,58.75,59.03,55.99,51.13,-2.6915,1.416,NONE,3.87,-16.4475,12.9037,793825246.45,32.7456,HARD_REJECT,price_too_high,trend_unconfirmed,price_too_high;trend_unconfirmed
1012,001965,招商公路,G54道路运输业,baostock.query_stock_industry,2026-07-06,2026-07-10,9.6,0.5056,0.192,10.0917,9.6,9.63,9.66,10.13,-0.2909,0.6429,NONE,0.31,-2.9502,5.1553,119196827.35,32.7373,LOW_PRIORITY,,trend_unconfirmed,trend_unconfirmed
1013,002611,东方精工,C35专用设备制造业,baostock.query_stock_industry,2026-07-06,2026-07-10,17.31,0.8608,0.304,45.9528,17.78,17.94,17.91,17.58,-0.7536,0.0418,NONE,0.65,0.393,-4.376,781090575.4,32.7017,HARD_REJECT,price_too_high,trend_unconfirmed,price_too_high;trend_unconfirmed
1014,002513,蓝丰生化,C38电气机械和器材制造业,baostock.query_stock_industry,2026-07-06,2026-07-10,4.88,0.3672,0.028,4.9462,5.02,5.77,6.37,6.58,-3.9636,-1.871,NONE,0.24,-12.5836,-24.0384,60841792.2,32.681,LOW_PRIORITY,,falling_knife;trend_unconfirmed,falling_knife;trend_unconfirmed
1015,000565,渝三峡Ａ,C26化学原料和化学制品制造业,baostock.query_stock_industry,2026-07-06,2026-07-10,5.85,0.3864,0.028,2.993,6.02,6.96,7.47,7.92,-2.6371,-1.7257,NONE,0.26,-10.4724,-23.5209,57043885.8,32.6806,LOW_PRIORITY,,falling_knife;trend_unconfirmed,falling_knife;trend_unconfirmed
1016,002106,莱宝高科,C39计算机、通信和其他电子设备制造业,baostock.query_stock_industry,2026-07-06,2026-07-10,11.64,0.896,0.632,15.3617,14.23,12.36,11.97,11.54,-1.6108,1.1015,NONE,1.26,-8.8565,4.6571,910871745.15,32.6801,HARD_REJECT,price_too_high,trend_unconfirmed,price_too_high;trend_unconfirmed
1017,002857,三晖电气,C40仪器仪表制造业,baostock.query_stock_industry,2026-07-06,2026-07-10,15.75,0.4848,0.008,0.639,16.99,19.49,21.3,22.35,-1.8377,-2.328,NONE,0.86,-6.6594,-30.8012,61037457.65,32.6104,LOW_PRIORITY,,falling_knife;trend_unconfirmed,falling_knife;trend_unconfirmed
1018,002748,世龙实业,C26化学原料和化学制品制造业,baostock.query_stock_industry,2026-07-06,2026-07-10,11.22,0.6688,0.424,24.2525,10.99,11.61,11.99,11.5,1.337,-0.4287,WEAK,0.57,4.4384,-12.012,73708947.25,32.5941,LOW_PRIORITY,,,
1019,002913,奥士康,C39计算机、通信和其他电子设备制造业,baostock.query_stock_industry,2026-07-06,2026-07-10,54.34,0.7792,0.876,84.8928,61.54,56.08,50.66,44.41,1.2129,0.7975,NONE,4.1,-2.5288,0.2273,486192265.35,32.5512,HARD_REJECT,price_too_high,trend_unconfirmed,price_too_high;trend_unconfirmed
1020,000703,恒逸石化,C28化学纤维制造业,baostock.query_stock_industry,2026-07-06,2026-07-10,13.73,0.968,0.84,136.3167,14.02,14.42,13.36,10.05,2.2572,-0.6271,NONE,1.33,9.1477,-14.6365,1419660809.5,32.5511,HARD_REJECT,price_too_high,trend_unconfirmed,price_too_high;trend_unconfirmed
1021,002961,瑞达期货,J67资本市场服务,baostock.query_stock_industry,2026-07-06,2026-07-10,18.98,0.6288,0.02,2.8726,20.25,22.26,23.46,23.38,0.4514,-1.0299,NONE,0.83,1.5618,-20.4515,177173014.9,32.5331,LOW_PRIORITY,,trend_unconfirmed,trend_unconfirmed
1022,000782,恒申新材,C28化学纤维制造业,baostock.query_stock_industry,2026-07-06,2026-07-10,7.47,0.9704,0.852,58.9362,7.75,7.45,6.59,5.98,0.7216,2.5387,NONE,0.49,-0.9076,32.1293,250854647.55,32.4817,HARD_REJECT,price_too_high,trend_unconfirmed,price_too_high;trend_unconfirmed
1023,002890,弘宇股份,C35专用设备制造业,baostock.query_stock_industry,2026-07-06,2026-07-10,14.24,0.3664,0.156,9.2025,14.7,15.68,15.87,15.27,-0.085,-0.8473,NONE,0.87,-4.506,-15.9866,37917632.75,32.4692,LOW_PRIORITY,,trend_unconfirmed,trend_unconfirmed
1024,002718,友邦吊顶,C41其他制造业,baostock.query_stock_industry,2026-07-06,2026-07-10,104.03,0.988,0.94,625.4533,109.3,89.99,77.25,48.66,2.3072,2.7843,NONE,6.69,5.2991,36.3376,199896325.4,32.3826,HARD_REJECT,price_too_high,trend_unconfirmed,price_too_high;trend_unconfirmed
1025,002202,金风科技,C34通用设备制造业,baostock.query_stock_industry,2026-07-06,2026-07-10,22.36,0.9144,0.572,132.1911,22.47,24.25,25.92,19.65,0.1694,-0.6114,NONE,1.63,4.5102,-11.8074,4068417569.5,32.3703,HARD_REJECT,price_too_high,trend_unconfirmed,price_too_high;trend_unconfirmed
1026,002480,新筑股份,C34通用设备制造业,baostock.query_stock_industry,2026-07-06,2026-07-10,5.07,0.452,0.012,0.396,5.3,5.92,6.11,6.42,-3.1863,-1.3248,NONE,0.17,-10.1238,-20.7704,48601242.65,32.3554,LOW_PRIORITY,,falling_knife;trend_unconfirmed,falling_knife;trend_unconfirmed
1027,002395,双象股份,C29橡胶和塑料制品业,baostock.query_stock_industry,2026-07-06,2026-07-10,12.43,0.488,0.032,5.7872,12.6,15.7,17.21,17.62,-3.9421,-3.033,NONE,0.49,-9.1002,-34.4844,65072422.6,32.2639,LOW_PRIORITY,,falling_knife;trend_unconfirmed,falling_knife;trend_unconfirmed
1028,002842,翔鹭钨业,C32有色金属冶炼和压延加工业,baostock.query_stock_industry,2026-07-06,2026-07-10,35.35,0.9632,0.816,329.0049,44.82,37.92,34.52,22.31,1.2058,0.9113,NONE,4.2,-11.4532,3.0457,2831631262.25,32.2592,HARD_REJECT,price_too_high,trend_unconfirmed,price_too_high;trend_unconfirmed
1029,002606,大连电瓷,C38电气机械和器材制造业,baostock.query_stock_industry,2026-07-06,2026-07-10,13.7,0.9656,0.828,58.3815,13.54,14.37,13.04,11.03,-1.1386,0.7915,NONE,0.68,2.1635,14.0784,319580717.45,32.2211,HARD_REJECT,price_too_high,trend_unconfirmed,price_too_high;trend_unconfirmed
1030,000582,北部湾港,G55水上运输业,baostock.query_stock_industry,2026-07-06,2026-07-10,11.16,0.9592,0.804,36.9325,11.23,11.86,11.13,9.88,-1.5908,0.3796,NONE,0.46,-1.7569,1.2481,441072967.1,32.2196,HARD_REJECT,price_too_high,trend_unconfirmed,price_too_high;trend_unconfirmed
1031,002423,中粮资本,J68保险业,baostock.query_stock_industry,2026-07-06,2026-07-10,8.77,0.6088,0.04,6.5614,8.85,9.4,10.25,11.48,0.1471,-1.4173,NONE,0.36,0.5474,-20.1878,168409666.35,32.2093,LOW_PRIORITY,,trend_unconfirmed,trend_unconfirmed
1032,002444,巨星科技,C33金属制品业,baostock.query_stock_industry,2026-07-06,2026-07-10,29.88,0.6664,0.124,19.1863,31.01,32.28,33.21,32.61,0.6133,0.3622,NONE,1.76,-3.0214,-5.9174,569030504.3,32.2061,LOW_PRIORITY,,trend_unconfirmed,trend_unconfirmed
1033,000333,美的集团,C38电气机械和器材制造业,baostock.query_stock_industry,2026-07-06,2026-07-10,78.99,0.924,0.68,12.5374,78.52,79.99,78.57,76.91,-1.2141,0.3196,NONE,2.4,-8.7625,-0.1978,3359154989.4,32.204,HARD_REJECT,price_too_high,trend_unconfirmed,price_too_high;trend_unconfirmed
1034,002136,安 纳 达,C26化学原料和化学制品制造业,baostock.query_stock_industry,2026-07-06,2026-07-10,11.98,0.504,0.384,15.6371,13.15,13.66,13.43,12.53,0.5622,-0.156,NONE,0.7,-2.466,-10.3992,145870486.9,32.1896,LOW_PRIORITY,,trend_unconfirmed,trend_unconfirmed
1035,002429,兆驰股份,C39计算机、通信和其他电子设备制造业,baostock.query_stock_industry,2026-07-06,2026-07-10,10.3,0.9408,0.704,136.2385,10.93,11.58,10.77,8.25,-1.068,0.4698,NONE,0.86,-4.688,-5.0129,1337799689.45,32.1299,HARD_REJECT,price_too_high,trend_unconfirmed,price_too_high;trend_unconfirmed
1036,002896,中大力德,C34通用设备制造业,baostock.query_stock_industry,2026-07-06,2026-07-10,75.97,0.7912,0.212,40.3732,77.8,77.93,79.0,82.9,-3.5477,0.4831,NONE,4.87,-8.1647,-1.9655,1194600144.7,32.087,HARD_REJECT,price_too_high,trend_unconfirmed,price_too_high;trend_unconfirmed
1037,002171,楚江新材,C32有色金属冶炼和压延加工业,baostock.query_stock_industry,2026-07-06,2026-07-10,11.8,0.8624,0.492,33.9387,13.84,12.56,12.63,11.68,-1.5162,0.6369,NONE,1.09,-9.696,-0.469,2135107720.3,32.0835,HARD_REJECT,price_too_high,trend_unconfirmed,price_too_high;trend_unconfirmed
1038,000099,中信海直,G56航空运输业,baostock.query_stock_industry,2026-07-06,2026-07-10,13.93,0.56,0.012,2.8044,15.25,16.45,18.09,20.07,-3.3088,-1.5209,NONE,0.58,-13.3134,-24.0529,233305360.35,32.0563,LOW_PRIORITY,,falling_knife;trend_unconfirmed,falling_knife;trend_unconfirmed
1039,002273,水晶光电,C39计算机、通信和其他电子设备制造业,baostock.query_stock_industry,2026-07-06,2026-07-10,30.91,0.956,0.78,58.2693,35.08,35.45,30.71,27.22,-1.1178,1.0207,NONE,3.02,-8.1523,-2.3195,3048462602.05,32.0528,HARD_REJECT,price_too_high,trend_unconfirmed,price_too_high;trend_unconfirmed
1040,002245,蔚蓝锂芯,C38电气机械和器材制造业,baostock.query_stock_industry,2026-07-06,2026-07-10,19.14,0.744,0.728,44.2351,20.29,21.22,19.42,18.16,-0.0394,0.7311,NONE,1.82,-4.8877,-5.7231,2775069467.05,32.0389,LOW_PRIORITY,,trend_unconfirmed,trend_unconfirmed
1041,000751,锌业股份,C32有色金属冶炼和压延加工业,baostock.query_stock_industry,2026-07-06,2026-07-10,4.84,0.8984,0.564,52.6814,5.52,5.62,5.7,4.68,1.3861,-0.5366,NONE,0.44,3.2248,-13.9665,778294690.15,32.0258,HARD_REJECT,price_too_high,trend_unconfirmed,price_too_high;trend_unconfirmed
1042,002440,闰土股份,C26化学原料和化学制品制造业,baostock.query_stock_industry,2026-07-06,2026-07-10,9.78,0.912,0.66,44.0353,10.44,10.35,11.14,9.24,3.2076,-1.5003,NONE,0.78,12.0147,-22.7977,756375346.1,32.0217,HARD_REJECT,price_too_high,trend_unconfirmed,price_too_high;trend_unconfirmed
1043,002917,金奥博,C26化学原料和化学制品制造业,baostock.query_stock_industry,2026-07-06,2026-07-10,10.12,0.4512,0.008,0.4965,10.87,12.64,13.27,13.69,-5.1936,-2.4557,NONE,0.43,-15.5482,-32.7116,67662377.05,31.9605,LOW_PRIORITY,,falling_knife;trend_unconfirmed,falling_knife;trend_unconfirmed
1044,002957,科瑞技术,C35专用设备制造业,baostock.query_stock_industry,2026-07-06,2026-07-10,44.71,0.964,0.82,178.9145,52.35,50.59,38.94,28.64,-4.5302,1.2881,NONE,3.98,-15.1146,3.6659,1441426228.1,31.9551,HARD_REJECT,price_too_high,trend_unconfirmed,price_too_high;trend_unconfirmed
1045,002470,金正大,C26化学原料和化学制品制造业,baostock.query_stock_industry,2026-07-06,2026-07-10,1.93,0.5104,0.544,14.2012,2.07,2.44,2.48,2.13,-3.0033,-3.3538,NONE,0.12,-13.5836,-38.1107,285635573.45,31.8206,LOW_PRIORITY,,trend_unconfirmed,trend_unconfirmed
1046,002064,华峰化学,C28化学纤维制造业,baostock.query_stock_industry,2026-07-06,2026-07-10,10.11,0.7656,0.52,52.259,10.37,10.67,11.14,9.87,0.8066,-0.4337,NONE,0.71,1.2246,-14.0852,717758889.9,31.8139,HARD_REJECT,price_too_high,trend_unconfirmed,price_too_high;trend_unconfirmed
1047,000060,中金岭南,C32有色金属冶炼和压延加工业,baostock.query_stock_industry,2026-07-06,2026-07-10,6.49,0.9224,0.616,40.1728,7.58,7.37,7.17,6.2,-1.2126,0.5409,NONE,0.5,-10.7948,-2.229,2112163886.2,31.7976,HARD_REJECT,price_too_high,trend_unconfirmed,price_too_high;trend_unconfirmed
1048,000630,铜陵有色,C32有色金属冶炼和压延加工业,baostock.query_stock_industry,2026-07-06,2026-07-10,6.1,0.9272,0.636,83.1832,6.73,6.56,6.68,5.66,-0.6857,0.028,NONE,0.37,-6.7372,-6.5204,3869917035.35,31.7742,HARD_REJECT,price_too_high,trend_unconfirmed,price_too_high;trend_unconfirmed
1049,002366,融发核电,C35专用设备制造业,baostock.query_stock_industry,2026-07-06,2026-07-10,5.27,0.592,0.012,1.5414,5.76,6.65,7.26,7.64,-3.2001,-2.2842,NONE,0.29,-12.8881,-31.6437,253943543.05,31.7684,LOW_PRIORITY,,falling_knife;trend_unconfirmed,falling_knife;trend_unconfirmed
1050,002730,电光科技,C35专用设备制造业,baostock.query_stock_industry,2026-07-06,2026-07-10,28.1,0.96,0.8,92.7298,29.12,29.96,24.71,20.36,-1.2631,-0.1122,NONE,1.7,-2.6798,3.6847,392938131.3,31.7677,HARD_REJECT,price_too_high,trend_unconfirmed,price_too_high;trend_unconfirmed
1051,002993,奥海科技,C39计算机、通信和其他电子设备制造业,baostock.query_stock_industry,2026-07-06,2026-07-10,55.79,0.9672,0.836,44.0485,65.54,60.1,54.12,48.89,-1.2267,1.6406,NONE,5.81,-15.2418,1.9139,765366366.35,31.7672,HARD_REJECT,price_too_high,trend_unconfirmed,price_too_high;trend_unconfirmed
1052,000682,东方电子,I65软件和信息技术服务业,baostock.query_stock_industry,2026-07-06,2026-07-10,12.06,0.88,0.432,17.7734,12.67,13.17,13.26,12.35,-0.3892,-0.0923,NONE,0.56,0.5472,-5.0108,433641098.9,31.7352,HARD_REJECT,price_too_high,trend_unconfirmed,price_too_high;trend_unconfirmed
1053,001872,招商港口,G55水上运输业,baostock.query_stock_industry,2026-07-06,2026-07-10,20.55,0.8376,0.56,6.5871,20.27,21.45,21.15,20.72,-0.0592,-0.3631,WEAK,0.72,1.1829,-10.1244,62068779.85,31.7315,HARD_REJECT,price_too_high,,price_too_high
1054,002767,先锋电子,C40仪器仪表制造业,baostock.query_stock_industry,2026-07-06,2026-07-10,18.2,0.824,0.168,10.9756,17.67,19.05,20.86,20.42,0.655,-1.1329,WEAK,1.16,-0.1998,-19.5853,79641863.05,31.7089,HARD_REJECT,price_too_high,,price_too_high
1055,002348,高乐股份,C24文教、工美、体育和娱乐用品制造业,baostock.query_stock_industry,2026-07-06,2026-07-10,10.98,0.9712,0.856,202.4793,11.11,11.9,9.57,6.91,-3.7292,1.4406,NONE,0.6,-9.042,14.3974,357242188.0,31.708,HARD_REJECT,price_too_high,trend_unconfirmed,price_too_high;trend_unconfirmed
1056,002050,三花智控,C34通用设备制造业,baostock.query_stock_industry,2026-07-06,2026-07-10,43.2,0.8728,0.364,71.6329,44.34,46.94,48.16,43.2,-1.5226,0.0202,NONE,2.57,-6.7606,-7.2459,5864588502.5,31.6993,HARD_REJECT,price_too_high,trend_unconfirmed,price_too_high;trend_unconfirmed
1057,001336,楚环科技,C35专用设备制造业,baostock.query_stock_industry,2026-07-06,2026-07-10,21.95,0.3573,0.064,3.8316,22.98,26.1,26.5,25.14,-3.4413,-1.3121,NONE,1.07,-11.719,-19.8154,41379721.4,31.6827,LOW_PRIORITY,,trend_unconfirmed,trend_unconfirmed
1058,003003,天元股份,C23印刷和记录媒介复制业,baostock.query_stock_industry,2026-07-06,2026-07-10,10.17,0.36,0.028,2.2111,10.49,12.09,12.83,12.83,-2.889,-1.9747,NONE,0.45,-10.6692,-26.3831,47533098.75,31.6537,LOW_PRIORITY,,falling_knife;trend_unconfirmed,falling_knife;trend_unconfirmed
1059,002426,胜利精密,C39计算机、通信和其他电子设备制造业,baostock.query_stock_industry,2026-07-06,2026-07-10,3.36,0.8184,0.256,10.5263,3.84,3.77,3.89,3.65,-1.3614,-0.2252,NONE,0.24,-2.7771,-12.6305,852370407.25,31.5592,HARD_REJECT,price_too_high,trend_unconfirmed,price_too_high;trend_unconfirmed
1060,002465,海格通信,C39计算机、通信和其他电子设备制造业,baostock.query_stock_industry,2026-07-06,2026-07-10,13.58,0.8848,0.444,19.9647,12.94,14.98,16.1,14.57,-3.5271,-1.1854,NONE,0.72,-1.4579,-14.2012,1173161582.2,31.5341,HARD_REJECT,price_too_high,trend_unconfirmed,price_too_high;trend_unconfirmed
1061,002237,恒邦股份,C32有色金属冶炼和压延加工业,baostock.query_stock_industry,2026-07-06,2026-07-10,12.84,0.8248,0.244,11.3617,13.77,14.74,15.71,14.35,0.6321,-1.2098,NONE,0.84,3.1643,-18.8908,521331630.75,31.5274,HARD_REJECT,price_too_high,trend_unconfirmed,price_too_high;trend_unconfirmed
1062,001267,汇绿生态,C39计算机、通信和其他电子设备制造业,baostock.query_stock_industry,2026-07-06,2026-07-10,43.39,0.9483,0.768,372.658,51.45,53.68,43.65,29.55,-3.7523,-0.023,NONE,4.15,-12.8501,-3.0789,2275935975.7,31.5071,HARD_REJECT,price_too_high,trend_unconfirmed,price_too_high;trend_unconfirmed
1063,000539,粤电力Ａ,D44电力、热力生产和供应业,baostock.query_stock_industry,2026-07-06,2026-07-10,6.04,0.8288,0.764,36.6516,6.84,7.08,6.17,5.41,-6.5359,0.5464,NONE,0.38,-21.3109,4.5915,990968666.4,31.4281,HARD_REJECT,price_too_high,trend_unconfirmed,price_too_high;trend_unconfirmed
1064,002947,恒铭达,C39计算机、通信和其他电子设备制造业,baostock.query_stock_industry,2026-07-06,2026-07-10,70.69,0.9552,0.776,114.7979,79.89,82.51,66.19,54.09,-3.7551,1.0007,NONE,5.53,-17.2562,0.0754,934819776.8,31.3819,HARD_REJECT,price_too_high,trend_unconfirmed,price_too_high;trend_unconfirmed
1065,000601,韶能股份,D44电力、热力生产和供应业,baostock.query_stock_industry,2026-07-06,2026-07-10,6.43,0.9288,0.712,36.8085,6.52,7.17,6.57,5.87,-3.4064,0.0186,NONE,0.44,-8.1225,-7.4504,500736315.15,31.3791,HARD_REJECT,price_too_high,trend_unconfirmed,price_too_high;trend_unconfirmed
1066,002692,远程股份,C38电气机械和器材制造业,baostock.query_stock_industry,2026-07-06,2026-07-10,3.78,0.4192,0.028,3.8462,3.91,4.96,5.34,5.33,-3.6155,-3.9605,NONE,0.19,-9.3401,-44.5288,60649355.1,31.3302,LOW_PRIORITY,,falling_knife;trend_unconfirmed,falling_knife;trend_unconfirmed
1067,001696,宗申动力,C34通用设备制造业,baostock.query_stock_industry,2026-07-06,2026-07-10,18.62,0.6944,0.14,30.575,21.66,18.66,19.88,21.71,1.395,0.0742,NONE,1.95,-12.475,-5.2857,2341643015.45,31.3239,LOW_PRIORITY,,trend_unconfirmed,trend_unconfirmed
1068,002806,华锋股份,C39计算机、通信和其他电子设备制造业,baostock.query_stock_industry,2026-07-06,2026-07-10,15.72,0.9376,0.816,35.5172,18.88,16.92,15.6,14.02,-3.2432,1.2337,NONE,1.2,-13.293,4.9608,431434421.2,31.3217,HARD_REJECT,price_too_high,trend_unconfirmed,price_too_high;trend_unconfirmed
1069,000421,南京公用,D45燃气生产和供应业,baostock.query_stock_industry,2026-07-06,2026-07-10,5.18,0.444,0.036,4.4355,5.24,5.76,6.36,6.6,-1.7904,-1.7401,NONE,0.18,-5.7389,-21.4209,32886875.5,31.3052,LOW_PRIORITY,,falling_knife;trend_unconfirmed,falling_knife;trend_unconfirmed
1070,002956,西麦食品,C14食品制造业,baostock.query_stock_industry,2026-07-06,2026-07-10,21.35,0.7872,0.232,12.9032,21.19,24.26,25.77,24.14,-0.1343,-2.4844,WEAK,1.29,-0.9819,-29.4425,92161222.5,31.2926,HARD_REJECT,price_too_high,,price_too_high
1071,000737,北方铜业,C32有色金属冶炼和压延加工业,baostock.query_stock_industry,2026-07-06,2026-07-10,12.47,0.8384,0.2,17.3095,13.75,14.03,14.86,14.21,-0.5606,-0.5093,NONE,0.7,-3.889,-14.3977,939543087.05,31.2713,HARD_REJECT,price_too_high,trend_unconfirmed,price_too_high;trend_unconfirmed
1072,000070,特发信息,C39计算机、通信和其他电子设备制造业,baostock.query_stock_industry,2026-07-06,2026-07-10,18.0,0.9496,0.748,143.2432,20.22,19.61,17.59,13.79,-0.7901,-0.699,NONE,1.67,0.5567,-19.1257,2161632157.75,31.2431,HARD_REJECT,price_too_high,trend_unconfirmed,price_too_high;trend_unconfirmed
1073,000415,渤海租赁,L71租赁业,baostock.query_stock_industry,2026-07-06,2026-07-10,4.19,0.9144,0.636,26.2048,4.31,4.34,4.47,4.04,3.6654,-0.0384,NONE,0.21,5.3049,-9.8514,394072143.9,31.2275,HARD_REJECT,price_too_high,trend_unconfirmed,price_too_high;trend_unconfirmed
1074,003002,壶化股份,C26化学原料和化学制品制造业,baostock.query_stock_industry,2026-07-06,2026-07-10,16.82,0.4976,0.008,1.2643,18.78,23.39,25.64,26.38,-5.5967,-3.6487,NONE,0.81,-21.101,-43.1364,58943082.95,31.2132,LOW_PRIORITY,,falling_knife;trend_unconfirmed,falling_knife;trend_unconfirmed
1075,000920,沃顿科技,C26化学原料和化学制品制造业,baostock.query_stock_industry,2026-07-06,2026-07-10,12.75,0.9288,0.644,22.8324,13.91,12.58,12.68,12.46,-1.6618,0.2657,NONE,1.05,-7.4228,2.7992,391906367.5,31.1911,HARD_REJECT,price_too_high,trend_unconfirmed,price_too_high;trend_unconfirmed
1076,002392,北京利尔,C30非金属矿物制品业,baostock.query_stock_industry,2026-07-06,2026-07-10,7.37,0.8504,0.252,18.2986,8.15,8.56,8.23,8.05,0.2523,0.4558,NONE,0.62,-1.8507,-2.7786,391923331.1,31.1908,HARD_REJECT,price_too_high,trend_unconfirmed,price_too_high;trend_unconfirmed
1077,002276,万马股份,C38电气机械和器材制造业,baostock.query_stock_industry,2026-07-06,2026-07-10,9.75,0.5336,0.012,1.5625,10.44,12.18,14.17,15.3,-3.0731,-2.7814,NONE,0.43,-9.7616,-35.3828,226205347.0,31.1229,LOW_PRIORITY,,falling_knife;trend_unconfirmed,falling_knife;trend_unconfirmed
1078,002406,远东传动,C36汽车制造业,baostock.query_stock_industry,2026-07-06,2026-07-10,6.51,0.6272,0.008,0.774,6.96,7.7,7.79,7.82,-2.835,-0.4374,NONE,0.27,-11.0196,-16.1027,156753038.1,31.1116,LOW_PRIORITY,,trend_unconfirmed,trend_unconfirmed
1079,002076,星光股份,C38电气机械和器材制造业,baostock.query_stock_industry,2026-07-06,2026-07-10,2.15,0.5064,0.596,18.7845,2.38,2.4,2.28,2.14,-3.05,0.4333,NONE,0.17,-12.8639,-4.6845,128006399.7,31.0977,LOW_PRIORITY,,trend_unconfirmed,trend_unconfirmed
1080,002891,中宠股份,C13农副食品加工业,baostock.query_stock_industry,2026-07-06,2026-07-10,27.1,0.5136,0.032,4.5525,27.39,31.28,38.27,47.67,-0.5663,-2.9502,NONE,1.24,-1.8613,-31.9932,178248180.9,31.0664,LOW_PRIORITY,,falling_knife;trend_unconfirmed,falling_knife;trend_unconfirmed
1081,000969,安泰科技,C33金属制品业,baostock.query_stock_industry,2026-07-06,2026-07-10,19.98,0.8816,0.408,59.2032,24.12,22.7,23.09,19.7,-0.2605,0.1183,NONE,1.73,-11.4727,-8.8814,1723120857.4,31.0646,HARD_REJECT,price_too_high,trend_unconfirmed,price_too_high;trend_unconfirmed
1082,002778,中晟高科,C25石油、煤炭及其他燃料加工业,baostock.query_stock_industry,2026-07-06,2026-07-10,15.08,0.42,0.012,2.5153,16.19,18.44,19.9,20.0,-2.9638,-2.5237,NONE,0.84,-11.9214,-30.5484,45224611.2,30.9216,LOW_PRIORITY,,falling_knife;trend_unconfirmed,falling_knife;trend_unconfirmed
1083,002031,巨轮智能,C35专用设备制造业,baostock.query_stock_industry,2026-07-06,2026-07-10,5.48,0.7016,0.016,2.6217,5.71,6.31,6.82,7.45,-3.3751,-0.6399,NONE,0.43,-6.0065,-15.9039,787592765.75,30.909,LOW_PRIORITY,,falling_knife;trend_unconfirmed,falling_knife;trend_unconfirmed
1084,000544,中原环保,D46水的生产和供应业,baostock.query_stock_industry,2026-07-06,2026-07-10,7.07,0.4376,0.008,1.4347,7.34,7.89,8.26,8.42,-2.0678,-1.0346,NONE,0.17,-8.8926,-17.6853,28483598.3,30.8877,LOW_PRIORITY,,trend_unconfirmed,trend_unconfirmed
1085,002155,湖南黄金,B09有色金属矿采选业,baostock.query_stock_industry,2026-07-06,2026-07-10,23.76,0.9056,0.592,35.0,25.09,26.51,28.64,24.39,0.1437,-2.0999,NONE,1.63,0.5323,-24.1635,1779695310.7,30.7369,HARD_REJECT,price_too_high,trend_unconfirmed,price_too_high;trend_unconfirmed
1086,002602,世纪华通,I64互联网和相关服务,baostock.query_stock_industry,2026-07-06,2026-07-10,14.04,0.8408,0.204,26.7148,13.71,14.93,16.54,16.47,-0.9,-1.5608,NONE,0.79,-6.3176,-18.0338,2488502260.95,30.6649,HARD_REJECT,price_too_high,trend_unconfirmed,price_too_high;trend_unconfirmed
1087,000026,飞亚达,F52零售业,baostock.query_stock_industry,2026-07-06,2026-07-10,19.54,0.9624,0.812,48.4802,20.74,20.6,18.0,17.35,-2.0703,2.0049,NONE,1.45,-8.1301,14.64,284115904.5,30.6443,HARD_REJECT,price_too_high,trend_unconfirmed,price_too_high;trend_unconfirmed
1088,002669,康达新材,C26化学原料和化学制品制造业,baostock.query_stock_industry,2026-07-06,2026-07-10,13.54,0.6768,0.28,15.4305,16.61,15.41,14.75,14.23,-3.993,0.8056,NONE,1.26,-22.6814,-1.9357,691684177.5,30.6383,LOW_PRIORITY,,trend_unconfirmed,trend_unconfirmed
1089,002837,英维克,C35专用设备制造业,baostock.query_stock_industry,2026-07-06,2026-07-10,73.54,0.8736,0.368,155.8803,75.53,87.95,94.06,80.34,2.153,-1.941,NONE,6.17,8.2215,-32.9385,5405231757.25,30.6283,HARD_REJECT,price_too_high,trend_unconfirmed,price_too_high;trend_unconfirmed
1090,002516,旷达科技,C17纺织业,baostock.query_stock_industry,2026-07-06,2026-07-10,5.25,0.5808,0.092,3.5503,5.69,5.92,6.12,6.03,-2.5362,-0.3508,NONE,0.22,-12.6284,-11.5134,131984253.1,30.5835,LOW_PRIORITY,,trend_unconfirmed,trend_unconfirmed
1091,000831,中国稀土,C32有色金属冶炼和压延加工业,baostock.query_stock_industry,2026-07-06,2026-07-10,47.82,0.8448,0.324,36.7849,55.54,53.76,53.64,50.5,-2.0104,-0.2751,NONE,3.22,-12.4096,-12.8246,3390645876.3,30.5766,HARD_REJECT,price_too_high,trend_unconfirmed,price_too_high;trend_unconfirmed
1092,002213,大为股份,C39计算机、通信和其他电子设备制造业,baostock.query_stock_industry,2026-07-06,2026-07-10,32.98,0.9504,0.752,100.3645,36.96,37.64,33.08,27.4,-2.4213,0.4059,NONE,2.55,-16.2451,-9.1709,801260169.85,30.5584,HARD_REJECT,price_too_high,trend_unconfirmed,price_too_high;trend_unconfirmed
1093,002615,哈尔斯,C33金属制品业,baostock.query_stock_industry,2026-07-06,2026-07-10,7.38,0.5976,0.052,18.08,7.07,7.81,8.12,8.14,-2.7784,-0.964,NONE,0.47,-9.2909,-13.6589,127623003.15,30.5434,LOW_PRIORITY,,trend_unconfirmed,trend_unconfirmed
1094,002886,沃特股份,C29橡胶和塑料制品业,baostock.query_stock_industry,2026-07-06,2026-07-10,22.41,0.8104,0.528,22.459,28.08,26.54,24.65,22.65,-3.6906,0.695,NONE,1.99,-20.6994,-1.9177,487422643.9,30.533,HARD_REJECT,price_too_high,trend_unconfirmed,price_too_high;trend_unconfirmed
1095,000889,中嘉博创,I65软件和信息技术服务业,baostock.query_stock_industry,2026-07-06,2026-07-10,3.09,0.6128,0.02,2.3179,3.47,4.16,3.88,3.81,-3.9292,-1.4895,NONE,0.2,-13.2767,-25.6072,176145171.45,30.5051,LOW_PRIORITY,,falling_knife;trend_unconfirmed,falling_knife;trend_unconfirmed
1096,000020,深华发Ａ,C39计算机、通信和其他电子设备制造业,baostock.query_stock_industry,2026-07-06,2026-07-10,10.6,0.4176,0.012,2.1195,11.2,13.09,14.37,14.42,-2.8786,-3.0744,NONE,0.53,-10.6351,-37.5146,45737690.65,30.3965,LOW_PRIORITY,,falling_knife;trend_unconfirmed,falling_knife;trend_unconfirmed
1097,002342,巨力索具,C33金属制品业,baostock.query_stock_industry,2026-07-06,2026-07-10,11.07,0.924,0.62,77.9743,10.26,14.2,14.22,10.85,-1.3836,-2.6917,NONE,0.94,9.611,-36.6859,1288860637.7,30.3925,HARD_REJECT,price_too_high,trend_unconfirmed,price_too_high;trend_unconfirmed
1098,002196,方正电机,C38电气机械和器材制造业,baostock.query_stock_industry,2026-07-06,2026-07-10,11.96,0.8544,0.372,39.883,12.69,13.89,14.71,12.68,-1.9138,-1.1003,NONE,0.86,-4.3117,-22.9624,536980180.6,30.3726,HARD_REJECT,price_too_high,trend_unconfirmed,price_too_high;trend_unconfirmed
1099,000967,盈峰环境,C35专用设备制造业,baostock.query_stock_industry,2026-07-06,2026-07-10,9.08,0.9456,0.728,44.8166,10.17,11.86,9.98,8.37,-1.6916,-0.2145,NONE,0.83,-9.0344,-19.0151,1336795134.55,30.295,HARD_REJECT,price_too_high,trend_unconfirmed,price_too_high;trend_unconfirmed
1100,002580,圣阳股份,C38电气机械和器材制造业,baostock.query_stock_industry,2026-07-06,2026-07-10,18.38,0.9528,0.764,50.7793,20.97,24.96,19.5,16.46,-3.0603,0.2094,NONE,1.82,-11.7397,-16.4069,1547315255.7,30.2853,HARD_REJECT,price_too_high,trend_unconfirmed,price_too_high;trend_unconfirmed
1101,002645,华宏科技,C42废弃资源综合利用业,baostock.query_stock_industry,2026-07-06,2026-07-10,22.16,0.888,0.784,146.4961,28.42,27.84,22.21,18.32,-7.0031,0.7643,NONE,2.08,-28.8689,0.6896,1620750510.8,30.2821,HARD_REJECT,price_too_high,trend_unconfirmed,price_too_high;trend_unconfirmed
1102,002177,御银股份,C35专用设备制造业,baostock.query_stock_industry,2026-07-06,2026-07-10,5.36,0.6144,0.016,2.8791,5.83,6.87,7.57,7.46,-3.7343,-2.88,NONE,0.27,-11.6788,-37.6008,207432990.2,30.2754,LOW_PRIORITY,,falling_knife;trend_unconfirmed,falling_knife;trend_unconfirmed
1103,002734,利民股份,C26化学原料和化学制品制造业,baostock.query_stock_industry,2026-07-06,2026-07-10,15.65,0.7864,0.036,5.0336,17.14,17.14,18.13,18.48,0.6077,-0.6117,NONE,0.85,1.3121,-13.8142,381140563.5,30.2583,HARD_REJECT,price_too_high,trend_unconfirmed,price_too_high;trend_unconfirmed
1104,001209,洪兴股份,C18纺织服装、服饰业,baostock.query_stock_industry,2026-07-06,2026-07-10,16.29,0.3827,0.028,2.7112,17.03,19.65,20.81,20.12,-4.3163,-1.8021,NONE,0.73,-13.7773,-25.3177,33736736.05,30.1989,LOW_PRIORITY,,falling_knife;trend_unconfirmed,falling_knife;trend_unconfirmed
1105,000595,宝塔实业,C34通用设备制造业,baostock.query_stock_industry,2026-07-06,2026-07-10,5.64,0.6288,0.456,18.9873,5.97,6.71,6.5,5.83,-4.1342,-0.4528,NONE,0.4,-14.3805,-14.9118,135169466.8,30.1819,LOW_PRIORITY,,trend_unconfirmed,trend_unconfirmed
1106,000425,徐工机械,C35专用设备制造业,baostock.query_stock_industry,2026-07-06,2026-07-10,8.43,0.7744,0.108,7.8005,8.63,9.45,10.32,10.14,-2.8438,-1.7258,NONE,0.44,-6.0566,-23.2199,1224689785.7,30.1723,HARD_REJECT,price_too_high,trend_unconfirmed,price_too_high;trend_unconfirmed
1107,000758,中色股份,B09有色金属矿采选业,baostock.query_stock_industry,2026-07-06,2026-07-10,5.76,0.7688,0.056,13.834,6.68,6.87,7.13,6.71,-1.4744,-0.8369,NONE,0.4,-10.3156,-18.8468,512843158.8,30.1459,HARD_REJECT,price_too_high,trend_unconfirmed,price_too_high;trend_unconfirmed
1108,002518,科士达,C38电气机械和器材制造业,baostock.query_stock_industry,2026-07-06,2026-07-10,40.99,0.7208,0.292,86.5726,48.7,50.86,51.57,44.31,-2.2145,-0.5008,NONE,3.56,-11.3416,-18.3384,821990546.1,30.132,LOW_PRIORITY,,trend_unconfirmed,trend_unconfirmed
1109,003021,兆威机电,C38电气机械和器材制造业,baostock.query_stock_industry,2026-07-06,2026-07-10,86.73,0.6976,0.016,6.3519,91.85,98.84,106.74,112.06,-3.8752,-0.7496,NONE,5.57,-12.4573,-17.3817,523794812.6,30.1161,LOW_PRIORITY,,falling_knife;trend_unconfirmed,falling_knife;trend_unconfirmed
1110,002017,东信和平,C39计算机、通信和其他电子设备制造业,baostock.query_stock_industry,2026-07-06,2026-07-10,13.67,0.6096,0.016,1.6357,14.98,17.1,19.55,21.86,-3.6689,-2.7004,NONE,0.55,-14.1853,-33.3469,193611334.35,30.1071,LOW_PRIORITY,,falling_knife;trend_unconfirmed,falling_knife;trend_unconfirmed
1111,002549,凯美特气,N77生态保护和环境治理业,baostock.query_stock_industry,2026-07-06,2026-07-10,16.31,0.72,0.228,46.9369,18.38,18.36,19.49,19.27,0.5857,-1.0315,NONE,1.5,-11.4486,-18.8619,1319546098.1,30.069,LOW_PRIORITY,,trend_unconfirmed,trend_unconfirmed
1112,002902,铭普光磁,C39计算机、通信和其他电子设备制造业,baostock.query_stock_industry,2026-07-06,2026-07-10,27.42,0.904,0.756,39.898,30.4,32.34,27.64,24.91,-5.0073,-0.6579,NONE,2.36,-14.6758,-15.6384,886131446.4,30.0686,HARD_REJECT,price_too_high,trend_unconfirmed,price_too_high;trend_unconfirmed
1113,000408,藏格矿业,C26化学原料和化学制品制造业,baostock.query_stock_industry,2026-07-06,2026-07-10,69.3,0.8904,0.452,67.2701,73.07,79.86,81.86,69.39,-1.254,-1.2073,NONE,3.67,-10.1387,-20.2705,1256678624.0,30.0591,HARD_REJECT,price_too_high,trend_unconfirmed,price_too_high;trend_unconfirmed
1114,000880,潍柴重机,C34通用设备制造业,baostock.query_stock_industry,2026-07-06,2026-07-10,24.18,0.74,0.052,10.0091,23.94,28.07,29.82,33.15,-2.2802,-1.1516,NONE,1.14,-0.5609,-16.7933,402379723.0,30.0555,LOW_PRIORITY,,falling_knife;trend_unconfirmed,falling_knife;trend_unconfirmed
1115,002438,江苏神通,C34通用设备制造业,baostock.query_stock_industry,2026-07-06,2026-07-10,13.43,0.6264,0.128,6.3341,14.7,16.05,16.64,15.28,-3.7557,-1.6489,NONE,0.67,-11.1766,-25.3407,152770497.4,30.0474,LOW_PRIORITY,,trend_unconfirmed,trend_unconfirmed
1116,002169,智光电气,C38电气机械和器材制造业,baostock.query_stock_industry,2026-07-06,2026-07-10,13.16,0.9128,0.636,120.4355,14.33,14.88,14.37,10.91,-3.4665,-0.8166,NONE,0.81,-13.4017,-17.2237,520715760.9,30.0375,HARD_REJECT,price_too_high,trend_unconfirmed,price_too_high;trend_unconfirmed
1117,002963,豪尔赛,E50建筑装饰、装修和其他建筑业,baostock.query_stock_industry,2026-07-06,2026-07-10,19.45,0.988,0.944,55.9743,20.21,18.27,16.74,15.59,1.3361,2.0039,NONE,1.72,2.2016,28.5122,154804081.95,30.0346,HARD_REJECT,price_too_high,trend_unconfirmed,price_too_high;trend_unconfirmed
1118,000878,云南铜业,C32有色金属冶炼和压延加工业,baostock.query_stock_industry,2026-07-06,2026-07-10,15.24,0.8248,0.228,19.9056,16.71,18.04,20.03,17.98,-1.4219,-1.4762,NONE,0.82,-6.5347,-24.181,1040842378.25,30.0284,HARD_REJECT,price_too_high,trend_unconfirmed,price_too_high;trend_unconfirmed
1119,002222,福晶科技,C39计算机、通信和其他电子设备制造业,baostock.query_stock_industry,2026-07-06,2026-07-10,77.45,0.9504,0.752,135.5535,89.81,94.87,81.97,63.2,-3.1373,-0.3812,NONE,6.91,-15.9383,-14.7926,2952547179.85,30.0269,HARD_REJECT,price_too_high,trend_unconfirmed,price_too_high;trend_unconfirmed
1120,000777,中核科技,C34通用设备制造业,baostock.query_stock_industry,2026-07-06,2026-07-10,17.01,0.6784,0.04,6.3125,18.25,19.13,22.07,21.75,0.8457,-2.1943,NONE,1.01,5.0016,-28.8001,450078347.8,29.9965,LOW_PRIORITY,,trend_unconfirmed,trend_unconfirmed
1121,002283,天润工业,C36汽车制造业,baostock.query_stock_industry,2026-07-06,2026-07-10,9.3,0.8848,0.692,57.8947,9.87,10.83,9.71,7.99,-0.5791,-0.3038,NONE,0.69,0.5511,-17.1098,388066852.45,29.9464,HARD_REJECT,price_too_high,trend_unconfirmed,price_too_high;trend_unconfirmed
1122,002670,国盛证券,J67资本市场服务,baostock.query_stock_industry,2026-07-06,2026-07-10,11.56,0.6816,0.072,5.4745,11.8,12.22,13.95,16.14,0.9752,-1.8143,NONE,0.62,2.2734,-25.6872,442241860.05,29.943,LOW_PRIORITY,,trend_unconfirmed,trend_unconfirmed
1123,001288,运机集团,C34通用设备制造业,baostock.query_stock_industry,2026-07-06,2026-07-10,23.29,0.5975,0.148,18.8265,25.21,26.42,29.83,27.95,-0.8321,-1.2781,NONE,1.44,-5.3883,-18.3339,113866467.5,29.9309,LOW_PRIORITY,,trend_unconfirmed,trend_unconfirmed
1124,002083,孚日股份,C17纺织业,baostock.query_stock_industry,2026-07-06,2026-07-10,9.3,0.8768,0.384,94.9686,10.52,10.65,11.22,9.02,1.1444,-2.1717,NONE,0.79,1.9078,-34.0325,805135583.2,29.8875,HARD_REJECT,price_too_high,trend_unconfirmed,price_too_high;trend_unconfirmed
1125,003010,若羽臣,I64互联网和相关服务,baostock.query_stock_industry,2026-07-06,2026-07-10,22.69,0.6104,0.016,3.4184,23.77,26.71,30.03,38.12,-0.5501,-2.6612,NONE,1.06,-6.9265,-32.1956,155873559.65,29.8843,LOW_PRIORITY,,falling_knife;trend_unconfirmed,falling_knife;trend_unconfirmed
1126,000623,吉林敖东,C27医药制造业,baostock.query_stock_industry,2026-07-06,2026-07-10,17.64,0.7688,0.148,6.7797,17.99,17.9,18.4,19.01,1.7788,0.013,NONE,0.61,4.1915,-7.7232,294680232.9,29.827,HARD_REJECT,price_too_high,trend_unconfirmed,price_too_high;trend_unconfirmed
1127,000901,航天科技,C36汽车制造业,baostock.query_stock_industry,2026-07-06,2026-07-10,17.93,0.8608,0.304,48.5501,17.61,20.22,22.86,20.46,-2.0386,-2.2135,NONE,0.94,0.1032,-24.9216,443500680.85,29.8174,HARD_REJECT,price_too_high,trend_unconfirmed,price_too_high;trend_unconfirmed
1128,002001,新 和 成,C27医药制造业,baostock.query_stock_industry,2026-07-06,2026-07-10,28.7,0.8024,0.624,34.6786,29.45,31.61,31.72,27.59,-1.0167,-2.0248,NONE,1.43,-3.725,-29.4403,1188957636.9,29.7835,HARD_REJECT,price_too_high,trend_unconfirmed,price_too_high;trend_unconfirmed
1129,002831,裕同科技,C22造纸和纸制品业,baostock.query_stock_industry,2026-07-06,2026-07-10,28.93,0.6824,0.536,25.6733,32.65,36.25,33.84,30.08,1.2528,-1.6119,NONE,2.18,-6.209,-26.9565,637377599.05,29.7835,LOW_PRIORITY,,trend_unconfirmed,trend_unconfirmed
1130,002149,西部材料,C32有色金属冶炼和压延加工业,baostock.query_stock_industry,2026-07-06,2026-07-10,45.2,0.916,0.58,179.703,50.97,59.66,53.6,36.99,-8.1957,-0.4117,NONE,3.57,-28.2781,-4.9838,2692549382.35,29.7738,HARD_REJECT,price_too_high,trend_unconfirmed,price_too_high;trend_unconfirmed
1131,002931,锋龙股份,C35专用设备制造业,baostock.query_stock_industry,2026-07-06,2026-07-10,58.64,0.9272,0.636,303.3012,69.06,64.35,66.98,40.82,0.494,-0.0166,NONE,6.31,-10.9286,-22.69,1323897781.3,29.7381,HARD_REJECT,price_too_high,trend_unconfirmed,price_too_high;trend_unconfirmed
1132,000795,英洛华,C30非金属矿物制品业,baostock.query_stock_industry,2026-07-06,2026-07-10,8.62,0.6584,0.032,4.8662,9.23,9.21,9.54,10.18,-0.939,-0.3407,NONE,0.6,-7.0001,-12.0436,390369643.9,29.7287,LOW_PRIORITY,,trend_unconfirmed,trend_unconfirmed
1133,002534,西子洁能,C34通用设备制造业,baostock.query_stock_industry,2026-07-06,2026-07-10,17.51,0.7016,0.592,54.1373,19.16,18.86,18.47,16.77,-2.4187,-0.1905,NONE,1.3,-10.3498,-9.374,394486273.4,29.7153,LOW_PRIORITY,,trend_unconfirmed,trend_unconfirmed
1134,002943,宇晶股份,C34通用设备制造业,baostock.query_stock_industry,2026-07-06,2026-07-10,43.56,0.7184,0.524,72.9258,47.87,62.87,61.77,47.28,-6.4111,-0.6073,NONE,4.53,-14.538,-19.4552,737294901.55,29.7007,LOW_PRIORITY,,trend_unconfirmed,trend_unconfirmed
1135,002648,卫星化学,C26化学原料和化学制品制造业,baostock.query_stock_industry,2026-07-06,2026-07-10,22.68,0.6752,0.612,39.3977,23.81,25.39,24.85,21.41,-0.5929,-1.7851,NONE,1.54,-5.046,-29.5576,2252918327.45,29.6396,LOW_PRIORITY,,trend_unconfirmed,trend_unconfirmed
1136,002871,伟隆股份,C34通用设备制造业,baostock.query_stock_industry,2026-07-06,2026-07-10,19.86,0.9472,0.736,90.595,20.88,20.31,19.72,17.26,-0.6402,1.5077,NONE,1.58,-6.7394,13.1506,232625129.55,29.6193,HARD_REJECT,price_too_high,trend_unconfirmed,price_too_high;trend_unconfirmed
1137,002927,泰永长征,C38电气机械和器材制造业,baostock.query_stock_industry,2026-07-06,2026-07-10,17.3,0.8824,0.428,20.8945,19.75,19.86,19.78,18.22,-2.9483,-0.0034,NONE,1.23,-6.9815,-0.6545,304633484.5,29.587,HARD_REJECT,price_too_high,trend_unconfirmed,price_too_high;trend_unconfirmed
1138,000922,佳电股份,C38电气机械和器材制造业,baostock.query_stock_industry,2026-07-06,2026-07-10,12.16,0.7208,0.252,9.4509,13.51,13.98,14.25,13.31,0.5059,-0.6373,NONE,0.67,-0.2302,-15.2842,354624094.5,29.5829,LOW_PRIORITY,,trend_unconfirmed,trend_unconfirmed
1139,002903,宇环数控,C34通用设备制造业,baostock.query_stock_industry,2026-07-06,2026-07-10,33.36,0.9608,0.804,72.0474,45.47,42.58,34.08,28.0,-4.6717,1.5554,NONE,3.3,-26.2771,0.1758,433134304.15,29.5654,HARD_REJECT,price_too_high,trend_unconfirmed,price_too_high;trend_unconfirmed
1140,001337,四川黄金,B09有色金属矿采选业,baostock.query_stock_industry,2026-07-06,2026-07-10,37.88,0.8598,0.584,63.6285,39.46,47.39,48.45,37.03,-3.0192,-2.0176,NONE,2.33,-7.5949,-27.0487,509479386.55,29.5632,HARD_REJECT,price_too_high,trend_unconfirmed,price_too_high;trend_unconfirmed
1141,002785,万里石,C30非金属矿物制品业,baostock.query_stock_industry,2026-07-06,2026-07-10,36.43,0.8712,0.412,32.0406,41.46,44.94,43.66,38.07,-0.3617,-0.1359,NONE,2.83,-8.3772,-12.97,391082718.25,29.5078,HARD_REJECT,price_too_high,trend_unconfirmed,price_too_high;trend_unconfirmed
1142,002413,雷科防务,C39计算机、通信和其他电子设备制造业,baostock.query_stock_industry,2026-07-06,2026-07-10,9.62,0.9024,0.512,82.8897,9.73,11.42,12.88,9.69,-2.8126,-2.9372,NONE,0.61,-5.7796,-30.9425,665031478.15,29.4278,HARD_REJECT,price_too_high,trend_unconfirmed,price_too_high;trend_unconfirmed
1143,002048,宁波华翔,C36汽车制造业,baostock.query_stock_industry,2026-07-06,2026-07-10,23.04,0.8072,0.172,28.8591,24.98,26.92,28.32,27.93,-3.7238,-0.9086,NONE,1.54,-17.9836,-18.7832,722859183.75,29.4233,HARD_REJECT,price_too_high,trend_unconfirmed,price_too_high;trend_unconfirmed
1144,002015,协鑫能科,D44电力、热力生产和供应业,baostock.query_stock_industry,2026-07-06,2026-07-10,14.88,0.7696,0.668,51.9918,16.72,19.36,17.03,14.14,-7.1304,-1.197,NONE,1.05,-17.3853,-19.4537,1508853842.65,29.4161,HARD_REJECT,price_too_high,trend_unconfirmed,price_too_high;trend_unconfirmed
1145,002976,瑞玛精密,C33金属制品业,baostock.query_stock_industry,2026-07-06,2026-07-10,26.65,0.7328,0.448,12.6374,28.11,30.75,29.24,27.56,-4.2562,-0.6136,NONE,2.87,-12.1506,-10.3307,392449334.15,29.4126,LOW_PRIORITY,,trend_unconfirmed,trend_unconfirmed
1146,000426,兴业银锡,B09有色金属矿采选业,baostock.query_stock_industry,2026-07-06,2026-07-10,33.0,0.8792,0.396,104.2079,36.12,40.47,44.67,35.55,-1.6944,-1.7981,NONE,2.34,-9.7713,-27.1866,2782880130.5,29.4042,HARD_REJECT,price_too_high,trend_unconfirmed,price_too_high;trend_unconfirmed
1147,000612,焦作万方,C32有色金属冶炼和压延加工业,baostock.query_stock_industry,2026-07-06,2026-07-10,10.01,0.872,0.408,29.4955,10.91,11.96,12.61,10.89,-1.1416,-1.5371,NONE,0.54,-6.6984,-30.3405,527914976.9,29.3961,HARD_REJECT,price_too_high,trend_unconfirmed,price_too_high;trend_unconfirmed
1148,002043,兔 宝 宝,C20木材加工和木、竹、藤、棕、草制品业,baostock.query_stock_industry,2026-07-06,2026-07-10,11.01,0.6328,0.276,13.1552,11.58,13.1,14.26,12.98,-1.7434,-1.7457,NONE,0.52,-5.9862,-25.622,120188346.15,29.3948,LOW_PRIORITY,,trend_unconfirmed,trend_unconfirmed
1149,002115,三维通信,L72商务服务业,baostock.query_stock_industry,2026-07-06,2026-07-10,10.95,0.8552,0.276,32.0869,10.81,12.41,13.25,11.91,-3.7301,-1.3536,NONE,0.5,-4.6648,-14.3844,364453014.3,29.3711,HARD_REJECT,price_too_high,trend_unconfirmed,price_too_high;trend_unconfirmed
1150,000767,晋控电力,D44电力、热力生产和供应业,baostock.query_stock_industry,2026-07-06,2026-07-10,3.47,0.7424,0.636,24.3728,4.07,4.44,3.98,3.47,-8.1856,-0.355,NONE,0.2,-26.3649,-11.1542,786097076.0,29.3481,LOW_PRIORITY,,trend_unconfirmed,trend_unconfirmed
1151,002249,大洋电机,C38电气机械和器材制造业,baostock.query_stock_industry,2026-07-06,2026-07-10,7.32,0.7544,0.132,11.9266,7.85,8.75,9.52,9.51,-1.3693,-1.383,NONE,0.41,-8.0625,-25.893,480735429.15,29.3265,HARD_REJECT,price_too_high,falling_knife;trend_unconfirmed,falling_knife;price_too_high;trend_unconfirmed
1152,002378,章源钨业,C32有色金属冶炼和压延加工业,baostock.query_stock_industry,2026-07-06,2026-07-10,27.37,0.9232,0.616,247.335,34.08,32.02,31.0,21.14,-1.7488,-0.8299,NONE,2.71,-19.9252,-17.9567,3458721024.3,29.3118,HARD_REJECT,price_too_high,trend_unconfirmed,price_too_high;trend_unconfirmed
1153,003816,中国广核,D44电力、热力生产和供应业,baostock.query_stock_industry,2026-07-06,2026-07-10,3.86,0.7272,0.448,7.2222,4.01,4.38,4.25,4.02,-2.4073,-1.1839,NONE,0.1,-10.2731,-17.8867,428592241.4,29.3044,LOW_PRIORITY,,trend_unconfirmed,trend_unconfirmed
1154,002051,中工国际,E48土木工程建筑业,baostock.query_stock_industry,2026-07-06,2026-07-10,8.95,0.764,0.58,10.9046,11.42,11.24,10.1,9.37,-5.118,-1.1076,NONE,0.88,-24.8151,-13.4785,984764189.5,29.2706,HARD_REJECT,price_too_high,trend_unconfirmed,price_too_high;trend_unconfirmed
1155,002700,万憬能源,D45燃气生产和供应业,baostock.query_stock_industry,2026-07-06,2026-07-10,5.73,0.5632,0.008,0.703,7.21,7.23,7.15,7.25,-8.5462,-0.9412,NONE,0.58,-33.2586,-18.7835,171692054.3,29.2678,LOW_PRIORITY,,falling_knife;trend_unconfirmed,falling_knife;trend_unconfirmed
1156,001896,豫能控股,D44电力、热力生产和供应业,baostock.query_stock_industry,2026-07-06,2026-07-10,14.32,0.9416,0.708,203.3898,17.98,17.53,14.23,9.77,-7.6046,0.7405,NONE,1.56,-33.7955,-5.0583,2977867877.6,29.2146,HARD_REJECT,price_too_high,trend_unconfirmed,price_too_high;trend_unconfirmed
1157,002792,通宇通讯,C39计算机、通信和其他电子设备制造业,baostock.query_stock_industry,2026-07-06,2026-07-10,34.4,0.9,0.5,132.1188,35.09,42.57,44.91,32.6,-4.6927,-2.7089,NONE,2.13,-10.6653,-28.3444,894928226.8,29.199,HARD_REJECT,price_too_high,trend_unconfirmed,price_too_high;trend_unconfirmed
1158,002284,亚太股份,C36汽车制造业,baostock.query_stock_industry,2026-07-06,2026-07-10,9.47,0.6104,0.016,2.4892,9.98,11.85,13.75,13.13,-2.918,-3.001,NONE,0.43,-10.2532,-38.3486,163193268.0,29.1595,LOW_PRIORITY,,falling_knife;trend_unconfirmed,falling_knife;trend_unconfirmed
1159,000547,航天发展,C39计算机、通信和其他电子设备制造业,baostock.query_stock_industry,2026-07-06,2026-07-10,18.17,0.844,0.444,142.9144,18.76,22.34,25.97,18.67,-3.2448,-3.467,NONE,1.24,-4.5075,-35.6601,2115173606.85,29.0832,HARD_REJECT,price_too_high,trend_unconfirmed,price_too_high;trend_unconfirmed
1160,000559,万向钱潮,C36汽车制造业,baostock.query_stock_industry,2026-07-06,2026-07-10,12.02,0.876,0.38,59.6282,13.13,15.31,16.45,13.39,-3.4653,-1.8013,NONE,0.73,-10.3192,-30.0065,797454172.1,29.0674,HARD_REJECT,price_too_high,trend_unconfirmed,price_too_high;trend_unconfirmed
1161,000833,粤桂股份,S91综合,baostock.query_stock_industry,2026-07-06,2026-07-10,20.64,0.9048,0.524,73.0092,23.26,24.98,24.19,19.74,-2.8523,-0.7863,NONE,1.19,-23.9495,-17.0502,994317720.95,29.0,HARD_REJECT,price_too_high,trend_unconfirmed,price_too_high;trend_unconfirmed
1162,002130,沃尔核材,C39计算机、通信和其他电子设备制造业,baostock.query_stock_industry,2026-07-06,2026-07-10,17.62,0.6776,0.02,1.7909,18.88,21.44,24.18,25.19,-2.2116,-2.4956,NONE,1.0,-6.8843,-34.3184,824867469.3,28.9797,LOW_PRIORITY,,falling_knife;trend_unconfirmed,falling_knife;trend_unconfirmed
1163,000859,国风新材,C29橡胶和塑料制品业,baostock.query_stock_industry,2026-07-06,2026-07-10,8.62,0.8824,0.412,36.6086,10.32,10.06,10.47,8.96,-5.1688,-0.7706,NONE,0.69,-26.4195,-14.8288,697227447.85,28.9752,HARD_REJECT,price_too_high,trend_unconfirmed,price_too_high;trend_unconfirmed
1164,002028,思源电气,C38电气机械和器材制造业,baostock.query_stock_industry,2026-07-06,2026-07-10,151.73,0.8928,0.464,116.7881,174.58,192.07,197.75,153.34,-2.1676,-1.8104,NONE,10.95,-13.0958,-28.7768,2202884290.45,28.9127,HARD_REJECT,price_too_high,trend_unconfirmed,price_too_high;trend_unconfirmed
1165,002432,九安医疗,C35专用设备制造业,baostock.query_stock_industry,2026-07-06,2026-07-10,58.8,0.8416,0.692,61.8052,66.39,73.03,63.48,51.25,-2.4429,-3.0387,NONE,4.21,-6.0728,-36.006,1432056350.8,28.8921,HARD_REJECT,price_too_high,trend_unconfirmed,price_too_high;trend_unconfirmed
1166,002204,大连重工,C34通用设备制造业,baostock.query_stock_industry,2026-07-06,2026-07-10,5.2,0.5936,0.016,1.5625,5.4,6.06,6.62,6.63,-2.0754,-2.1091,NONE,0.17,-7.9536,-27.2824,116442468.75,28.8838,LOW_PRIORITY,,falling_knife;trend_unconfirmed,falling_knife;trend_unconfirmed
1167,002582,好想你,C13农副食品加工业,baostock.query_stock_industry,2026-07-06,2026-07-10,8.85,0.6224,0.036,4.7337,8.96,10.68,11.41,10.71,-1.6301,-2.0766,NONE,0.32,-6.3538,-28.9218,115450006.65,28.8399,LOW_PRIORITY,,trend_unconfirmed,trend_unconfirmed
1168,002365,永安药业,C27医药制造业,baostock.query_stock_industry,2026-07-06,2026-07-10,10.46,0.5488,0.02,3.7698,10.69,12.06,13.34,16.16,-1.5514,-2.364,NONE,0.54,-5.2594,-29.6126,114427140.2,28.8388,LOW_PRIORITY,,falling_knife;trend_unconfirmed,falling_knife;trend_unconfirmed
1169,002195,岩山科技,I64互联网和相关服务,baostock.query_stock_industry,2026-07-06,2026-07-10,6.34,0.8288,0.164,17.1904,6.7,7.83,8.92,7.92,-3.2365,-2.9188,NONE,0.3,-7.8005,-34.8399,991626556.1,28.836,HARD_REJECT,price_too_high,falling_knife;trend_unconfirmed,falling_knife;price_too_high;trend_unconfirmed
1170,000975,山金国际,B09有色金属矿采选业,baostock.query_stock_industry,2026-07-06,2026-07-10,20.03,0.82,0.228,19.3683,19.52,23.63,27.29,24.06,-1.3021,-3.7528,NONE,1.31,-3.6988,-39.1895,1278380530.65,28.8112,HARD_REJECT,price_too_high,trend_unconfirmed,price_too_high;trend_unconfirmed
1171,000791,甘肃能源,D44电力、热力生产和供应业,baostock.query_stock_industry,2026-07-06,2026-07-10,7.28,0.9216,0.66,15.3724,8.02,8.63,8.03,7.34,-3.3339,0.1489,NONE,0.37,-12.9614,-13.4338,375925743.4,28.7974,HARD_REJECT,price_too_high,trend_unconfirmed,price_too_high;trend_unconfirmed
1172,002009,天奇股份,C35专用设备制造业,baostock.query_stock_industry,2026-07-06,2026-07-10,18.62,0.7928,0.488,23.5567,20.15,22.92,24.77,20.78,-3.2624,-1.9533,NONE,1.23,-8.6279,-29.0491,465235937.4,28.7823,HARD_REJECT,price_too_high,trend_unconfirmed,price_too_high;trend_unconfirmed
1173,000972,中基健康,C13农副食品加工业,baostock.query_stock_industry,2026-07-06,2026-07-10,3.58,0.6928,0.268,20.1342,3.47,3.68,3.72,3.77,0.4482,-0.5724,WEAK,0.17,1.3753,-13.121,30221337.65,28.7636,LOW_PRIORITY,,,
1174,001266,宏英智能,C40仪器仪表制造业,baostock.query_stock_industry,2026-07-06,2026-07-10,40.4,0.9027,0.812,55.5641,47.73,44.85,39.41,34.49,-1.37,2.0159,NONE,2.82,-12.6366,15.0575,212237487.75,28.7599,HARD_REJECT,price_too_high,trend_unconfirmed,price_too_high;trend_unconfirmed
1175,000534,万泽股份,C27医药制造业,baostock.query_stock_industry,2026-07-06,2026-07-10,29.11,0.92,0.6,106.1615,29.91,35.04,34.95,26.1,-0.3365,-2.6099,NONE,2.02,-2.3646,-41.1236,684200719.1,28.7512,HARD_REJECT,price_too_high,trend_unconfirmed,price_too_high;trend_unconfirmed
1176,000430,张家界,N78公共设施管理业,baostock.query_stock_industry,2026-07-06,2026-07-10,6.88,0.528,0.012,2.0772,7.38,7.68,7.52,7.67,-3.3709,-0.5034,NONE,0.4,-10.5457,-13.9051,89187049.35,28.7429,LOW_PRIORITY,,trend_unconfirmed,trend_unconfirmed
1177,002098,浔兴股份,C41其他制造业,baostock.query_stock_industry,2026-07-06,2026-07-10,6.46,0.4432,0.012,1.5723,6.7,7.68,8.75,9.15,-2.075,-2.625,NONE,0.27,-9.0252,-32.4961,22688297.2,28.6968,LOW_PRIORITY,,falling_knife;trend_unconfirmed,falling_knife;trend_unconfirmed
1178,000558,天府文旅,N78公共设施管理业,baostock.query_stock_industry,2026-07-06,2026-07-10,3.27,0.6032,0.04,5.1447,3.39,3.8,4.38,5.03,-3.1798,-2.706,NONE,0.15,-17.6792,-31.4427,149794830.75,28.6919,LOW_PRIORITY,,falling_knife;trend_unconfirmed,falling_knife;trend_unconfirmed
1179,000029,深深房Ａ,K70房地产业,baostock.query_stock_industry,2026-07-06,2026-07-10,22.62,0.8912,0.456,22.868,24.63,23.88,22.54,23.7,-1.6983,1.0159,NONE,1.63,-12.4656,9.4635,231296548.95,28.6492,HARD_REJECT,price_too_high,trend_unconfirmed,price_too_high;trend_unconfirmed
1180,000158,常山北明,I65软件和信息技术服务业,baostock.query_stock_industry,2026-07-06,2026-07-10,13.38,0.6672,0.048,6.6986,13.67,15.69,17.73,20.46,-3.325,-2.346,NONE,0.61,-11.6326,-28.2379,467614366.55,28.5897,LOW_PRIORITY,,falling_knife;trend_unconfirmed,falling_knife;trend_unconfirmed
1181,002922,伊戈尔,C38电气机械和器材制造业,baostock.query_stock_industry,2026-07-06,2026-07-10,28.72,0.876,0.392,83.9846,32.75,38.19,39.36,31.19,-4.1434,-1.6193,NONE,2.14,-17.088,-28.4549,779283192.65,28.5457,HARD_REJECT,price_too_high,trend_unconfirmed,price_too_high;trend_unconfirmed
1182,002235,安妮股份,C22造纸和纸制品业,baostock.query_stock_industry,2026-07-06,2026-07-10,8.68,0.832,0.352,21.3986,8.61,9.86,10.11,9.4,-3.1058,-1.0337,NONE,0.58,-8.6748,-14.8569,333879270.1,28.4694,HARD_REJECT,price_too_high,trend_unconfirmed,price_too_high;trend_unconfirmed
1183,000815,美利云,C22造纸和纸制品业,baostock.query_stock_industry,2026-07-06,2026-07-10,14.07,0.8272,0.576,30.037,15.15,17.89,16.88,14.68,-3.4327,-2.8129,NONE,0.94,-11.4641,-35.0551,818449258.15,28.4481,HARD_REJECT,price_too_high,trend_unconfirmed,price_too_high;trend_unconfirmed
1184,002970,锐明技术,I65软件和信息技术服务业,baostock.query_stock_industry,2026-07-06,2026-07-10,58.86,0.924,0.624,37.4591,58.87,64.79,65.9,56.45,-4.0286,-1.3135,NONE,3.64,-9.227,-9.0676,299724718.85,28.4377,HARD_REJECT,price_too_high,trend_unconfirmed,price_too_high;trend_unconfirmed
1185,002625,光启技术,C37铁路、船舶、航空航天和其他运输设备制造业,baostock.query_stock_industry,2026-07-06,2026-07-10,29.86,0.6656,0.016,2.93,32.31,37.17,41.26,43.76,-4.6645,-1.8719,NONE,1.68,-19.3904,-27.475,1296412290.2,28.4135,LOW_PRIORITY,,falling_knife;trend_unconfirmed,falling_knife;trend_unconfirmed
1186,002708,光洋股份,C36汽车制造业,baostock.query_stock_industry,2026-07-06,2026-07-10,11.3,0.7904,0.132,8.9682,13.33,14.06,13.6,12.99,-5.0835,-0.6055,NONE,0.92,-19.3674,-18.8277,432848970.0,28.3525,HARD_REJECT,price_too_high,trend_unconfirmed,price_too_high;trend_unconfirmed
1187,000933,神火股份,C32有色金属冶炼和压延加工业,baostock.query_stock_industry,2026-07-06,2026-07-10,23.49,0.8616,0.364,39.6552,23.03,28.38,30.4,26.0,-4.7269,-3.23,NONE,1.14,-13.5634,-33.9567,1526932951.0,28.348,HARD_REJECT,price_too_high,trend_unconfirmed,price_too_high;trend_unconfirmed
1188,002716,湖南白银,C32有色金属冶炼和压延加工业,baostock.query_stock_industry,2026-07-06,2026-07-10,7.93,0.9056,0.528,98.7469,8.53,10.07,11.86,8.79,-2.0734,-3.1766,NONE,0.49,-9.9514,-37.6829,1120868375.1,28.3366,HARD_REJECT,price_too_high,trend_unconfirmed,price_too_high;trend_unconfirmed
1189,002498,汉缆股份,C38电气机械和器材制造业,baostock.query_stock_industry,2026-07-06,2026-07-10,6.08,0.9248,0.624,79.8817,6.89,8.16,7.68,5.59,-4.9997,-1.6193,NONE,0.31,-17.4488,-25.4727,469171875.95,28.3021,HARD_REJECT,price_too_high,trend_unconfirmed,price_too_high;trend_unconfirmed
1190,002545,东方铁塔,C26化学原料和化学制品制造业,baostock.query_stock_industry,2026-07-06,2026-07-10,16.53,0.8672,0.336,83.6667,18.03,21.23,23.09,18.22,-3.4642,-2.0414,NONE,1.04,-16.1486,-32.2504,589896986.55,28.2601,HARD_REJECT,price_too_high,trend_unconfirmed,price_too_high;trend_unconfirmed
1191,002270,华明装备,C38电气机械和器材制造业,baostock.query_stock_industry,2026-07-06,2026-07-10,18.19,0.74,0.116,11.9385,19.71,22.67,26.74,24.13,-1.0071,-3.2148,NONE,1.09,-1.912,-37.9498,437868763.4,28.2462,LOW_PRIORITY,,falling_knife;trend_unconfirmed,falling_knife;trend_unconfirmed
1192,002248,华东数控,C34通用设备制造业,baostock.query_stock_industry,2026-07-06,2026-07-10,8.84,0.5144,0.04,2.0785,9.23,11.06,11.98,11.42,-2.5197,-2.5528,NONE,0.42,-7.468,-34.1635,114073507.8,28.1484,LOW_PRIORITY,,falling_knife;trend_unconfirmed,falling_knife;trend_unconfirmed
1193,002952,亚世光电,C39计算机、通信和其他电子设备制造业,baostock.query_stock_industry,2026-07-06,2026-07-10,20.02,0.5888,0.152,8.2747,22.07,25.49,24.69,22.57,-3.5641,-1.9711,NONE,1.18,-14.1157,-27.8168,114311119.4,28.128,LOW_PRIORITY,,trend_unconfirmed,trend_unconfirmed
1194,000036,华联控股,K70房地产业,baostock.query_stock_industry,2026-07-06,2026-07-10,4.1,0.5848,0.208,13.5734,4.61,5.11,5.32,4.87,-4.6225,-1.205,NONE,0.19,-18.6496,-24.6672,117567550.2,28.1206,LOW_PRIORITY,,trend_unconfirmed,trend_unconfirmed
1195,000592,平潭发展,C20木材加工和木、竹、藤、棕、草制品业,baostock.query_stock_industry,2026-07-06,2026-07-10,6.11,0.8696,0.348,105.0336,6.91,9.02,10.26,8.25,-5.5537,-5.0773,NONE,0.46,-18.7433,-52.1669,824086350.25,28.1,HARD_REJECT,price_too_high,falling_knife;trend_unconfirmed,falling_knife;price_too_high;trend_unconfirmed
1196,000603,盛达资源,B09有色金属矿采选业,baostock.query_stock_industry,2026-07-06,2026-07-10,22.6,0.8568,0.284,53.7415,24.66,31.76,38.7,30.11,-5.2431,-4.5348,NONE,1.87,-20.3073,-49.0959,1049263084.65,28.1,HARD_REJECT,price_too_high,falling_knife;trend_unconfirmed,falling_knife;price_too_high;trend_unconfirmed
1197,000688,国城矿业,B09有色金属矿采选业,baostock.query_stock_industry,2026-07-06,2026-07-10,31.07,0.9248,0.624,140.2939,36.58,41.08,37.12,27.21,-5.0666,-1.5504,NONE,2.88,-32.7539,-35.5882,1236875190.75,28.1,HARD_REJECT,price_too_high,trend_unconfirmed,price_too_high;trend_unconfirmed
1198,000766,通化金马,C27医药制造业,baostock.query_stock_industry,2026-07-06,2026-07-10,16.5,0.6576,0.012,6.658,21.23,22.9,22.89,24.37,-9.2326,-1.7955,NONE,1.73,-36.0677,-31.5217,617876292.0,28.1,LOW_PRIORITY,,falling_knife;trend_unconfirmed,falling_knife;trend_unconfirmed
1199,000792,盐湖股份,C26化学原料和化学制品制造业,baostock.query_stock_industry,2026-07-06,2026-07-10,25.4,0.6544,0.392,49.3239,29.56,32.79,34.17,28.0,-1.8051,-2.5462,NONE,1.68,-17.7857,-38.5624,3200175515.45,28.1,LOW_PRIORITY,,trend_unconfirmed,trend_unconfirmed
1200,000807,云铝股份,C32有色金属冶炼和压延加工业,baostock.query_stock_industry,2026-07-06,2026-07-10,23.15,0.8728,0.364,48.8746,23.7,28.72,30.55,25.93,-4.5097,-3.3435,NONE,1.25,-16.2943,-37.0589,2222616763.6,28.1,HARD_REJECT,price_too_high,trend_unconfirmed,price_too_high;trend_unconfirmed
1201,000893,亚钾国际,C26化学原料和化学制品制造业,baostock.query_stock_industry,2026-07-06,2026-07-10,39.65,0.8512,0.28,31.6401,42.88,47.86,53.18,45.64,-2.9327,-3.3471,NONE,2.37,-13.3951,-38.1959,786059101.25,28.1,HARD_REJECT,price_too_high,trend_unconfirmed,price_too_high;trend_unconfirmed
1202,000973,佛塑科技,C29橡胶和塑料制品业,baostock.query_stock_industry,2026-07-06,2026-07-10,12.15,0.884,0.42,83.8124,14.48,16.25,15.49,12.18,-1.5631,-2.4823,NONE,0.89,-14.5252,-41.6755,934542392.15,28.1,HARD_REJECT,price_too_high,trend_unconfirmed,price_too_high;trend_unconfirmed
1203,000981,山子高科,C36汽车制造业,baostock.query_stock_industry,2026-07-06,2026-07-10,2.74,0.7704,0.228,36.3184,2.98,3.57,4.09,3.57,-4.9379,-3.2796,NONE,0.15,-14.0497,-37.9289,737800331.1,28.1,HARD_REJECT,price_too_high,falling_knife;trend_unconfirmed,falling_knife;price_too_high;trend_unconfirmed
1204,001203,大中矿业,B08黑色金属矿采选业,baostock.query_stock_industry,2026-07-06,2026-07-10,28.9,0.8968,0.484,201.9854,32.58,39.55,37.21,27.13,-6.4953,-1.9204,NONE,2.41,-30.9775,-36.7047,1207889163.2,28.1,HARD_REJECT,price_too_high,trend_unconfirmed,price_too_high;trend_unconfirmed
1205,002131,利欧股份,L72商务服务业,baostock.query_stock_industry,2026-07-06,2026-07-10,4.61,0.8304,0.18,36.7953,4.86,6.09,7.21,5.99,-5.4188,-4.5795,NONE,0.27,-13.6683,-47.1667,1521128721.25,28.1,HARD_REJECT,price_too_high,falling_knife;trend_unconfirmed,falling_knife;price_too_high;trend_unconfirmed
1206,002181,粤 传 媒,L72商务服务业,baostock.query_stock_industry,2026-07-06,2026-07-10,9.1,0.88,0.412,35.6185,10.27,13.79,12.55,10.34,-13.4533,-2.204,NONE,0.5,-38.4656,-33.4509,698231291.4,28.1,HARD_REJECT,price_too_high,trend_unconfirmed,price_too_high;trend_unconfirmed
1207,002361,神剑股份,C26化学原料和化学制品制造业,baostock.query_stock_industry,2026-07-06,2026-07-10,12.73,0.92,0.6,108.347,14.13,17.29,15.49,11.19,-9.3719,-2.0066,NONE,1.03,-28.4431,-28.2062,2033269687.9,28.1,HARD_REJECT,price_too_high,trend_unconfirmed,price_too_high;trend_unconfirmed
1208,002379,宏桥控股,C32有色金属冶炼和压延加工业,baostock.query_stock_industry,2026-07-06,2026-07-10,14.45,0.8152,0.076,12.3639,15.62,20.53,24.95,21.62,-4.6331,-5.4472,NONE,0.81,-16.2608,-52.992,540797077.0,28.1,HARD_REJECT,price_too_high,falling_knife;trend_unconfirmed,falling_knife;price_too_high;trend_unconfirmed
1209,002487,大金重工,C33金属制品业,baostock.query_stock_industry,2026-07-06,2026-07-10,46.21,0.8,0.288,47.1656,55.59,70.39,68.36,55.29,-5.1661,-3.0504,NONE,2.91,-22.2924,-47.0372,1222045096.7,28.1,HARD_REJECT,price_too_high,trend_unconfirmed,price_too_high;trend_unconfirmed
1210,002532,天山铝业,C32有色金属冶炼和压延加工业,baostock.query_stock_industry,2026-07-06,2026-07-10,11.17,0.8328,0.264,33.1347,11.72,14.74,16.38,13.96,-4.5362,-3.9451,NONE,0.64,-18.0148,-42.4815,1398991619.75,28.1,HARD_REJECT,price_too_high,falling_knife;trend_unconfirmed,falling_knife;price_too_high;trend_unconfirmed
1211,002565,顺灏股份,C22造纸和纸制品业,baostock.query_stock_industry,2026-07-06,2026-07-10,11.15,0.8888,0.444,81.3008,12.33,15.86,16.06,12.33,-7.8191,-2.9689,NONE,0.79,-19.7454,-36.5288,887682469.45,28.1,HARD_REJECT,price_too_high,trend_unconfirmed,price_too_high;trend_unconfirmed
1212,002639,雪人集团,C34通用设备制造业,baostock.query_stock_industry,2026-07-06,2026-07-10,12.59,0.852,0.356,21.878,13.67,15.98,18.36,15.58,-3.9075,-3.8997,NONE,0.75,-13.3304,-40.2972,577847104.75,28.1,HARD_REJECT,price_too_high,falling_knife;trend_unconfirmed,falling_knife;price_too_high;trend_unconfirmed
1213,002733,雄韬股份,C38电气机械和器材制造业,baostock.query_stock_industry,2026-07-06,2026-07-10,23.31,0.924,0.628,45.7786,30.8,30.37,26.86,23.35,-6.841,-1.2218,NONE,2.4,-27.0516,-28.8746,949114688.9,28.1,HARD_REJECT,price_too_high,trend_unconfirmed,price_too_high;trend_unconfirmed
1214,002969,嘉美包装,C33金属制品业,baostock.query_stock_industry,2026-07-06,2026-07-10,13.26,0.9136,0.568,291.1504,14.36,18.71,20.26,11.64,-4.1398,-4.1142,NONE,0.74,-12.3176,-52.9297,558607565.2,28.1,HARD_REJECT,price_too_high,trend_unconfirmed,price_too_high;trend_unconfirmed
1215,002296,辉煌科技,C38电气机械和器材制造业,baostock.query_stock_industry,2026-07-06,2026-07-10,8.98,0.608,0.028,4.2973,9.16,10.38,11.58,11.39,-2.3183,-2.0038,NONE,0.41,-5.779,-25.454,89809601.2,28.0958,LOW_PRIORITY,,falling_knife;trend_unconfirmed,falling_knife;trend_unconfirmed
1216,000543,皖能电力,D44电力、热力生产和供应业,baostock.query_stock_industry,2026-07-06,2026-07-10,7.65,0.7128,0.284,8.6648,7.95,8.39,8.39,8.01,-3.1832,-0.4015,NONE,0.23,-12.6666,-10.2219,305601832.8,28.078,LOW_PRIORITY,,trend_unconfirmed,trend_unconfirmed
1217,002165,红 宝 丽,C26化学原料和化学制品制造业,baostock.query_stock_industry,2026-07-06,2026-07-10,5.75,0.6744,0.012,2.3132,6.69,7.8,9.33,9.07,-4.4302,-4.0224,NONE,0.43,-29.7044,-45.9394,512725695.85,28.061,LOW_PRIORITY,,falling_knife;trend_unconfirmed,falling_knife;trend_unconfirmed
1218,002801,微光股份,C38电气机械和器材制造业,baostock.query_stock_industry,2026-07-06,2026-07-10,28.18,0.6416,0.028,4.8363,29.26,31.32,32.77,33.78,-1.5246,-0.6167,NONE,1.42,-3.7347,-14.488,65764087.5,28.0444,LOW_PRIORITY,,trend_unconfirmed,trend_unconfirmed
1219,002591,恒大高新,C26化学原料和化学制品制造业,baostock.query_stock_industry,2026-07-06,2026-07-10,6.18,0.5616,0.188,10.5546,6.56,7.44,7.41,6.93,-4.0713,-0.6429,NONE,0.34,-14.6349,-13.5514,80527349.7,27.9172,LOW_PRIORITY,,trend_unconfirmed,trend_unconfirmed
1220,002128,电投能源,B06煤炭开采和洗选业,baostock.query_stock_industry,2026-07-06,2026-07-10,24.0,0.8616,0.308,26.0504,24.52,28.92,29.65,26.51,-4.4331,-2.2314,NONE,1.06,-17.1889,-28.3399,454641881.9,27.8764,HARD_REJECT,price_too_high,trend_unconfirmed,price_too_high;trend_unconfirmed
1221,002757,南兴股份,C35专用设备制造业,baostock.query_stock_industry,2026-07-06,2026-07-10,18.0,0.784,0.28,15.6812,19.14,23.09,22.34,20.27,-4.8138,-0.8651,NONE,1.06,-14.8555,-16.4572,344132926.45,27.8476,HARD_REJECT,price_too_high,trend_unconfirmed,price_too_high;trend_unconfirmed
1222,000404,长虹华意,C34通用设备制造业,baostock.query_stock_industry,2026-07-06,2026-07-10,7.55,0.9248,0.764,16.5123,7.87,8.2,7.64,7.39,0.1847,0.9458,NONE,0.44,-4.0171,2.9631,187741632.15,27.8024,HARD_REJECT,price_too_high,trend_unconfirmed,price_too_high;trend_unconfirmed
1223,002443,金洲管道,C33金属制品业,baostock.query_stock_industry,2026-07-06,2026-07-10,9.41,0.9424,0.728,48.189,10.43,11.1,10.03,8.75,-3.1394,0.9914,NONE,0.57,-17.6664,-0.6851,263509238.25,27.7742,HARD_REJECT,price_too_high,trend_unconfirmed,price_too_high;trend_unconfirmed
1224,002479,富春环保,D44电力、热力生产和供应业,baostock.query_stock_industry,2026-07-06,2026-07-10,4.86,0.5096,0.112,15.4394,4.52,5.16,5.3,5.24,-2.4293,-2.0229,NONE,0.18,1.6552,-21.7807,63921040.05,27.7352,LOW_PRIORITY,,trend_unconfirmed,trend_unconfirmed
1225,000600,建投能源,D44电力、热力生产和供应业,baostock.query_stock_industry,2026-07-06,2026-07-10,8.03,0.8552,0.28,14.2248,9.22,9.92,9.52,8.74,-6.1747,-0.6776,NONE,0.37,-21.5691,-18.5514,397457195.55,27.7147,HARD_REJECT,price_too_high,trend_unconfirmed,price_too_high;trend_unconfirmed
1226,001268,联合精密,C34通用设备制造业,baostock.query_stock_industry,2026-07-06,2026-07-10,25.6,0.6172,0.024,4.1497,36.89,38.24,35.61,34.01,-6.3531,-0.0597,NONE,3.64,-40.0961,-15.8524,120838806.9,27.5809,LOW_PRIORITY,,falling_knife;trend_unconfirmed,falling_knife;trend_unconfirmed
1227,002150,正泰电源,C38电气机械和器材制造业,baostock.query_stock_industry,2026-07-06,2026-07-10,24.7,0.8936,0.6,108.9679,25.56,28.59,28.38,22.39,-0.6761,-1.911,NONE,1.55,-2.7474,-33.0052,355739001.1,27.5753,HARD_REJECT,price_too_high,trend_unconfirmed,price_too_high;trend_unconfirmed
1228,002471,中超控股,C38电气机械和器材制造业,baostock.query_stock_industry,2026-07-06,2026-07-10,5.82,0.8968,0.496,43.3498,6.28,7.56,8.12,6.49,-6.9588,-3.3758,NONE,0.37,-18.4049,-37.5372,465747018.85,27.5558,HARD_REJECT,price_too_high,trend_unconfirmed,price_too_high;trend_unconfirmed
1229,001208,华菱线缆,C38电气机械和器材制造业,baostock.query_stock_industry,2026-07-06,2026-07-10,15.99,0.8536,0.544,51.4205,14.81,17.36,19.71,16.54,-1.9889,-2.0948,NONE,0.84,0.7964,-19.8753,253050389.85,27.4958,HARD_REJECT,price_too_high,trend_unconfirmed,price_too_high;trend_unconfirmed
1230,002264,新 华 都,I64互联网和相关服务,baostock.query_stock_industry,2026-07-06,2026-07-10,5.93,0.5408,0.044,5.516,5.95,7.06,8.39,7.99,-2.1373,-2.6703,NONE,0.24,-5.9732,-32.0284,90568374.95,27.4566,LOW_PRIORITY,,falling_knife;trend_unconfirmed,falling_knife;trend_unconfirmed
1231,002796,世嘉科技,C39计算机、通信和其他电子设备制造业,baostock.query_stock_industry,2026-07-06,2026-07-10,33.51,0.9064,0.532,195.5026,38.28,46.99,47.88,32.2,-5.0035,-2.8524,NONE,2.92,-17.5987,-37.1176,455470791.25,27.4388,HARD_REJECT,price_too_high,trend_unconfirmed,price_too_high;trend_unconfirmed
1232,002875,安奈儿,C18纺织服装、服饰业,baostock.query_stock_industry,2026-07-06,2026-07-10,13.54,0.5696,0.012,5.6162,15.31,19.81,19.04,17.97,-5.9429,-2.2018,NONE,0.86,-20.0384,-33.7657,117097764.9,27.4336,LOW_PRIORITY,,falling_knife;trend_unconfirmed,falling_knife;trend_unconfirmed
1233,002703,浙江世宝,C36汽车制造业,baostock.query_stock_industry,2026-07-06,2026-07-10,13.47,0.7496,0.36,13.575,14.7,17.51,19.8,16.7,-4.2056,-2.5987,NONE,0.72,-13.3866,-34.7493,434304385.45,27.376,LOW_PRIORITY,,falling_knife;trend_unconfirmed,falling_knife;trend_unconfirmed
1234,000958,电投产融,D44电力、热力生产和供应业,baostock.query_stock_industry,2026-07-06,2026-07-10,5.34,0.6528,0.008,0.3759,5.76,5.96,6.27,6.51,-1.7895,-0.8616,NONE,0.14,-10.4945,-16.749,289361872.25,27.3625,LOW_PRIORITY,,trend_unconfirmed,trend_unconfirmed
1235,000951,中国重汽,C36汽车制造业,baostock.query_stock_industry,2026-07-06,2026-07-10,21.31,0.8688,0.716,30.4162,21.31,22.14,21.38,19.46,-0.8397,-1.166,NONE,1.08,-4.2266,-23.8057,290848864.9,27.3099,HARD_REJECT,price_too_high,trend_unconfirmed,price_too_high;trend_unconfirmed
1236,000042,中洲控股,K70房地产业,baostock.query_stock_industry,2026-07-06,2026-07-10,7.78,0.5064,0.132,9.4233,8.42,9.21,8.96,8.56,-5.0992,-0.9254,NONE,0.62,-14.3835,-15.7222,71219842.1,27.1936,LOW_PRIORITY,,trend_unconfirmed,trend_unconfirmed
1237,002948,青岛银行,J66货币金融服务,baostock.query_stock_industry,2026-07-06,2026-07-10,5.35,0.9528,0.764,26.7773,5.47,5.57,5.33,5.11,-1.0665,0.4085,NONE,0.2,-10.479,-0.9521,204523125.6,27.1898,HARD_REJECT,price_too_high,trend_unconfirmed,price_too_high;trend_unconfirmed
1238,002380,科远智慧,I65软件和信息技术服务业,baostock.query_stock_industry,2026-07-06,2026-07-10,31.87,0.9296,0.648,34.246,35.27,37.35,35.08,30.84,-3.4018,-0.0718,NONE,1.89,-13.0528,-9.9761,257455415.3,27.1884,HARD_REJECT,price_too_high,trend_unconfirmed,price_too_high;trend_unconfirmed
1239,002490,山东墨龙,C35专用设备制造业,baostock.query_stock_industry,2026-07-06,2026-07-10,7.68,0.9056,0.548,40.4022,7.01,8.27,8.9,7.68,-3.2107,-2.4293,NONE,0.36,-11.5912,-25.4214,330535227.45,27.0694,HARD_REJECT,price_too_high,trend_unconfirmed,price_too_high;trend_unconfirmed
1240,002577,雷柏科技,C39计算机、通信和其他电子设备制造业,baostock.query_stock_industry,2026-07-06,2026-07-10,18.48,0.7808,0.44,24.8649,18.7,17.9,17.56,18.71,1.2122,1.5706,NONE,0.96,-0.0506,15.1005,114516234.0,27.0346,HARD_REJECT,price_too_high,trend_unconfirmed,price_too_high;trend_unconfirmed
1241,002277,友阿股份,F52零售业,baostock.query_stock_industry,2026-07-06,2026-07-10,5.85,0.78,0.084,4.8387,6.12,6.27,6.63,6.68,-2.4627,0.411,NONE,0.3,-10.6132,0.2174,192201992.0,26.9845,HARD_REJECT,price_too_high,trend_unconfirmed,price_too_high;trend_unconfirmed
1242,002895,川恒股份,C26化学原料和化学制品制造业,baostock.query_stock_industry,2026-07-06,2026-07-10,28.55,0.7224,0.272,24.0226,30.57,33.34,36.55,33.2,-0.7372,-2.3356,NONE,1.46,-9.8045,-30.4892,346400818.15,26.9835,LOW_PRIORITY,,trend_unconfirmed,trend_unconfirmed
1243,002827,高争民爆,C26化学原料和化学制品制造业,baostock.query_stock_industry,2026-07-06,2026-07-10,22.86,0.6264,0.008,1.3747,24.8,28.55,31.89,36.04,-3.0231,-2.7171,NONE,1.04,-11.2754,-33.1522,93241295.65,26.9447,LOW_PRIORITY,,falling_knife;trend_unconfirmed,falling_knife;trend_unconfirmed
1244,000680,山推股份,C35专用设备制造业,baostock.query_stock_industry,2026-07-06,2026-07-10,10.19,0.844,0.288,12.8461,10.24,11.07,11.69,11.03,-0.78,-0.8407,NONE,0.44,-0.9168,-16.9659,221483311.15,26.9431,HARD_REJECT,price_too_high,trend_unconfirmed,price_too_high;trend_unconfirmed
1245,002494,华斯股份,C19皮革、毛皮、羽毛及其制品和制鞋业,baostock.query_stock_industry,2026-07-06,2026-07-10,4.61,0.536,0.04,3.8288,4.68,5.34,5.44,5.34,-2.6434,-0.9377,NONE,0.25,-9.1109,-16.2884,59806314.9,26.9328,LOW_PRIORITY,,trend_unconfirmed,trend_unconfirmed
1246,001216,华瓷股份,C30非金属矿物制品业,baostock.query_stock_industry,2026-07-06,2026-07-10,13.94,0.5414,0.072,4.812,15.36,16.74,17.79,16.77,-2.9569,-2.5276,NONE,0.8,-14.0768,-30.988,93241077.1,26.881,LOW_PRIORITY,,trend_unconfirmed,trend_unconfirmed
1247,000949,新乡化纤,C28化学纤维制造业,baostock.query_stock_industry,2026-07-06,2026-07-10,5.51,0.7736,0.5,45.0,6.47,7.13,7.06,5.7,-3.1447,-1.9808,NONE,0.46,-14.8117,-33.2451,388747232.75,26.8057,HARD_REJECT,price_too_high,trend_unconfirmed,price_too_high;trend_unconfirmed
1248,000554,泰山石油,F51批发业,baostock.query_stock_industry,2026-07-06,2026-07-10,5.93,0.6296,0.044,5.7041,5.99,6.98,7.71,7.25,-2.5868,-2.7537,NONE,0.24,-9.9395,-35.1581,91747286.7,26.805,LOW_PRIORITY,,falling_knife;trend_unconfirmed,falling_knife;trend_unconfirmed
1249,001212,中旗新材,C30非金属矿物制品业,baostock.query_stock_industry,2026-07-06,2026-07-10,39.07,0.7218,0.04,8.0177,45.82,50.67,51.29,49.85,-4.7955,-1.6399,NONE,2.57,-19.6087,-24.3066,355531055.75,26.756,LOW_PRIORITY,,falling_knife;trend_unconfirmed,falling_knife;trend_unconfirmed
1250,002983,芯瑞达,C39计算机、通信和其他电子设备制造业,baostock.query_stock_industry,2026-07-06,2026-07-10,24.17,0.7624,0.732,27.01,25.46,24.8,24.52,22.88,-0.4515,0.2932,NONE,1.78,-4.1255,-2.751,170431202.15,26.7441,HARD_REJECT,price_too_high,trend_unconfirmed,price_too_high;trend_unconfirmed
1251,000719,中原传媒,R86新闻和出版业,baostock.query_stock_industry,2026-07-06,2026-07-10,11.35,0.6464,0.016,4.6083,11.67,12.97,12.97,12.69,-2.1514,-1.1633,NONE,0.43,-9.1842,-23.13,67089773.25,26.7192,LOW_PRIORITY,,trend_unconfirmed,trend_unconfirmed
1252,002782,可立克,C39计算机、通信和其他电子设备制造业,baostock.query_stock_industry,2026-07-06,2026-07-10,17.4,0.736,0.288,34.8837,21.56,23.36,23.0,19.8,-6.3549,-1.1456,NONE,1.35,-24.0462,-25.843,394877740.45,26.7039,LOW_PRIORITY,,trend_unconfirmed,trend_unconfirmed
1253,002779,中坚科技,C35专用设备制造业,baostock.query_stock_industry,2026-07-06,2026-07-10,75.0,0.7384,0.128,11.3917,78.03,79.41,88.3,99.94,-0.397,-1.5761,NONE,4.66,-11.7158,-28.1522,318230727.6,26.5883,LOW_PRIORITY,,falling_knife;trend_unconfirmed,falling_knife;trend_unconfirmed
1254,002072,凯瑞德,F51批发业,baostock.query_stock_industry,2026-07-06,2026-07-10,7.41,0.8344,0.488,29.7723,8.53,7.99,7.74,7.46,-2.3417,0.3813,NONE,0.82,-17.0105,-5.8965,227936246.2,26.585,HARD_REJECT,price_too_high,trend_unconfirmed,price_too_high;trend_unconfirmed
1255,000885,城发环境,N77生态保护和环境治理业,baostock.query_stock_industry,2026-07-06,2026-07-10,12.27,0.5672,0.016,1.995,12.5,13.23,13.55,14.0,-0.628,-0.728,NONE,0.31,-4.6206,-14.0137,44779718.75,26.4677,LOW_PRIORITY,,trend_unconfirmed,trend_unconfirmed
1256,002062,宏润建设,E48土木工程建筑业,baostock.query_stock_industry,2026-07-06,2026-07-10,7.54,0.8504,0.276,60.4255,7.6,8.44,8.66,8.59,-1.5475,0.0632,NONE,0.46,-5.3821,0.7266,153662860.8,26.4618,HARD_REJECT,price_too_high,trend_unconfirmed,price_too_high;trend_unconfirmed
1257,000753,漳州发展,F52零售业,baostock.query_stock_industry,2026-07-06,2026-07-10,4.47,0.624,0.016,2.9954,4.67,5.62,6.38,6.86,-3.362,-3.6139,NONE,0.2,-10.6415,-38.8912,93616968.5,26.4523,LOW_PRIORITY,,falling_knife;trend_unconfirmed,falling_knife;trend_unconfirmed
1258,002676,顺威股份,C29橡胶和塑料制品业,baostock.query_stock_industry,2026-07-06,2026-07-10,4.99,0.6392,0.032,5.4968,5.16,5.97,6.79,7.96,-2.7623,-2.6082,NONE,0.25,-11.401,-34.1521,85374386.6,26.4382,LOW_PRIORITY,,falling_knife;trend_unconfirmed,falling_knife;trend_unconfirmed
1259,002870,香山股份,C36汽车制造业,baostock.query_stock_industry,2026-07-06,2026-07-10,37.8,0.8728,0.568,22.2114,39.32,39.52,38.81,37.15,-0.6971,0.5133,NONE,1.96,-6.6926,1.3893,153610164.5,26.3953,HARD_REJECT,price_too_high,trend_unconfirmed,price_too_high;trend_unconfirmed
1260,000573,粤宏远Ａ,C42废弃资源综合利用业,baostock.query_stock_industry,2026-07-06,2026-07-10,3.69,0.5664,0.044,10.1493,3.72,4.32,4.32,4.27,-4.9885,-1.8891,NONE,0.16,-12.8217,-27.5588,75019633.8,26.3894,LOW_PRIORITY,,trend_unconfirmed,trend_unconfirmed
1261,002067,景兴纸业,C22造纸和纸制品业,baostock.query_stock_industry,2026-07-06,2026-07-10,4.08,0.772,0.1,11.4754,3.97,4.57,4.98,5.14,-2.8295,-1.3867,NONE,0.23,-1.7987,-19.4338,209796912.45,26.3367,HARD_REJECT,price_too_high,falling_knife;trend_unconfirmed,falling_knife;price_too_high;trend_unconfirmed
1262,002170,芭田股份,C26化学原料和化学制品制造业,baostock.query_stock_industry,2026-07-06,2026-07-10,10.71,0.8352,0.196,6.8862,11.19,12.2,12.78,11.93,-0.2495,-1.5175,NONE,0.4,-4.6502,-24.6275,244997901.55,26.3121,HARD_REJECT,price_too_high,trend_unconfirmed,price_too_high;trend_unconfirmed
1263,002527,新时达,C34通用设备制造业,baostock.query_stock_industry,2026-07-06,2026-07-10,11.52,0.6736,0.004,0.0,13.22,13.67,14.55,15.8,-5.6194,-0.8452,NONE,0.83,-18.6117,-20.895,296139289.1,26.2548,LOW_PRIORITY,,falling_knife;trend_unconfirmed,falling_knife;trend_unconfirmed
1264,001225,和泰机电,C34通用设备制造业,baostock.query_stock_industry,2026-07-06,2026-07-10,40.15,0.5146,0.172,17.2605,41.55,47.24,56.3,51.67,-2.609,-1.4815,NONE,2.74,-8.1554,-22.2938,56199244.1,26.1747,LOW_PRIORITY,,falling_knife;trend_unconfirmed,falling_knife;trend_unconfirmed
1265,002951,金时科技,C23印刷和记录媒介复制业,baostock.query_stock_industry,2026-07-06,2026-07-10,14.51,0.8464,0.264,15.4336,14.95,16.37,15.67,15.5,-5.6726,0.1366,NONE,1.13,-11.743,-7.5713,193750209.75,26.1324,HARD_REJECT,price_too_high,trend_unconfirmed,price_too_high;trend_unconfirmed
1266,002848,高斯贝尔,C39计算机、通信和其他电子设备制造业,baostock.query_stock_industry,2026-07-06,2026-07-10,13.8,0.9568,0.8,92.7374,13.79,15.07,13.68,10.79,-0.4297,0.1507,NONE,0.76,5.6659,-7.8317,136166356.0,26.1296,HARD_REJECT,price_too_high,trend_unconfirmed,price_too_high;trend_unconfirmed
1267,000407,胜利股份,D45燃气生产和供应业,baostock.query_stock_industry,2026-07-06,2026-07-10,3.77,0.5152,0.352,11.2094,3.85,4.29,4.67,4.35,-1.7602,-1.6352,NONE,0.14,-7.5298,-24.3913,57010025.15,26.0854,LOW_PRIORITY,,trend_unconfirmed,trend_unconfirmed
1268,002215,诺 普 信,C26化学原料和化学制品制造业,baostock.query_stock_industry,2026-07-06,2026-07-10,8.82,0.6512,0.044,7.1689,8.98,9.55,10.3,11.02,0.0836,-1.2993,NONE,0.39,-0.048,-17.3656,183548118.6,26.0549,LOW_PRIORITY,,trend_unconfirmed,trend_unconfirmed
1269,002104,恒宝股份,C39计算机、通信和其他电子设备制造业,baostock.query_stock_industry,2026-07-06,2026-07-10,10.06,0.7496,0.012,4.1408,10.67,12.6,15.05,18.54,-3.1284,-3.6316,NONE,0.65,-11.0057,-40.4388,347042415.45,26.0224,LOW_PRIORITY,,falling_knife;trend_unconfirmed,falling_knife;trend_unconfirmed
1270,000599,青岛双星,C29橡胶和塑料制品业,baostock.query_stock_industry,2026-07-06,2026-07-10,4.38,0.5312,0.04,3.7915,4.46,5.11,5.77,5.77,-3.5143,-1.8639,NONE,0.14,-10.0609,-25.6568,61461542.65,26.0133,LOW_PRIORITY,,falling_knife;trend_unconfirmed,falling_knife;trend_unconfirmed
1271,002255,海陆重工,C34通用设备制造业,baostock.query_stock_industry,2026-07-06,2026-07-10,8.45,0.7848,0.096,4.1924,9.28,10.09,11.2,10.65,-0.8073,-1.5166,NONE,0.46,-6.686,-26.193,246575723.95,25.9845,HARD_REJECT,price_too_high,falling_knife;trend_unconfirmed,falling_knife;price_too_high;trend_unconfirmed
1272,002685,华东重机,C34通用设备制造业,baostock.query_stock_industry,2026-07-06,2026-07-10,5.82,0.6704,0.012,3.5587,6.4,7.67,7.46,7.69,-3.7527,-1.9225,NONE,0.32,-12.32,-32.1356,303786991.9,25.8907,LOW_PRIORITY,,falling_knife;trend_unconfirmed,falling_knife;trend_unconfirmed
1273,003019,宸展光电,C39计算机、通信和其他电子设备制造业,baostock.query_stock_industry,2026-07-06,2026-07-10,27.6,0.6624,0.02,4.4268,30.51,34.64,33.24,33.95,-5.5094,-1.3652,NONE,1.86,-11.1148,-24.7111,255616896.55,25.8723,LOW_PRIORITY,,falling_knife;trend_unconfirmed,falling_knife;trend_unconfirmed
1274,002830,名雕股份,E50建筑装饰、装修和其他建筑业,baostock.query_stock_industry,2026-07-06,2026-07-10,16.41,0.8312,0.156,13.0165,16.64,19.79,21.33,19.45,2.9766,-1.7003,NONE,1.35,6.3663,-27.6439,190574719.7,25.8542,HARD_REJECT,price_too_high,trend_unconfirmed,price_too_high;trend_unconfirmed
1275,002094,青岛金王,C26化学原料和化学制品制造业,baostock.query_stock_industry,2026-07-06,2026-07-10,4.38,0.5912,0.028,2.0979,4.55,5.32,6.38,7.31,-3.0342,-3.2772,NONE,0.17,-11.0016,-36.4213,77293830.25,25.8146,LOW_PRIORITY,,falling_knife;trend_unconfirmed,falling_knife;trend_unconfirmed
1276,002526,山东矿机,C35专用设备制造业,baostock.query_stock_industry,2026-07-06,2026-07-10,2.58,0.5072,0.028,2.381,2.68,3.06,3.39,3.64,-3.4353,-2.481,NONE,0.1,-11.7275,-30.5083,68426470.0,25.8104,LOW_PRIORITY,,falling_knife;trend_unconfirmed,falling_knife;trend_unconfirmed
1277,002418,康盛股份,C34通用设备制造业,baostock.query_stock_industry,2026-07-06,2026-07-10,3.64,0.7104,0.108,5.5072,4.08,5.07,4.96,4.7,-3.9896,-2.6939,NONE,0.28,-13.8109,-46.2868,332510977.75,25.8014,LOW_PRIORITY,,falling_knife;trend_unconfirmed,falling_knife;trend_unconfirmed
1278,002593,日上集团,C36汽车制造业,baostock.query_stock_industry,2026-07-06,2026-07-10,4.09,0.636,0.036,2.7638,4.18,4.76,5.24,5.38,-2.6297,-2.3378,NONE,0.16,-6.8536,-28.833,57508283.7,25.7441,LOW_PRIORITY,,falling_knife;trend_unconfirmed,falling_knife;trend_unconfirmed
1279,002112,三变科技,C38电气机械和器材制造业,baostock.query_stock_industry,2026-07-06,2026-07-10,15.49,0.8832,0.5,22.0646,16.63,18.78,20.77,17.06,-2.1675,-2.3458,NONE,0.81,-6.9747,-30.8121,257330576.15,25.7101,HARD_REJECT,price_too_high,trend_unconfirmed,price_too_high;trend_unconfirmed
1280,002523,天桥起重,C34通用设备制造业,baostock.query_stock_industry,2026-07-06,2026-07-10,2.99,0.5056,0.024,2.7491,3.11,3.53,3.95,3.99,-3.3006,-2.4644,NONE,0.12,-9.8736,-30.2402,62444996.85,25.6393,LOW_PRIORITY,,falling_knife;trend_unconfirmed,falling_knife;trend_unconfirmed
1281,002256,兆新股份,D44电力、热力生产和供应业,baostock.query_stock_industry,2026-07-06,2026-07-10,3.44,0.7608,0.388,52.8889,3.78,4.29,4.08,3.54,-4.21,-0.7828,NONE,0.19,-19.4061,-17.5651,245831836.1,25.56,HARD_REJECT,price_too_high,trend_unconfirmed,price_too_high;trend_unconfirmed
1282,002846,英联股份,C33金属制品业,baostock.query_stock_industry,2026-07-06,2026-07-10,9.88,0.6064,0.004,0.0,11.22,13.09,14.32,15.89,-3.0845,-2.5955,NONE,0.41,-14.339,-36.6232,77342294.15,25.5596,LOW_PRIORITY,,falling_knife;trend_unconfirmed,falling_knife;trend_unconfirmed
1283,002039,黔源电力,D44电力、热力生产和供应业,baostock.query_stock_industry,2026-07-06,2026-07-10,18.83,0.86,0.68,19.6315,19.79,20.57,19.58,18.32,-1.2227,-0.2199,NONE,0.72,-10.9124,-13.6868,191655002.2,25.55,HARD_REJECT,price_too_high,trend_unconfirmed,price_too_high;trend_unconfirmed
1284,002519,银河电子,C39计算机、通信和其他电子设备制造业,baostock.query_stock_industry,2026-07-06,2026-07-10,5.98,0.8072,0.48,31.7181,5.95,7.08,7.94,6.58,-3.3138,-2.7103,NONE,0.3,-5.3237,-28.3523,227649869.5,25.5018,HARD_REJECT,price_too_high,trend_unconfirmed,price_too_high;trend_unconfirmed
1285,002451,摩恩电气,C38电气机械和器材制造业,baostock.query_stock_industry,2026-07-06,2026-07-10,6.81,0.5776,0.108,3.4954,7.31,8.57,9.58,8.93,-3.3961,-2.6417,NONE,0.29,-12.0579,-34.372,68608721.15,25.4022,LOW_PRIORITY,,falling_knife;trend_unconfirmed,falling_knife;trend_unconfirmed
1286,002868,绿康生化,C27医药制造业,baostock.query_stock_industry,2026-07-06,2026-07-10,24.38,0.5848,0.124,10.3667,24.56,31.56,34.8,32.33,-1.4545,-3.3486,NONE,1.75,-4.3339,-43.0055,69938650.35,25.3928,LOW_PRIORITY,,falling_knife;trend_unconfirmed,falling_knife;trend_unconfirmed
1287,002583,海能达,C39计算机、通信和其他电子设备制造业,baostock.query_stock_industry,2026-07-06,2026-07-10,8.24,0.6688,0.044,7.2917,8.37,9.2,10.05,10.97,-2.856,-2.1885,NONE,0.32,-12.5178,-28.2785,254595877.45,25.3549,LOW_PRIORITY,,falling_knife;trend_unconfirmed,falling_knife;trend_unconfirmed
1288,002164,宁波东力,C34通用设备制造业,baostock.query_stock_industry,2026-07-06,2026-07-10,11.32,0.828,0.144,27.3341,12.26,13.01,13.18,13.01,-4.8417,-0.8033,NONE,0.7,-18.6831,-17.6239,232440990.45,25.3435,HARD_REJECT,price_too_high,trend_unconfirmed,price_too_high;trend_unconfirmed
1289,000695,滨海能源,C30非金属矿物制品业,baostock.query_stock_industry,2026-07-06,2026-07-10,12.51,0.7016,0.376,16.4804,12.97,14.25,13.65,13.17,-1.436,-0.4843,NONE,0.74,-2.6516,-14.8206,158142705.8,25.3195,LOW_PRIORITY,,trend_unconfirmed,trend_unconfirmed
1290,002448,中原内配,C36汽车制造业,baostock.query_stock_industry,2026-07-06,2026-07-10,11.32,0.8792,0.396,35.8944,12.5,13.91,14.32,12.36,-1.0334,-1.6904,NONE,0.65,-6.5035,-29.566,225776219.65,25.2209,HARD_REJECT,price_too_high,trend_unconfirmed,price_too_high;trend_unconfirmed
1291,000409,云鼎科技,I65软件和信息技术服务业,baostock.query_stock_industry,2026-07-06,2026-07-10,8.3,0.5168,0.024,2.3428,8.53,9.54,10.41,11.12,-3.0132,-1.986,NONE,0.28,-7.0997,-26.5726,47855770.95,25.2178,LOW_PRIORITY,,falling_knife;trend_unconfirmed,falling_knife;trend_unconfirmed
1292,002189,中光学,C39计算机、通信和其他电子设备制造业,baostock.query_stock_industry,2026-07-06,2026-07-10,19.85,0.6576,0.08,8.7076,20.67,21.25,21.51,23.17,-0.3086,0.117,NONE,1.15,-3.5276,-5.1341,128771997.0,25.2146,LOW_PRIORITY,,trend_unconfirmed,trend_unconfirmed
1293,002595,豪迈科技,C35专用设备制造业,baostock.query_stock_industry,2026-07-06,2026-07-10,45.77,0.6864,0.012,0.2848,47.75,61.2,74.19,69.27,-2.0271,-4.5178,NONE,1.83,-9.8075,-48.5963,294479433.85,25.1767,LOW_PRIORITY,,falling_knife;trend_unconfirmed,falling_knife;trend_unconfirmed
1294,002066,瑞泰科技,C30非金属矿物制品业,baostock.query_stock_industry,2026-07-06,2026-07-10,20.27,0.9384,0.692,71.1993,21.46,23.18,21.59,18.36,-2.8701,-0.1314,NONE,1.19,-11.4217,-12.1296,173456977.6,25.1629,HARD_REJECT,price_too_high,trend_unconfirmed,price_too_high;trend_unconfirmed
1295,000429,粤高速Ａ,G54道路运输业,baostock.query_stock_industry,2026-07-06,2026-07-10,13.5,0.9032,0.872,26.1682,13.72,13.36,12.82,12.44,0.6381,0.901,NONE,0.45,0.1929,2.9648,95850255.05,25.0279,HARD_REJECT,price_too_high,trend_unconfirmed,price_too_high;trend_unconfirmed
1296,002638,勤上股份,C38电气机械和器材制造业,baostock.query_stock_industry,2026-07-06,2026-07-10,3.88,0.9392,0.7,76.3636,3.99,4.32,3.93,3.29,-2.0157,-0.9167,NONE,0.24,-8.0416,-18.4027,178891872.0,25.0252,HARD_REJECT,price_too_high,trend_unconfirmed,price_too_high;trend_unconfirmed
1297,002246,北化股份,C26化学原料和化学制品制造业,baostock.query_stock_industry,2026-07-06,2026-07-10,17.85,0.8552,0.276,25.3511,19.15,21.95,22.26,20.06,-3.4072,-2.2695,NONE,0.85,-14.2377,-33.0908,270855498.25,25.0165,HARD_REJECT,price_too_high,trend_unconfirmed,price_too_high;trend_unconfirmed
1298,002664,信质集团,C36汽车制造业,baostock.query_stock_industry,2026-07-06,2026-07-10,17.71,0.6608,0.044,5.1663,18.35,20.04,21.79,23.38,-0.3422,-1.0133,NONE,1.01,0.4707,-19.5751,151890873.2,24.9608,LOW_PRIORITY,,falling_knife;trend_unconfirmed,falling_knife;trend_unconfirmed
1299,002103,广博股份,C24文教、工美、体育和娱乐用品制造业,baostock.query_stock_industry,2026-07-06,2026-07-10,6.0,0.5248,0.032,4.5296,6.08,7.1,8.16,9.08,-2.3435,-2.8075,NONE,0.24,-7.1193,-31.4411,48978316.3,24.8188,LOW_PRIORITY,,falling_knife;trend_unconfirmed,falling_knife;trend_unconfirmed
1300,002144,宏达高科,C17纺织业,baostock.query_stock_industry,2026-07-06,2026-07-10,10.77,0.5392,0.064,10.0102,10.4,12.42,13.61,13.19,-2.7076,-3.0352,NONE,0.46,-4.0209,-32.4899,45945266.9,24.7777,LOW_PRIORITY,,falling_knife;trend_unconfirmed,falling_knife;trend_unconfirmed
1301,002029,七 匹 狼,C18纺织服装、服饰业,baostock.query_stock_industry,2026-07-06,2026-07-10,8.0,0.856,0.284,18.6944,8.11,9.23,10.25,9.48,-0.8134,-1.8292,NONE,0.44,-3.8687,-24.7525,174848510.05,24.6951,HARD_REJECT,price_too_high,trend_unconfirmed,price_too_high;trend_unconfirmed
1302,002488,金固股份,C36汽车制造业,baostock.query_stock_industry,2026-07-06,2026-07-10,8.93,0.6752,0.128,14.9292,9.37,10.74,11.45,11.45,-2.4275,-2.0156,NONE,0.49,-8.5798,-28.1742,202065070.35,24.5973,LOW_PRIORITY,,falling_knife;trend_unconfirmed,falling_knife;trend_unconfirmed
1303,002445,中南文化,C33金属制品业,baostock.query_stock_industry,2026-07-06,2026-07-10,2.77,0.8664,0.6,18.3761,2.96,3.4,3.29,2.92,-4.6325,-1.7459,NONE,0.12,-15.5524,-24.6067,214649657.85,24.5584,HARD_REJECT,price_too_high,trend_unconfirmed,price_too_high;trend_unconfirmed
1304,000006,深振业Ａ,K70房地产业,baostock.query_stock_industry,2026-07-06,2026-07-10,7.08,0.7784,0.14,15.122,7.45,8.81,8.93,9.02,-3.6783,-1.5056,NONE,0.32,-11.1198,-21.9163,185547147.85,24.5461,HARD_REJECT,price_too_high,falling_knife;trend_unconfirmed,falling_knife;price_too_high;trend_unconfirmed
1305,002328,新朋股份,C36汽车制造业,baostock.query_stock_industry,2026-07-06,2026-07-10,7.34,0.9424,0.74,28.7719,7.62,9.49,8.36,7.37,-2.5265,-1.7195,NONE,0.38,-6.3561,-36.2181,224184138.35,24.5348,HARD_REJECT,price_too_high,trend_unconfirmed,price_too_high;trend_unconfirmed
1306,002047,宝鹰股份,E50建筑装饰、装修和其他建筑业,baostock.query_stock_industry,2026-07-06,2026-07-10,4.0,0.8008,0.528,116.2162,4.47,4.94,4.85,3.77,-1.3797,-1.0287,NONE,0.24,-5.157,-25.1518,165343048.2,24.2526,HARD_REJECT,price_too_high,trend_unconfirmed,price_too_high;trend_unconfirmed
1307,000533,顺钠股份,C38电气机械和器材制造业,baostock.query_stock_industry,2026-07-06,2026-07-10,8.9,0.8992,0.496,33.4333,9.83,12.05,12.48,9.98,-4.8854,-3.7192,NONE,0.44,-16.7905,-44.0538,242319306.45,24.1843,HARD_REJECT,price_too_high,trend_unconfirmed,price_too_high;trend_unconfirmed
1308,002205,国统股份,C30非金属矿物制品业,baostock.query_stock_industry,2026-07-06,2026-07-10,10.31,0.5016,0.032,3.2032,10.68,12.33,13.11,13.53,-3.8093,-1.6606,NONE,0.61,-13.3416,-25.065,40494880.7,24.116,LOW_PRIORITY,,falling_knife;trend_unconfirmed,falling_knife;trend_unconfirmed
1309,000697,炼石航空,C37铁路、船舶、航空航天和其他运输设备制造业,baostock.query_stock_industry,2026-07-06,2026-07-10,9.01,0.8824,0.58,24.1047,10.38,10.95,10.14,9.28,-3.3054,-0.264,NONE,0.42,-18.8772,-13.8651,167343588.95,24.068,HARD_REJECT,price_too_high,trend_unconfirmed,price_too_high;trend_unconfirmed
1310,002652,扬子新材,C33金属制品业,baostock.query_stock_industry,2026-07-06,2026-07-10,4.13,0.9136,0.572,28.2609,4.41,5.18,4.82,4.27,-3.258,-0.5087,NONE,0.3,-12.11,-17.1187,154214891.15,24.0218,HARD_REJECT,price_too_high,trend_unconfirmed,price_too_high;trend_unconfirmed
1311,002209,达 意 隆,C35专用设备制造业,baostock.query_stock_industry,2026-07-06,2026-07-10,10.17,0.6352,0.008,1.8018,10.78,13.01,14.4,14.91,-3.4392,-3.1759,NONE,0.54,-10.9109,-38.4377,52188837.35,23.9889,LOW_PRIORITY,,falling_knife;trend_unconfirmed,falling_knife;trend_unconfirmed
1312,002788,鹭燕医药,F51批发业,baostock.query_stock_industry,2026-07-06,2026-07-10,10.28,0.8856,0.428,28.6608,10.71,12.38,14.43,12.25,-2.2812,-4.1762,NONE,0.7,-8.3633,-34.1191,200403895.0,23.9833,HARD_REJECT,price_too_high,trend_unconfirmed,price_too_high;trend_unconfirmed
1313,003007,直真科技,I65软件和信息技术服务业,baostock.query_stock_industry,2026-07-06,2026-07-10,38.8,0.8992,0.508,32.1976,39.29,43.74,44.19,39.49,-0.4699,-1.2286,NONE,2.3,-0.7667,-16.5515,117033012.15,23.8992,HARD_REJECT,price_too_high,trend_unconfirmed,price_too_high;trend_unconfirmed
1314,002823,凯中精密,C38电气机械和器材制造业,baostock.query_stock_industry,2026-07-06,2026-07-10,13.78,0.6792,0.008,0.2911,15.27,16.47,16.21,16.16,-6.4242,-0.5534,NONE,0.75,-21.5655,-16.9972,177688124.9,23.7801,LOW_PRIORITY,,trend_unconfirmed,trend_unconfirmed
1315,002888,惠威科技,C39计算机、通信和其他电子设备制造业,baostock.query_stock_industry,2026-07-06,2026-07-10,18.48,0.736,0.16,6.085,20.7,20.29,20.24,19.7,-0.428,0.2289,NONE,0.96,-0.9306,-4.3796,85365802.85,23.662,LOW_PRIORITY,,trend_unconfirmed,trend_unconfirmed
1316,000679,大连友谊,F52零售业,baostock.query_stock_industry,2026-07-06,2026-07-10,5.98,0.6728,0.02,2.2222,6.45,6.62,6.84,7.69,-0.7081,-1.0198,NONE,0.39,-1.3109,-14.644,107590529.8,23.6449,LOW_PRIORITY,,falling_knife;trend_unconfirmed,falling_knife;trend_unconfirmed
1317,000890,法尔胜,C33金属制品业,baostock.query_stock_industry,2026-07-06,2026-07-10,7.38,0.9296,0.648,92.6893,8.34,11.28,10.2,7.26,-7.7655,-5.637,NONE,0.51,-26.2346,-48.3121,214733161.35,23.5763,HARD_REJECT,price_too_high,trend_unconfirmed,price_too_high;trend_unconfirmed
1318,003041,真爱美家,C17纺织业,baostock.query_stock_industry,2026-07-06,2026-07-10,43.66,0.8928,0.464,100.6434,44.21,52.04,54.96,43.32,-2.0949,-1.278,NONE,2.9,-3.3306,-22.2274,127051342.35,23.4613,HARD_REJECT,price_too_high,trend_unconfirmed,price_too_high;trend_unconfirmed
1319,002052,同洲电子,C39计算机、通信和其他电子设备制造业,baostock.query_stock_industry,2026-07-06,2026-07-10,8.08,0.7736,0.032,4.1237,8.31,9.68,10.73,12.31,-3.3597,-2.0653,NONE,0.52,-9.8046,-26.3661,158224736.65,23.4521,HARD_REJECT,price_too_high,falling_knife;trend_unconfirmed,falling_knife;price_too_high;trend_unconfirmed
1320,002298,中电鑫龙,C38电气机械和器材制造业,baostock.query_stock_industry,2026-07-06,2026-07-10,7.18,0.6592,0.088,7.6462,7.71,9.29,10.22,10.29,-3.5574,-2.5137,NONE,0.34,-10.3096,-33.834,185895456.65,23.4446,LOW_PRIORITY,,falling_knife;trend_unconfirmed,falling_knife;trend_unconfirmed
1321,001226,拓山重工,C34通用设备制造业,baostock.query_stock_industry,2026-07-06,2026-07-10,45.43,0.9064,0.648,63.948,48.68,48.88,47.81,42.8,-2.6126,0.2996,NONE,2.78,-10.6503,1.1683,86717572.1,23.3146,HARD_REJECT,price_too_high,trend_unconfirmed,price_too_high;trend_unconfirmed
1322,000899,赣能股份,D44电力、热力生产和供应业,baostock.query_stock_industry,2026-07-06,2026-07-10,9.64,0.7288,0.212,7.9507,10.56,12.44,12.39,11.09,-7.277,-2.0012,NONE,0.33,-26.0572,-30.1084,192095457.75,23.0213,LOW_PRIORITY,,trend_unconfirmed,trend_unconfirmed
1323,002265,建设工业,C36汽车制造业,baostock.query_stock_industry,2026-07-06,2026-07-10,17.5,0.6584,0.028,3.9192,18.21,20.75,22.5,27.03,-3.4613,-2.0216,NONE,0.83,-13.2827,-28.709,158107147.4,22.8664,LOW_PRIORITY,,falling_knife;trend_unconfirmed,falling_knife;trend_unconfirmed
1324,002403,爱仕达,C33金属制品业,baostock.query_stock_industry,2026-07-06,2026-07-10,9.81,0.6512,0.052,16.0947,9.69,10.47,11.06,12.73,-0.2522,-0.0287,NONE,0.68,-4.3741,-11.0052,89433820.5,22.8624,LOW_PRIORITY,,falling_knife;trend_unconfirmed,falling_knife;trend_unconfirmed
1325,001218,丽臣实业,C26化学原料和化学制品制造业,baostock.query_stock_industry,2026-07-06,2026-07-10,23.74,0.7598,0.556,33.3708,24.31,25.24,25.25,22.99,-0.7531,-0.3782,NONE,1.33,-5.1975,-9.8521,88010364.0,22.8237,HARD_REJECT,price_too_high,trend_unconfirmed,price_too_high;trend_unconfirmed
1326,002632,道明光学,C26化学原料和化学制品制造业,baostock.query_stock_industry,2026-07-06,2026-07-10,8.9,0.7536,0.024,6.9712,9.32,10.48,11.6,11.16,-3.4538,-2.3761,NONE,0.49,-9.4636,-29.9568,146550474.55,22.7565,HARD_REJECT,price_too_high,falling_knife;trend_unconfirmed,falling_knife;price_too_high;trend_unconfirmed
1327,002021,中捷资源,C35专用设备制造业,baostock.query_stock_industry,2026-07-06,2026-07-10,2.46,0.7632,0.204,6.4935,2.51,2.8,3.0,2.81,-1.085,-1.9214,NONE,0.17,1.1891,-25.3341,104801350.45,22.7049,HARD_REJECT,price_too_high,trend_unconfirmed,price_too_high;trend_unconfirmed
1328,000863,三湘印象,K70房地产业,baostock.query_stock_industry,2026-07-06,2026-07-10,4.26,0.7864,0.396,25.2941,4.31,4.83,5.3,4.69,-2.0892,-1.5486,NONE,0.27,-7.6845,-19.7419,111624513.0,22.668,HARD_REJECT,price_too_high,trend_unconfirmed,price_too_high;trend_unconfirmed
1329,002012,凯恩股份,C22造纸和纸制品业,baostock.query_stock_industry,2026-07-06,2026-07-10,6.11,0.7888,0.404,15.7197,6.67,7.13,6.93,6.39,-4.3737,-0.6525,NONE,0.34,-15.2545,-17.2726,124026626.7,22.6507,HARD_REJECT,price_too_high,trend_unconfirmed,price_too_high;trend_unconfirmed
1330,002725,跃岭股份,C36汽车制造业,baostock.query_stock_industry,2026-07-06,2026-07-10,11.53,0.6816,0.012,3.5009,12.59,14.81,15.3,15.21,-3.2666,-2.4879,NONE,0.79,-11.5832,-33.0406,158747550.0,22.6229,LOW_PRIORITY,,falling_knife;trend_unconfirmed,falling_knife;trend_unconfirmed
1331,002533,金杯电工,C38电气机械和器材制造业,baostock.query_stock_industry,2026-07-06,2026-07-10,10.53,0.7928,0.108,7.7789,10.94,12.45,13.31,12.48,-1.4945,-1.6113,NONE,0.43,-4.1706,-23.5582,109173315.35,22.5349,HARD_REJECT,price_too_high,trend_unconfirmed,price_too_high;trend_unconfirmed
1332,002836,新宏泽,C23印刷和记录媒介复制业,baostock.query_stock_industry,2026-07-06,2026-07-10,9.28,0.6104,0.04,2.5414,9.78,11.45,13.07,12.33,-3.3804,-2.733,NONE,0.44,-11.649,-31.3629,27947585.7,22.3835,LOW_PRIORITY,,falling_knife;trend_unconfirmed,falling_knife;trend_unconfirmed
1333,002553,南方精工,C36汽车制造业,baostock.query_stock_industry,2026-07-06,2026-07-10,15.8,0.7144,0.02,3.8108,16.56,19.97,23.23,25.59,-4.1407,-3.8992,NONE,0.87,-14.4022,-41.1578,165746500.4,22.2954,LOW_PRIORITY,,falling_knife;trend_unconfirmed,falling_knife;trend_unconfirmed
1334,002588,史丹利,C26化学原料和化学制品制造业,baostock.query_stock_industry,2026-07-06,2026-07-10,8.14,0.764,0.012,3.038,8.41,9.49,10.09,9.79,-1.3658,-2.0251,NONE,0.32,-6.2174,-27.2042,114297061.1,22.1785,HARD_REJECT,price_too_high,trend_unconfirmed,price_too_high;trend_unconfirmed
1335,000678,襄阳轴承,C36汽车制造业,baostock.query_stock_industry,2026-07-06,2026-07-10,8.47,0.7328,0.02,4.6972,9.0,11.12,12.25,13.58,-7.308,-3.4197,NONE,0.52,-18.596,-37.6357,156665817.95,22.0211,LOW_PRIORITY,,falling_knife;trend_unconfirmed,falling_knife;trend_unconfirmed
1336,002510,天汽模,C36汽车制造业,baostock.query_stock_industry,2026-07-06,2026-07-10,5.36,0.6824,0.02,2.0952,5.78,6.49,7.03,6.95,-4.729,-2.1048,NONE,0.3,-14.7196,-29.047,134816552.55,21.9221,LOW_PRIORITY,,falling_knife;trend_unconfirmed,falling_knife;trend_unconfirmed
1337,002320,海峡股份,G55水上运输业,baostock.query_stock_industry,2026-07-06,2026-07-10,6.38,0.6912,0.024,3.0695,6.58,7.53,8.73,9.6,-2.3321,-2.3267,NONE,0.23,-7.0716,-30.0748,113964611.45,21.7925,LOW_PRIORITY,,falling_knife;trend_unconfirmed,falling_knife;trend_unconfirmed
1338,002571,德力股份,C30非金属矿物制品业,baostock.query_stock_industry,2026-07-06,2026-07-10,10.41,0.904,0.52,79.7927,10.66,11.53,11.85,9.82,-4.8142,-1.2035,NONE,0.54,-13.7583,-16.5115,94651785.95,21.6282,HARD_REJECT,price_too_high,trend_unconfirmed,price_too_high;trend_unconfirmed
1339,000007,全新好,K70房地产业,baostock.query_stock_industry,2026-07-06,2026-07-10,11.1,0.8952,0.476,60.6368,12.71,13.18,12.89,10.59,-2.9875,-0.9892,NONE,0.77,-21.6267,-21.1004,114891146.35,21.2721,HARD_REJECT,price_too_high,trend_unconfirmed,price_too_high;trend_unconfirmed
1340,002358,森源电气,C38电气机械和器材制造业,baostock.query_stock_industry,2026-07-06,2026-07-10,5.31,0.8184,0.264,8.3673,5.67,6.58,7.14,6.22,-2.7754,-2.4379,NONE,0.23,-9.2831,-31.2933,109031112.95,21.2441,HARD_REJECT,price_too_high,trend_unconfirmed,price_too_high;trend_unconfirmed
1341,002357,富临运业,G54道路运输业,baostock.query_stock_industry,2026-07-06,2026-07-10,8.96,0.7984,0.032,4.3073,9.31,10.5,11.99,11.13,-2.6153,-2.1993,NONE,0.44,-5.2766,-25.6991,83096919.35,20.9763,HARD_REJECT,price_too_high,falling_knife;trend_unconfirmed,falling_knife;price_too_high;trend_unconfirmed
1342,002478,常宝股份,C33金属制品业,baostock.query_stock_industry,2026-07-06,2026-07-10,6.09,0.6752,0.296,15.5598,6.51,7.93,9.34,7.88,-3.1843,-4.8272,NONE,0.28,-13.1777,-48.3047,125879530.2,20.9734,LOW_PRIORITY,,falling_knife;trend_unconfirmed,falling_knife;trend_unconfirmed
1343,002014,永新股份,C29橡胶和塑料制品业,baostock.query_stock_industry,2026-07-06,2026-07-10,10.64,0.752,0.072,4.8276,10.76,11.03,11.55,11.57,1.019,-0.6946,NONE,0.48,-0.5533,-13.4158,50650718.65,20.609,HARD_REJECT,price_too_high,trend_unconfirmed,price_too_high;trend_unconfirmed
1344,002853,皮阿诺,C21家具制造业,baostock.query_stock_industry,2026-07-06,2026-07-10,22.3,0.8768,0.56,91.5808,21.35,24.75,25.73,19.64,-2.8157,-1.2165,NONE,1.34,-4.7741,-15.7658,58597251.0,20.5352,HARD_REJECT,price_too_high,trend_unconfirmed,price_too_high;trend_unconfirmed
1345,000586,汇源通信,C38电气机械和器材制造业,baostock.query_stock_industry,2026-07-06,2026-07-10,12.28,0.7,0.152,14.8737,13.87,16.88,16.22,14.47,-5.1586,-4.7795,NONE,0.77,-17.1436,-47.5819,113732131.8,20.4976,LOW_PRIORITY,,trend_unconfirmed,trend_unconfirmed
1346,002988,豪美新材,C32有色金属冶炼和压延加工业,baostock.query_stock_industry,2026-07-06,2026-07-10,21.24,0.656,0.004,0.0,23.4,29.06,32.03,37.14,-3.2962,-3.1724,NONE,1.43,-14.5816,-48.6125,111708171.45,20.4141,LOW_PRIORITY,,falling_knife;trend_unconfirmed,falling_knife;trend_unconfirmed
1347,002882,金龙羽,C38电气机械和器材制造业,baostock.query_stock_industry,2026-07-06,2026-07-10,17.65,0.704,0.008,1.4368,19.78,23.47,27.12,29.72,-2.9471,-3.0027,NONE,0.88,-12.4835,-39.3286,110817680.6,20.377,LOW_PRIORITY,,falling_knife;trend_unconfirmed,falling_knife;trend_unconfirmed
1348,002627,三峡旅游,N78公共设施管理业,baostock.query_stock_industry,2026-07-06,2026-07-10,5.71,0.704,0.176,7.1295,6.03,6.75,7.67,6.93,-3.1561,-2.3708,NONE,0.27,-9.2141,-28.8046,83602056.9,20.2988,LOW_PRIORITY,,trend_unconfirmed,trend_unconfirmed
1349,002040,南 京 港,G55水上运输业,baostock.query_stock_industry,2026-07-06,2026-07-10,7.74,0.7712,0.036,3.8926,8.02,9.16,9.86,10.14,-2.3918,-2.3081,NONE,0.29,-7.3788,-28.1024,72527354.75,19.9339,HARD_REJECT,price_too_high,falling_knife;trend_unconfirmed,falling_knife;price_too_high;trend_unconfirmed
1350,000905,厦门港务,F51批发业,baostock.query_stock_industry,2026-07-06,2026-07-10,7.89,0.6944,0.024,2.0699,8.2,9.59,10.96,10.45,-2.3221,-3.0549,NONE,0.26,-6.9329,-34.9183,83065647.35,19.8871,LOW_PRIORITY,,falling_knife;trend_unconfirmed,falling_knife;trend_unconfirmed
1351,002899,英派斯,C24文教、工美、体育和娱乐用品制造业,baostock.query_stock_industry,2026-07-06,2026-07-10,20.38,0.7048,0.032,3.1377,22.55,27.88,29.56,26.46,-4.378,-3.0344,NONE,1.18,-16.8517,-40.5266,98307162.85,19.827,LOW_PRIORITY,,falling_knife;trend_unconfirmed,falling_knife;trend_unconfirmed
1352,002347,泰尔股份,C34通用设备制造业,baostock.query_stock_industry,2026-07-06,2026-07-10,5.65,0.6528,0.016,3.8603,6.03,7.22,8.35,8.02,-4.4907,-2.8807,NONE,0.31,-13.1673,-35.699,93436506.05,19.7103,LOW_PRIORITY,,falling_knife;trend_unconfirmed,falling_knife;trend_unconfirmed
1353,002394,联发股份,C17纺织业,baostock.query_stock_industry,2026-07-06,2026-07-10,9.2,0.8136,0.072,11.6505,9.43,11.14,13.03,12.26,0.2553,-2.9601,NONE,0.61,-2.3861,-37.2805,74225177.4,19.6149,HARD_REJECT,price_too_high,trend_unconfirmed,price_too_high;trend_unconfirmed
1354,002887,绿茵生态,N77生态保护和环境治理业,baostock.query_stock_industry,2026-07-06,2026-07-10,10.35,0.8408,0.62,26.8382,10.88,12.43,11.61,10.37,-3.8275,-0.5708,NONE,0.59,-12.8493,-14.1984,54385885.3,19.583,HARD_REJECT,price_too_high,trend_unconfirmed,price_too_high;trend_unconfirmed
1355,000692,惠天热电,D44电力、热力生产和供应业,baostock.query_stock_industry,2026-07-06,2026-07-10,3.88,0.7864,0.556,13.4503,4.13,4.6,4.32,4.0,-4.4177,-0.587,NONE,0.17,-15.2798,-14.4106,56977437.65,19.5062,HARD_REJECT,price_too_high,trend_unconfirmed,price_too_high;trend_unconfirmed
1356,002811,郑中设计,M74专业技术服务业,baostock.query_stock_industry,2026-07-06,2026-07-10,11.07,0.8032,0.108,8.6359,11.57,12.45,13.67,13.1,-1.3092,-1.6856,NONE,0.6,-9.9742,-22.3121,57410839.05,19.2773,HARD_REJECT,price_too_high,trend_unconfirmed,price_too_high;trend_unconfirmed
1357,002278,神开股份,C35专用设备制造业,baostock.query_stock_industry,2026-07-06,2026-07-10,7.64,0.7568,0.024,3.8043,7.94,9.43,11.28,11.07,-3.6976,-3.3781,NONE,0.32,-11.0035,-37.1802,79225263.7,19.0461,HARD_REJECT,price_too_high,falling_knife;trend_unconfirmed,falling_knife;price_too_high;trend_unconfirmed
1358,002629,仁智股份,B11开采专业及辅助性活动,baostock.query_stock_industry,2026-07-06,2026-07-10,4.56,0.7152,0.036,6.0465,4.56,5.66,6.09,6.86,-2.9384,-3.0832,NONE,0.27,-8.0593,-44.4212,81075740.8,18.9656,LOW_PRIORITY,,falling_knife;trend_unconfirmed,falling_knife;trend_unconfirmed
1359,002259,升达林业,D45燃气生产和供应业,baostock.query_stock_industry,2026-07-06,2026-07-10,3.63,0.6688,0.012,0.8333,4.0,4.82,5.05,4.59,-5.2787,-2.8084,NONE,0.18,-21.5306,-35.0265,72825821.75,18.4996,LOW_PRIORITY,,falling_knife;trend_unconfirmed,falling_knife;trend_unconfirmed
1360,002058,威尔泰,C40仪器仪表制造业,baostock.query_stock_industry,2026-07-06,2026-07-10,18.08,0.8384,0.192,42.3622,20.71,23.43,22.93,21.69,-5.1882,-1.1121,NONE,0.89,-21.1465,-23.3419,56280935.4,17.9766,HARD_REJECT,price_too_high,trend_unconfirmed,price_too_high;trend_unconfirmed
1361,002633,申科股份,C34通用设备制造业,baostock.query_stock_industry,2026-07-06,2026-07-10,15.04,0.8072,0.052,11.0783,15.73,17.74,17.66,17.1,-2.6763,-1.3437,NONE,0.74,-10.5992,-21.2019,36917997.45,17.6431,HARD_REJECT,price_too_high,trend_unconfirmed,price_too_high;trend_unconfirmed
1362,002295,精艺股份,C32有色金属冶炼和压延加工业,baostock.query_stock_industry,2026-07-06,2026-07-10,8.35,0.7936,0.012,1.8293,9.04,10.23,10.9,11.3,-3.5261,-1.9466,NONE,0.39,-13.4161,-27.8985,38897668.95,16.8788,HARD_REJECT,price_too_high,falling_knife;trend_unconfirmed,falling_knife;price_too_high;trend_unconfirmed
